Route,Departing,Arriving,Carrier,Month,Sectors_Scheduled,Sectors_Flown,Cancellations,Departures_On_Time,Arrivals_On_Time,Departures_Delayed,Arrivals_Delayed,Departure %,Arrival %,Cancellation %
Brisbane-Hamilton Island,Brisbane,Hamilton Island,Qantas,January,2,2,0,1,1,1,1,50,50,0
Hamilton Island-Brisbane,Hamilton Island,Brisbane,Qantas,January,2,2,0,0,0,2,2,0,0,0
Brisbane-Hobart,Brisbane,Hobart,Qantas,January,3,3,0,2,2,1,1,66.7,66.7,0
Canberra-Sydney,Canberra,Sydney,Qantas,January,3,3,0,2,2,1,1,66.7,66.7,0
Hobart-Brisbane,Hobart,Brisbane,Qantas,January,3,3,0,2,2,1,1,66.7,66.7,0
Sydney-Canberra,Sydney,Canberra,Qantas,January,3,3,0,3,2,0,1,100,66.7,0
Cairns-Brisbane,Cairns,Brisbane,Rex Airlines,January,4,4,0,4,4,0,0,100,100,0
Canberra-Melbourne,Canberra,Melbourne,Qantas,January,4,4,0,3,4,1,0,75,100,0
Brisbane-Cairns,Brisbane,Cairns,Rex Airlines,January,5,5,0,4,4,1,1,80,80,0
Melbourne-Canberra,Melbourne,Canberra,Qantas,January,5,5,0,4,4,1,1,80,80,0
Adelaide-Gold Coast,Adelaide,Gold Coast,Qantas,January,8,8,0,7,6,1,2,87.5,75,0
Brisbane-Launceston,Brisbane,Launceston,Qantas,January,8,8,0,3,5,5,3,37.5,62.5,0
Brisbane-Mount Isa,Brisbane,Mount Isa,Qantas,January,8,8,0,3,4,5,4,37.5,50,0
Darwin-Perth,Darwin,Perth,Virgin Australia,January,8,8,0,6,7,2,1,75,87.5,0
Gold Coast-Adelaide,Gold Coast,Adelaide,Qantas,January,8,8,0,5,7,3,1,62.5,87.5,0
Launceston-Brisbane,Launceston,Brisbane,Qantas,January,8,8,0,6,6,2,2,75,75,0
Mount Isa-Brisbane,Mount Isa,Brisbane,Qantas,January,8,8,0,3,3,5,5,37.5,37.5,0
Perth-Darwin,Perth,Darwin,Virgin Australia,January,8,8,0,5,5,3,3,62.5,62.5,0
Melbourne-Mildura,Melbourne,Mildura,Bonza,January,9,9,0,2,3,7,6,22.2,33.3,0
Mildura-Melbourne,Mildura,Melbourne,Bonza,January,9,9,0,3,3,6,6,33.3,33.3,0
Karratha-Perth,Karratha,Perth,Qantas,January,10,10,0,8,9,2,1,80,90,0
Perth-Karratha,Perth,Karratha,Qantas,January,10,10,0,8,8,2,2,80,80,0
Newman-Perth,Newman,Perth,Virgin Australia,January,11,10,1,9,10,1,0,90,100,9.1
Perth-Newman,Perth,Newman,Virgin Australia,January,11,10,1,9,9,1,1,90,90,9.1
Cairns-Townsville,Cairns,Townsville,Rex Airlines,January,12,12,0,10,10,2,2,83.3,83.3,0
Adelaide-Melbourne,Adelaide,Melbourne,Qantas,January,13,12,1,10,8,2,4,83.3,66.7,7.7
Broome-Perth,Broome,Perth,Virgin Australia,January,13,13,0,5,10,8,3,38.5,76.9,0
Melbourne-Adelaide,Melbourne,Adelaide,Qantas,January,13,12,1,8,10,4,2,66.7,83.3,7.7
Perth-Broome,Perth,Broome,Virgin Australia,January,13,13,0,8,11,5,2,61.5,84.6,0
Townsville-Cairns,Townsville,Cairns,Rex Airlines,January,13,13,0,10,10,3,3,76.9,76.9,0
Adelaide-Alice Springs,Adelaide,Alice Springs,Virgin Australia,January,14,14,0,12,11,2,3,85.7,78.6,0
Adelaide-Canberra,Adelaide,Canberra,Virgin Australia,January,14,13,1,6,6,7,7,46.2,46.2,7.1
Alice Springs-Adelaide,Alice Springs,Adelaide,Virgin Australia,January,14,14,0,9,12,5,2,64.3,85.7,0
Brisbane-Mount Isa,Brisbane,Mount Isa,Virgin Australia,January,14,14,0,13,9,1,5,92.9,64.3,0
Canberra-Adelaide,Canberra,Adelaide,Virgin Australia,January,14,13,1,8,8,5,5,61.5,61.5,7.1
Melbourne-Sunshine Coast,Melbourne,Sunshine Coast,Bonza,January,14,14,0,7,7,7,7,50,50,0
Mount Isa-Brisbane,Mount Isa,Brisbane,Virgin Australia,January,14,14,0,12,10,2,4,85.7,71.4,0
Sunshine Coast-Melbourne,Sunshine Coast,Melbourne,Bonza,January,14,14,0,8,8,6,6,57.1,57.1,0
Brisbane-Mackay,Brisbane,Mackay,Qantas,January,15,14,1,12,12,2,2,85.7,85.7,6.7
Mackay-Brisbane,Mackay,Brisbane,Qantas,January,15,14,1,12,12,2,2,85.7,85.7,6.7
Darwin-Perth,Darwin,Perth,Virgin Australia,January,16,16,0,10,11,6,5,62.5,68.8,0
Perth-Darwin,Perth,Darwin,Virgin Australia,January,16,16,0,9,9,7,7,56.3,56.3,0
Gold Coast-Melbourne,Gold Coast,Melbourne,Bonza,January,17,17,0,15,12,2,5,88.2,70.6,0
Melbourne-Gold Coast,Melbourne,Gold Coast,Bonza,January,17,17,0,9,8,8,9,52.9,47.1,0
Broome-Perth,Broome,Perth,Virgin Australia,January,19,18,1,13,13,5,5,72.2,72.2,5.3
Kalgoorlie-Perth,Kalgoorlie,Perth,Qantas,January,19,19,0,16,16,3,3,84.2,84.2,0
Kalgoorlie-Perth,Kalgoorlie,Perth,Virgin Australia,January,19,19,0,15,17,4,2,78.9,89.5,0
Karratha-Perth,Karratha,Perth,Virgin Australia,January,19,19,0,14,16,5,3,73.7,84.2,0
Perth-Broome,Perth,Broome,Virgin Australia,January,19,18,1,14,15,4,3,77.8,83.3,5.3
Perth-Kalgoorlie,Perth,Kalgoorlie,Qantas,January,19,19,0,18,18,1,1,94.7,94.7,0
Perth-Kalgoorlie,Perth,Kalgoorlie,Virgin Australia,January,19,19,0,15,15,4,4,78.9,78.9,0
Perth-Karratha,Perth,Karratha,Virgin Australia,January,19,19,0,15,17,4,2,78.9,89.5,0
Perth-Port Hedland,Perth,Port Hedland,Virgin Australia,January,19,19,0,15,16,4,3,78.9,84.2,0
Port Hedland-Perth,Port Hedland,Perth,Virgin Australia,January,19,19,0,16,16,3,3,84.2,84.2,0
Melbourne-Sunshine Coast,Melbourne,Sunshine Coast,Qantas,January,20,20,0,15,12,5,8,75,60,0
Newman-Perth,Newman,Perth,Qantas,January,20,18,2,17,17,1,1,94.4,94.4,10
Perth-Newman,Perth,Newman,Qantas,January,20,18,2,17,18,1,0,94.4,100,10
Sunshine Coast-Melbourne,Sunshine Coast,Melbourne,Qantas,January,20,20,0,11,11,9,9,55,55,0
Hamilton Island-Sydney,Hamilton Island,Sydney,Jetstar,January,21,20,1,13,15,7,5,65,75,4.8
Sydney-Hamilton Island,Sydney,Hamilton Island,Jetstar,January,21,20,1,16,15,4,5,80,75,4.8
Brisbane-Proserpine,Brisbane,Proserpine,Qantas,January,22,21,1,17,17,4,4,81,81,4.5
Canberra-Gold Coast,Canberra,Gold Coast,Jetstar,January,22,22,0,15,18,7,4,68.2,81.8,0
Gold Coast-Canberra,Gold Coast,Canberra,Jetstar,January,22,22,0,14,15,8,7,63.6,68.2,0
Proserpine-Brisbane,Proserpine,Brisbane,Qantas,January,22,21,1,13,15,8,6,61.9,71.4,4.5
Brisbane-Launceston,Brisbane,Launceston,Virgin Australia,January,24,24,0,15,16,9,8,62.5,66.7,0
Launceston-Brisbane,Launceston,Brisbane,Virgin Australia,January,24,24,0,14,15,10,9,58.3,62.5,0
Brisbane-Darwin,Brisbane,Darwin,Jetstar,January,25,25,0,22,21,3,4,88,84,0
Brisbane-Hamilton Island,Brisbane,Hamilton Island,Qantas,January,26,24,2,17,14,7,10,70.8,58.3,7.7
Darwin-Brisbane,Darwin,Brisbane,Jetstar,January,26,26,0,22,23,4,3,84.6,88.5,0
Hamilton Island-Brisbane,Hamilton Island,Brisbane,Qantas,January,26,24,2,9,5,15,19,37.5,20.8,7.7
Brisbane-Emerald,Brisbane,Emerald,Virgin Australia,January,27,27,0,19,20,8,7,70.4,74.1,0
Brisbane-Hobart,Brisbane,Hobart,Qantas,January,27,27,0,25,24,2,3,92.6,88.9,0
Brisbane-Launceston,Brisbane,Launceston,Jetstar,January,27,27,0,18,18,9,9,66.7,66.7,0
Emerald-Brisbane,Emerald,Brisbane,Virgin Australia,January,27,27,0,21,20,6,7,77.8,74.1,0
Gold Coast-Melbourne,Gold Coast,Melbourne,Qantas,January,27,26,1,21,23,5,3,80.8,88.5,3.7
Hobart-Brisbane,Hobart,Brisbane,Qantas,January,27,26,1,23,23,3,3,88.5,88.5,3.7
Launceston-Brisbane,Launceston,Brisbane,Jetstar,January,27,27,0,14,21,13,6,51.9,77.8,0
Melbourne-Gold Coast,Melbourne,Gold Coast,Qantas,January,27,26,1,22,24,4,2,84.6,92.3,3.7
Adelaide-Perth,Adelaide,Perth,Virgin Australia,January,28,27,1,15,16,12,11,55.6,59.3,3.6
Brisbane-Perth,Brisbane,Perth,Jetstar,January,28,27,1,6,15,21,12,22.2,55.6,3.6
Darwin-Melbourne,Darwin,Melbourne,Jetstar,January,28,27,1,9,12,18,15,33.3,44.4,3.6
Melbourne-Darwin,Melbourne,Darwin,Jetstar,January,28,28,0,19,18,9,10,67.9,64.3,0
Melbourne-Darwin,Melbourne,Darwin,Qantas,January,28,27,1,8,5,19,22,29.6,18.5,3.6
Perth-Adelaide,Perth,Adelaide,Virgin Australia,January,28,27,1,20,20,7,7,74.1,74.1,3.6
Perth-Brisbane,Perth,Brisbane,Jetstar,January,28,27,1,11,10,16,17,40.7,37,3.6
Darwin-Perth,Darwin,Perth,Qantas,January,30,30,0,22,25,8,5,73.3,83.3,0
Melbourne-Canberra,Melbourne,Canberra,Rex Airlines,January,30,30,0,24,21,6,9,80,70,0
Melbourne-Darwin,Melbourne,Darwin,Virgin Australia,January,30,29,1,16,16,13,13,55.2,55.2,3.3
Adelaide-Brisbane,Adelaide,Brisbane,Jetstar,January,31,31,0,28,25,3,6,90.3,80.6,0
Adelaide-Perth,Adelaide,Perth,Jetstar,January,31,31,0,22,26,9,5,71,83.9,0
Adelaide-Sydney,Adelaide,Sydney,Rex Airlines,January,31,31,0,19,18,12,13,61.3,58.1,0
Brisbane-Adelaide,Brisbane,Adelaide,Jetstar,January,31,31,0,24,26,7,5,77.4,83.9,0
Brisbane-Canberra,Brisbane,Canberra,Jetstar,January,31,31,0,15,17,16,14,48.4,54.8,0
Brisbane-Darwin,Brisbane,Darwin,Virgin Australia,January,31,31,0,20,24,11,7,64.5,77.4,0
Brisbane-Mackay,Brisbane,Mackay,Jetstar,January,31,31,0,26,27,5,4,83.9,87.1,0
Canberra-Brisbane,Canberra,Brisbane,Jetstar,January,31,31,0,18,15,13,16,58.1,48.4,0
Canberra-Gold Coast,Canberra,Gold Coast,Virgin Australia,January,31,31,0,26,25,5,6,83.9,80.6,0
Canberra-Melbourne,Canberra,Melbourne,Jetstar,January,31,31,0,16,14,15,17,51.6,45.2,0
Canberra-Melbourne,Canberra,Melbourne,Rex Airlines,January,31,31,0,20,18,11,13,64.5,58.1,0
Darwin-Brisbane,Darwin,Brisbane,Virgin Australia,January,31,31,0,20,24,11,7,64.5,77.4,0
Darwin-Melbourne,Darwin,Melbourne,Qantas,January,31,31,0,29,11,2,20,93.5,35.5,0
Darwin-Melbourne,Darwin,Melbourne,Virgin Australia,January,31,29,2,17,19,12,10,58.6,65.5,6.5
Gold Coast-Canberra,Gold Coast,Canberra,Virgin Australia,January,31,31,0,17,18,14,13,54.8,58.1,0
Gold Coast-Melbourne,Gold Coast,Melbourne,Rex Airlines,January,31,31,0,26,26,5,5,83.9,83.9,0
Gold Coast-Sydney,Gold Coast,Sydney,Rex Airlines,January,31,31,0,22,24,9,7,71,77.4,0
Hamilton Island-Sydney,Hamilton Island,Sydney,Qantas,January,31,30,1,23,24,7,6,76.7,80,3.2
Hamilton Island-Sydney,Hamilton Island,Sydney,Virgin Australia,January,31,30,1,11,5,19,25,36.7,16.7,3.2
Launceston-Sydney,Launceston,Sydney,Virgin Australia,January,31,31,0,12,10,19,21,38.7,32.3,0
Mackay-Brisbane,Mackay,Brisbane,Jetstar,January,31,31,0,26,25,5,6,83.9,80.6,0
Melbourne-Canberra,Melbourne,Canberra,Jetstar,January,31,31,0,17,18,14,13,54.8,58.1,0
Melbourne-Gold Coast,Melbourne,Gold Coast,Rex Airlines,January,31,31,0,28,28,3,3,90.3,90.3,0
Perth-Adelaide,Perth,Adelaide,Jetstar,January,31,31,0,26,25,5,6,83.9,80.6,0
Perth-Darwin,Perth,Darwin,Qantas,January,31,31,0,30,25,1,6,96.8,80.6,0
Sydney-Adelaide,Sydney,Adelaide,Rex Airlines,January,31,31,0,20,18,11,13,64.5,58.1,0
Sydney-Gold Coast,Sydney,Gold Coast,Rex Airlines,January,31,31,0,24,25,7,6,77.4,80.6,0
Sydney-Hamilton Island,Sydney,Hamilton Island,Qantas,January,31,30,1,24,27,6,3,80,90,3.2
Sydney-Hamilton Island,Sydney,Hamilton Island,Virgin Australia,January,31,30,1,21,19,9,11,70,63.3,3.2
Sydney-Launceston,Sydney,Launceston,Virgin Australia,January,31,31,0,18,18,13,13,58.1,58.1,0
Melbourne-Newcastle,Melbourne,Newcastle,Qantas,January,34,33,1,29,25,4,8,87.9,75.8,2.9
Newcastle-Melbourne,Newcastle,Melbourne,Qantas,January,34,31,3,21,15,10,16,67.7,48.4,8.8
Adelaide-Gold Coast,Adelaide,Gold Coast,Jetstar,January,35,35,0,29,30,6,5,82.9,85.7,0
Brisbane-Gladstone,Brisbane,Gladstone,Virgin Australia,January,35,34,1,21,19,13,15,61.8,55.9,2.9
Gladstone-Brisbane,Gladstone,Brisbane,Virgin Australia,January,35,34,1,17,15,17,19,50,44.1,2.9
Gold Coast-Adelaide,Gold Coast,Adelaide,Jetstar,January,35,35,0,27,30,8,5,77.1,85.7,0
Devonport-Melbourne,Devonport,Melbourne,Rex Airlines,January,36,36,0,28,28,8,8,77.8,77.8,0
Melbourne-Devonport,Melbourne,Devonport,Rex Airlines,January,36,36,0,28,27,8,9,77.8,75,0
Melbourne-Sunshine Coast,Melbourne,Sunshine Coast,Qantas,January,38,37,1,29,32,8,5,78.4,86.5,2.6
Hobart-Sydney,Hobart,Sydney,Qantas,January,39,39,0,28,30,11,9,71.8,76.9,0
Sunshine Coast-Melbourne,Sunshine Coast,Melbourne,Qantas,January,39,38,1,23,20,15,18,60.5,52.6,2.6
Sydney-Hobart,Sydney,Hobart,Qantas,January,39,39,0,28,30,11,9,71.8,76.9,0
Adelaide-Gold Coast,Adelaide,Gold Coast,Virgin Australia,January,42,42,0,32,31,10,11,76.2,73.8,0
Gold Coast-Adelaide,Gold Coast,Adelaide,Virgin Australia,January,42,42,0,24,28,18,14,57.1,66.7,0
Launceston-Sydney,Launceston,Sydney,Qantas,January,42,39,3,35,35,4,4,89.7,89.7,7.1
Melbourne-Newcastle,Melbourne,Newcastle,Virgin Australia,January,42,42,0,32,27,10,15,76.2,64.3,0
Newcastle-Melbourne,Newcastle,Melbourne,Virgin Australia,January,42,42,0,25,23,17,19,59.5,54.8,0
Sydney-Launceston,Sydney,Launceston,Qantas,January,42,40,2,35,33,5,7,87.5,82.5,4.8
Adelaide-Alice Springs,Adelaide,Alice Springs,Qantas,January,43,43,0,40,39,3,4,93,90.7,0
Alice Springs-Adelaide,Alice Springs,Adelaide,Qantas,January,43,43,0,38,38,5,5,88.4,88.4,0
Ballina-Sydney,Ballina,Sydney,Virgin Australia,January,44,41,3,31,33,10,8,75.6,80.5,6.8
Brisbane-Hamilton Island,Brisbane,Hamilton Island,Virgin Australia,January,44,43,1,34,33,9,10,79.1,76.7,2.3
Brisbane-Hobart,Brisbane,Hobart,Jetstar,January,44,43,1,32,31,11,12,74.4,72.1,2.3
Brisbane-Mount Isa,Brisbane,Mount Isa,Qantas,January,44,44,0,40,42,4,2,90.9,95.5,0
Hamilton Island-Brisbane,Hamilton Island,Brisbane,Virgin Australia,January,44,43,1,32,34,11,9,74.4,79.1,2.3
Hobart-Brisbane,Hobart,Brisbane,Jetstar,January,44,43,1,26,28,17,15,60.5,65.1,2.3
Mount Isa-Brisbane,Mount Isa,Brisbane,Qantas,January,44,44,0,43,41,1,3,97.7,93.2,0
Perth-Port Hedland,Perth,Port Hedland,Virgin Australia,January,44,41,3,36,35,5,6,87.8,85.4,6.8
Port Hedland-Perth,Port Hedland,Perth,Virgin Australia,January,44,40,4,34,33,6,7,85,82.5,9.1
Sydney-Ballina,Sydney,Ballina,Virgin Australia,January,44,43,1,33,31,10,12,76.7,72.1,2.3
Brisbane-Proserpine,Brisbane,Proserpine,Virgin Australia,January,45,43,2,35,32,8,11,81.4,74.4,4.4
Hobart-Melbourne,Hobart,Melbourne,Rex Airlines,January,45,45,0,40,36,5,9,88.9,80,0
Melbourne-Hobart,Melbourne,Hobart,Rex Airlines,January,45,45,0,40,41,5,4,88.9,91.1,0
Proserpine-Brisbane,Proserpine,Brisbane,Virgin Australia,January,45,43,2,30,27,13,16,69.8,62.8,4.4
Cairns-Melbourne,Cairns,Melbourne,Qantas,January,47,45,2,37,37,8,8,82.2,82.2,4.3
Melbourne-Cairns,Melbourne,Cairns,Qantas,January,47,45,2,37,38,8,7,82.2,84.4,4.3
Newman-Perth,Newman,Perth,Virgin Australia,January,48,46,2,31,33,15,13,67.4,71.7,4.2
Perth-Newman,Perth,Newman,Virgin Australia,January,48,46,2,41,40,5,6,89.1,87,4.2
Townsville-Brisbane,Townsville,Brisbane,Qantas,January,48,46,2,38,36,8,10,82.6,78.3,4.2
Hobart-Sydney,Hobart,Sydney,Qantas,January,50,49,1,41,42,8,7,83.7,85.7,2
Sydney-Hobart,Sydney,Hobart,Qantas,January,50,49,1,35,39,14,10,71.4,79.6,2
Brisbane-Proserpine,Brisbane,Proserpine,Jetstar,January,51,49,2,24,27,25,22,49,55.1,3.9
Brisbane-Townsville,Brisbane,Townsville,Qantas,January,51,48,3,39,38,9,10,81.3,79.2,5.9
Proserpine-Brisbane,Proserpine,Brisbane,Jetstar,January,51,49,2,19,19,30,30,38.8,38.8,3.9
Ballina-Sydney,Ballina,Sydney,Qantas,January,52,51,1,40,37,11,14,78.4,72.5,1.9
Karratha-Perth,Karratha,Perth,Virgin Australia,January,53,53,0,43,42,10,11,81.1,79.2,0
Perth-Karratha,Perth,Karratha,Virgin Australia,January,53,53,0,43,41,10,12,81.1,77.4,0
Sydney-Ballina,Sydney,Ballina,Qantas,January,53,52,1,39,38,13,14,75,73.1,1.9
Brisbane-Townsville,Brisbane,Townsville,Jetstar,January,54,53,1,31,31,22,22,58.5,58.5,1.9
Kalgoorlie-Perth,Kalgoorlie,Perth,Qantas,January,54,52,2,40,38,12,14,76.9,73.1,3.7
Perth-Kalgoorlie,Perth,Kalgoorlie,Qantas,January,54,53,1,42,40,11,13,79.2,75.5,1.9
Townsville-Brisbane,Townsville,Brisbane,Jetstar,January,54,53,1,27,27,26,26,50.9,50.9,1.9
Adelaide-Melbourne,Adelaide,Melbourne,Rex Airlines,January,55,55,0,41,41,14,14,74.5,74.5,0
Hobart-Melbourne,Hobart,Melbourne,Qantas,January,56,55,1,46,44,9,11,83.6,80,1.8
Melbourne-Hobart,Melbourne,Hobart,Qantas,January,56,56,0,41,44,15,12,73.2,78.6,0
Melbourne-Adelaide,Melbourne,Adelaide,Rex Airlines,January,57,57,0,47,45,10,12,82.5,78.9,0
Port Macquarie-Sydney,Port Macquarie,Sydney,Rex Airlines,January,57,57,0,46,44,11,13,80.7,77.2,0
Sydney-Sunshine Coast,Sydney,Sunshine Coast,Qantas,January,57,57,0,46,47,11,10,80.7,82.5,0
Albury-Sydney,Albury,Sydney,Rex Airlines,January,58,58,0,54,55,4,3,93.1,94.8,0
Brisbane-Newcastle,Brisbane,Newcastle,Jetstar,January,58,58,0,48,47,10,11,82.8,81,0
Newcastle-Brisbane,Newcastle,Brisbane,Jetstar,January,58,58,0,46,44,12,14,79.3,75.9,0
Perth-Adelaide,Perth,Adelaide,Virgin Australia,January,58,56,2,45,30,11,26,80.4,53.6,3.4
Sunshine Coast-Sydney,Sunshine Coast,Sydney,Qantas,January,58,58,0,40,44,18,14,69,75.9,0
Sydney-Albury,Sydney,Albury,Rex Airlines,January,58,58,0,55,55,3,3,94.8,94.8,0
Sydney-Port Macquarie,Sydney,Port Macquarie,Rex Airlines,January,58,58,0,46,46,12,12,79.3,79.3,0
Adelaide-Perth,Adelaide,Perth,Virgin Australia,January,59,58,1,28,29,30,29,48.3,50,1.7
Brisbane-Hobart,Brisbane,Hobart,Virgin Australia,January,59,57,2,44,45,13,12,77.2,78.9,3.4
Hobart-Brisbane,Hobart,Brisbane,Virgin Australia,January,59,55,4,37,37,18,18,67.3,67.3,6.8
Hobart-Melbourne,Hobart,Melbourne,Qantas,January,59,58,1,41,35,17,23,70.7,60.3,1.7
Melbourne-Hobart,Melbourne,Hobart,Qantas,January,59,58,1,47,46,11,12,81,79.3,1.7
Launceston-Sydney,Launceston,Sydney,Jetstar,January,60,59,1,48,48,11,11,81.4,81.4,1.7
Perth-Sydney,Perth,Sydney,Jetstar,January,60,59,1,32,40,27,19,54.2,67.8,1.7
Sydney-Launceston,Sydney,Launceston,Jetstar,January,60,59,1,49,54,10,5,83.1,91.5,1.7
Sydney-Perth,Sydney,Perth,Jetstar,January,60,60,0,41,43,19,17,68.3,71.7,0
Wagga Wagga-Sydney,Wagga Wagga,Sydney,Rex Airlines,January,60,60,0,47,46,13,14,78.3,76.7,0
Brisbane-Darwin,Brisbane,Darwin,Qantas,January,61,60,1,44,47,16,13,73.3,78.3,1.6
Cairns-Sydney,Cairns,Sydney,Qantas,January,61,61,0,49,49,12,12,80.3,80.3,0
Mildura-Melbourne,Mildura,Melbourne,Rex Airlines,January,61,61,0,43,32,18,29,70.5,52.5,0
Sydney-Cairns,Sydney,Cairns,Qantas,January,61,61,0,44,49,17,12,72.1,80.3,0
Sydney-Wagga Wagga,Sydney,Wagga Wagga,Rex Airlines,January,61,61,0,51,53,10,8,83.6,86.9,0
Canberra-Adelaide,Canberra,Adelaide,Qantas,January,62,62,0,48,49,14,13,77.4,79,0
Darwin-Brisbane,Darwin,Brisbane,Qantas,January,62,61,1,47,38,14,23,77,62.3,1.6
Melbourne-Mildura,Melbourne,Mildura,Rex Airlines,January,62,62,0,49,46,13,16,79,74.2,0
Adelaide-Canberra,Adelaide,Canberra,Qantas,January,63,63,0,57,57,6,6,90.5,90.5,0
Melbourne-Newcastle,Melbourne,Newcastle,Jetstar,January,63,63,0,42,45,21,18,66.7,71.4,0
Newcastle-Melbourne,Newcastle,Melbourne,Jetstar,January,63,63,0,41,43,22,20,65.1,68.3,0
Melbourne-Brisbane,Melbourne,Brisbane,Rex Airlines,January,66,65,1,52,45,13,20,80,69.2,1.5
Brisbane-Melbourne,Brisbane,Melbourne,Rex Airlines,January,67,66,1,46,47,20,19,69.7,71.2,1.5
Kalgoorlie-Perth,Kalgoorlie,Perth,Virgin Australia,January,71,68,3,53,51,15,17,77.9,75,4.2
Perth-Kalgoorlie,Perth,Kalgoorlie,Virgin Australia,January,71,68,3,58,56,10,12,85.3,82.4,4.2
Gold Coast-Melbourne,Gold Coast,Melbourne,Qantas,January,72,71,1,47,51,24,20,66.2,71.8,1.4
Melbourne-Gold Coast,Melbourne,Gold Coast,Qantas,January,72,71,1,56,60,15,11,78.9,84.5,1.4
Dubbo-Sydney,Dubbo,Sydney,Rex Airlines,January,73,73,0,59,54,14,19,80.8,74,0
Brisbane-Townsville,Brisbane,Townsville,Qantas,January,74,70,4,41,42,29,28,58.6,60,5.4
Sunshine Coast-Sydney,Sunshine Coast,Sydney,Virgin Australia,January,74,74,0,50,40,24,34,67.6,54.1,0
Sydney-Sunshine Coast,Sydney,Sunshine Coast,Virgin Australia,January,74,74,0,60,55,14,19,81.1,74.3,0
Townsville-Brisbane,Townsville,Brisbane,Qantas,January,74,70,4,40,36,30,34,57.1,51.4,5.4
Hobart-Sydney,Hobart,Sydney,Virgin Australia,January,75,74,1,62,57,12,17,83.8,77,1.3
Sydney-Hobart,Sydney,Hobart,Virgin Australia,January,75,74,1,65,64,9,10,87.8,86.5,1.3
Brisbane-Cairns,Brisbane,Cairns,Qantas,January,76,75,1,69,70,6,5,92,93.3,1.3
Cairns-Brisbane,Cairns,Brisbane,Qantas,January,76,74,2,70,70,4,4,94.6,94.6,2.6
Sydney-Dubbo,Sydney,Dubbo,Rex Airlines,January,77,77,0,68,68,9,9,88.3,88.3,0
Brisbane-Cairns,Brisbane,Cairns,Qantas,January,79,77,2,45,51,32,26,58.4,66.2,2.5
Cairns-Brisbane,Cairns,Brisbane,Qantas,January,79,77,2,43,39,34,38,55.8,50.6,2.5
Cairns-Melbourne,Cairns,Melbourne,Virgin Australia,January,79,70,9,52,50,18,20,74.3,71.4,11.4
Melbourne-Cairns,Melbourne,Cairns,Virgin Australia,January,80,71,9,58,62,13,9,81.7,87.3,11.3
Newcastle-Brisbane,Newcastle,Brisbane,Virgin Australia,January,80,78,2,59,54,19,24,75.6,69.2,2.5
Brisbane-Newcastle,Brisbane,Newcastle,Virgin Australia,January,81,80,1,45,46,35,34,56.3,57.5,1.2
Perth-Broome,Perth,Broome,Qantas,January,82,81,1,65,69,16,12,80.2,85.2,1.2
Broome-Perth,Broome,Perth,Qantas,January,83,80,3,67,62,13,18,83.8,77.5,3.6
Brisbane-Canberra,Brisbane,Canberra,Virgin Australia,January,87,86,1,53,57,33,29,61.6,66.3,1.1
Canberra-Brisbane,Canberra,Brisbane,Virgin Australia,January,87,86,1,51,47,35,39,59.3,54.7,1.1
Melbourne-Sunshine Coast,Melbourne,Sunshine Coast,Jetstar,January,88,87,1,61,61,26,26,70.1,70.1,1.1
Sunshine Coast-Melbourne,Sunshine Coast,Melbourne,Jetstar,January,89,87,2,47,50,40,37,54,57.5,2.2
Sydney-Ballina,Sydney,Ballina,Jetstar,January,90,90,0,73,77,17,13,81.1,85.6,0
Ballina-Sydney,Ballina,Sydney,Jetstar,January,91,90,1,69,75,21,15,76.7,83.3,1.1
Launceston-Melbourne,Launceston,Melbourne,Qantas,January,91,89,2,70,71,19,18,78.7,79.8,2.2
Melbourne-Perth,Melbourne,Perth,Jetstar,January,91,90,1,53,63,37,27,58.9,70,1.1
Melbourne-Launceston,Melbourne,Launceston,Qantas,January,92,90,2,65,58,25,32,72.2,64.4,2.2
Perth-Melbourne,Perth,Melbourne,Jetstar,January,92,89,3,56,63,33,26,62.9,70.8,3.3
Sydney-Cairns,Sydney,Cairns,Virgin Australia,January,92,89,3,78,75,11,14,87.6,84.3,3.3
Adelaide-Perth,Adelaide,Perth,Qantas,January,93,93,0,79,81,14,12,84.9,87.1,0
Cairns-Sydney,Cairns,Sydney,Virgin Australia,January,93,89,4,70,69,19,20,78.7,77.5,4.3
Perth-Adelaide,Perth,Adelaide,Qantas,January,94,93,1,86,83,7,10,92.5,89.2,1.1
Coffs Harbour-Sydney,Coffs Harbour,Sydney,Rex Airlines,January,95,95,0,81,80,14,15,85.3,84.2,0
Albury-Sydney,Albury,Sydney,Qantas,January,96,95,1,78,76,17,19,82.1,80,1
Sydney-Coffs Harbour,Sydney,Coffs Harbour,Rex Airlines,January,96,96,0,83,84,13,12,86.5,87.5,0
Dubbo-Sydney,Dubbo,Sydney,Qantas,January,97,97,0,81,80,16,17,83.5,82.5,0
Sydney-Albury,Sydney,Albury,Qantas,January,97,96,1,69,75,27,21,71.9,78.1,1
Wagga Wagga-Sydney,Wagga Wagga,Sydney,Qantas,January,97,96,1,76,76,20,20,79.2,79.2,1
Sydney-Dubbo,Sydney,Dubbo,Qantas,January,98,98,0,76,81,22,17,77.6,82.7,0
Sydney-Wagga Wagga,Sydney,Wagga Wagga,Qantas,January,98,97,1,76,76,21,21,78.4,78.4,1
Brisbane-Cairns,Brisbane,Cairns,Jetstar,January,102,100,2,69,72,31,28,69,72,2
Brisbane-Newcastle,Brisbane,Newcastle,Qantas,January,102,97,5,76,70,21,27,78.4,72.2,4.9
Cairns-Brisbane,Cairns,Brisbane,Jetstar,January,102,100,2,82,75,18,25,82,75,2
Newcastle-Brisbane,Newcastle,Brisbane,Qantas,January,102,95,7,77,77,18,18,81.1,81.1,6.9
Newman-Perth,Newman,Perth,Qantas,January,102,94,8,68,68,26,26,72.3,72.3,7.8
Perth-Newman,Perth,Newman,Qantas,January,102,94,8,83,82,11,12,88.3,87.2,7.8
Brisbane-Emerald,Brisbane,Emerald,Qantas,January,105,104,1,75,81,29,23,72.1,77.9,1
Emerald-Brisbane,Emerald,Brisbane,Qantas,January,105,103,2,82,74,21,29,79.6,71.8,1.9
Launceston-Melbourne,Launceston,Melbourne,Virgin Australia,January,105,100,5,78,76,22,24,78,76,4.8
Melbourne-Launceston,Melbourne,Launceston,Virgin Australia,January,105,101,4,76,73,25,28,75.2,72.3,3.8
Melbourne-Sunshine Coast,Melbourne,Sunshine Coast,Virgin Australia,January,105,104,1,83,84,21,20,79.8,80.8,1
Port Macquarie-Sydney,Port Macquarie,Sydney,Qantas,January,105,102,3,83,81,19,21,81.4,79.4,2.9
Sunshine Coast-Melbourne,Sunshine Coast,Melbourne,Virgin Australia,January,105,102,3,78,52,24,50,76.5,51,2.9
Sydney-Port Macquarie,Sydney,Port Macquarie,Qantas,January,105,104,1,84,86,20,18,80.8,82.7,1
Mildura-Melbourne,Mildura,Melbourne,Qantas,January,107,104,3,69,69,35,35,66.3,66.3,2.8
Melbourne-Mildura,Melbourne,Mildura,Qantas,January,108,106,2,75,63,31,43,70.8,59.4,1.9
Coffs Harbour-Sydney,Coffs Harbour,Sydney,Qantas,January,109,109,0,90,83,19,26,82.6,76.1,0
Brisbane-Gladstone,Brisbane,Gladstone,Qantas,January,111,110,1,76,70,34,40,69.1,63.6,0.9
Sydney-Coffs Harbour,Sydney,Coffs Harbour,Qantas,January,111,111,0,81,77,30,34,73,69.4,0
Gladstone-Brisbane,Gladstone,Brisbane,Qantas,January,112,110,2,71,73,39,37,64.5,66.4,1.8
Canberra-Melbourne,Canberra,Melbourne,Virgin Australia,January,115,115,0,76,75,39,40,66.1,65.2,0
Melbourne-Canberra,Melbourne,Canberra,Virgin Australia,January,115,115,0,77,78,38,37,67,67.8,0
Adelaide-Melbourne,Adelaide,Melbourne,Jetstar,January,116,112,4,71,73,41,39,63.4,65.2,3.4
Melbourne-Adelaide,Melbourne,Adelaide,Jetstar,January,116,112,4,69,74,43,38,61.6,66.1,3.4
Devonport-Melbourne,Devonport,Melbourne,Qantas,January,117,114,3,82,75,32,39,71.9,65.8,2.6
Melbourne-Devonport,Melbourne,Devonport,Qantas,January,118,115,3,75,72,40,43,65.2,62.6,2.5
Brisbane-Rockhampton,Brisbane,Rockhampton,Virgin Australia,January,120,119,1,80,72,39,47,67.2,60.5,0.8
Cairns-Melbourne,Cairns,Melbourne,Jetstar,January,120,118,2,76,69,42,49,64.4,58.5,1.7
Melbourne-Cairns,Melbourne,Cairns,Jetstar,January,120,119,1,67,75,52,44,56.3,63,0.8
Rockhampton-Brisbane,Rockhampton,Brisbane,Virgin Australia,January,120,119,1,82,67,37,52,68.9,56.3,0.8
Cairns-Sydney,Cairns,Sydney,Jetstar,January,121,119,2,97,91,22,28,81.5,76.5,1.7
Hobart-Sydney,Hobart,Sydney,Jetstar,January,121,121,0,108,108,13,13,89.3,89.3,0
Sydney-Cairns,Sydney,Cairns,Jetstar,January,121,120,1,88,97,32,23,73.3,80.8,0.8
Sydney-Hobart,Sydney,Hobart,Jetstar,January,121,121,0,105,109,16,12,86.8,90.1,0
Brisbane-Canberra,Brisbane,Canberra,Qantas,January,123,119,4,91,93,28,26,76.5,78.2,3.3
Canberra-Brisbane,Canberra,Brisbane,Qantas,January,124,121,3,106,104,15,17,87.6,86,2.4
Sunshine Coast-Sydney,Sunshine Coast,Sydney,Jetstar,January,124,122,2,85,84,37,38,69.7,68.9,1.6
Sydney-Sunshine Coast,Sydney,Sunshine Coast,Jetstar,January,124,123,1,90,92,33,31,73.2,74.8,0.8
Brisbane-Mackay,Brisbane,Mackay,Qantas,January,129,124,5,77,73,47,51,62.1,58.9,3.9
Brisbane-Perth,Brisbane,Perth,Virgin Australia,January,130,126,4,80,99,46,27,63.5,78.6,3.1
Adelaide-Port Lincoln,Adelaide,Port Lincoln,Qantas,January,132,131,1,122,121,9,10,93.1,92.4,0.8
Cairns-Townsville,Cairns,Townsville,Qantas,January,132,124,8,109,105,15,19,87.9,84.7,6.1
Hobart-Melbourne,Hobart,Melbourne,Virgin Australia,January,132,130,2,91,81,39,49,70,62.3,1.5
Melbourne-Hobart,Melbourne,Hobart,Virgin Australia,January,132,130,2,99,93,31,37,76.2,71.5,1.5
Port Lincoln-Adelaide,Port Lincoln,Adelaide,Qantas,January,132,130,2,121,120,9,10,93.1,92.3,1.5
Townsville-Cairns,Townsville,Cairns,Qantas,January,132,122,10,106,106,16,16,86.9,86.9,7.6
Perth-Brisbane,Perth,Brisbane,Virgin Australia,January,133,128,5,93,99,35,29,72.7,77.3,3.8
Adelaide-Brisbane,Adelaide,Brisbane,Virgin Australia,January,134,128,6,87,92,41,36,68,71.9,4.5
Brisbane-Adelaide,Brisbane,Adelaide,Virgin Australia,January,134,128,6,78,86,50,42,60.9,67.2,4.5
Karratha-Perth,Karratha,Perth,Qantas,January,134,133,1,111,106,22,27,83.5,79.7,0.7
Mackay-Brisbane,Mackay,Brisbane,Qantas,January,134,128,6,86,81,42,47,67.2,63.3,4.5
Perth-Karratha,Perth,Karratha,Qantas,January,135,134,1,111,113,23,21,82.8,84.3,0.7
Brisbane-Mackay,Brisbane,Mackay,Virgin Australia,January,139,134,5,73,55,61,79,54.5,41,3.6
Mackay-Brisbane,Mackay,Brisbane,Virgin Australia,January,139,133,6,65,56,68,77,48.9,42.1,4.3
Brisbane-Townsville,Brisbane,Townsville,Virgin Australia,January,142,129,13,77,77,52,52,59.7,59.7,9.2
Port Hedland-Perth,Port Hedland,Perth,Qantas,January,143,141,2,119,107,22,34,84.4,75.9,1.4
Townsville-Brisbane,Townsville,Brisbane,Virgin Australia,January,143,130,13,80,78,50,52,61.5,60,9.1
Gold Coast-Sydney,Gold Coast,Sydney,Qantas,January,144,142,2,108,111,34,31,76.1,78.2,1.4
Perth-Port Hedland,Perth,Port Hedland,Qantas,January,144,143,1,129,124,14,19,90.2,86.7,0.7
Sydney-Gold Coast,Sydney,Gold Coast,Qantas,January,144,143,1,115,117,28,26,80.4,81.8,0.7
Brisbane-Sydney,Brisbane,Sydney,Rex Airlines,January,145,143,2,113,112,30,31,79,78.3,1.4
Sydney-Brisbane,Sydney,Brisbane,Rex Airlines,January,145,144,1,112,106,32,38,77.8,73.6,0.7
Brisbane-Cairns,Brisbane,Cairns,Virgin Australia,January,146,140,6,98,100,42,40,70,71.4,4.1
Cairns-Brisbane,Cairns,Brisbane,Virgin Australia,January,146,140,6,97,99,43,41,69.3,70.7,4.1
Port Lincoln-Adelaide,Port Lincoln,Adelaide,Rex Airlines,January,146,145,1,131,131,14,14,90.3,90.3,0.7
Adelaide-Port Lincoln,Adelaide,Port Lincoln,Rex Airlines,January,147,146,1,137,135,9,11,93.8,92.5,0.7
Adelaide-Sydney,Adelaide,Sydney,Jetstar,January,151,146,5,119,123,27,23,81.5,84.2,3.3
Sydney-Adelaide,Sydney,Adelaide,Jetstar,January,151,146,5,103,114,43,32,70.5,78.1,3.3
Brisbane-Perth,Brisbane,Perth,Qantas,January,153,153,0,129,141,24,12,84.3,92.2,0
Perth-Brisbane,Perth,Brisbane,Qantas,January,154,154,0,140,128,14,26,90.9,83.1,0
Rockhampton-Brisbane,Rockhampton,Brisbane,Qantas,January,166,160,6,117,121,43,39,73.1,75.6,3.6
Brisbane-Rockhampton,Brisbane,Rockhampton,Qantas,January,167,163,4,120,117,43,46,73.6,71.8,2.4
Canberra-Melbourne,Canberra,Melbourne,Qantas,January,167,162,5,122,115,40,47,75.3,71,3
Melbourne-Canberra,Melbourne,Canberra,Qantas,January,168,166,2,109,114,57,52,65.7,68.7,1.2
Adelaide-Brisbane,Adelaide,Brisbane,Qantas,January,169,166,3,138,133,28,33,83.1,80.1,1.8
Brisbane-Adelaide,Brisbane,Adelaide,Qantas,January,169,164,5,123,127,41,37,75,77.4,3
Adelaide-Sydney,Adelaide,Sydney,Virgin Australia,January,175,160,15,108,115,52,45,67.5,71.9,8.6
Sydney-Adelaide,Sydney,Adelaide,Virgin Australia,January,175,162,13,114,107,48,55,70.4,66,7.4
Launceston-Melbourne,Launceston,Melbourne,Jetstar,January,177,175,2,99,112,76,63,56.6,64,1.1
Melbourne-Launceston,Melbourne,Launceston,Jetstar,January,177,175,2,99,101,76,74,56.6,57.7,1.1
Perth-Sydney,Perth,Sydney,Virgin Australia,January,179,175,4,131,129,44,46,74.9,73.7,2.2
Sydney-Canberra,Sydney,Canberra,Virgin Australia,January,187,186,1,146,155,40,31,78.5,83.3,0.5
Canberra-Sydney,Canberra,Sydney,Virgin Australia,January,188,187,1,162,165,25,22,86.6,88.2,0.5
Sydney-Perth,Sydney,Perth,Virgin Australia,January,194,189,5,120,120,69,69,63.5,63.5,2.6
Melbourne-Perth,Melbourne,Perth,Qantas,January,199,198,1,134,136,64,62,67.7,68.7,0.5
Perth-Melbourne,Perth,Melbourne,Qantas,January,199,197,2,139,145,58,52,70.6,73.6,1
Melbourne-Sydney,Melbourne,Sydney,Rex Airlines,January,201,201,0,157,160,44,41,78.1,79.6,0
Sydney-Melbourne,Sydney,Melbourne,Rex Airlines,January,202,202,0,157,142,45,60,77.7,70.3,0
Perth-Sydney,Perth,Sydney,Qantas,January,203,202,1,155,153,47,49,76.7,75.7,0.5
Sydney-Perth,Sydney,Perth,Qantas,January,204,204,0,154,141,50,63,75.5,69.1,0
Brisbane-Sydney,Brisbane,Sydney,Jetstar,January,212,205,7,143,156,62,49,69.8,76.1,3.3
Sydney-Brisbane,Sydney,Brisbane,Jetstar,January,212,204,8,132,134,72,70,64.7,65.7,3.8
Brisbane-Melbourne,Brisbane,Melbourne,Jetstar,January,214,204,10,116,113,88,91,56.9,55.4,4.7
Melbourne-Brisbane,Melbourne,Brisbane,Jetstar,January,217,207,10,116,119,91,88,56,57.5,4.6
Melbourne-Perth,Melbourne,Perth,Virgin Australia,January,217,210,7,131,135,79,75,62.4,64.3,3.2
Perth-Melbourne,Perth,Melbourne,Virgin Australia,January,225,219,6,161,158,58,61,73.5,72.1,2.7
Adelaide-Melbourne,Adelaide,Melbourne,Qantas,January,232,230,2,144,136,86,94,62.6,59.1,0.9
Melbourne-Adelaide,Melbourne,Adelaide,Qantas,January,233,232,1,144,141,88,91,62.1,60.8,0.4
Adelaide-Sydney,Adelaide,Sydney,Qantas,January,236,232,4,180,192,52,40,77.6,82.8,1.7
Hobart-Melbourne,Hobart,Melbourne,Jetstar,January,237,233,4,161,167,72,66,69.1,71.7,1.7
Melbourne-Hobart,Melbourne,Hobart,Jetstar,January,237,233,4,166,169,67,64,71.2,72.5,1.7
Sydney-Adelaide,Sydney,Adelaide,Qantas,January,237,235,2,196,184,39,51,83.4,78.3,0.8
Adelaide-Melbourne,Adelaide,Melbourne,Virgin Australia,January,247,238,9,160,172,78,66,67.2,72.3,3.6
Melbourne-Adelaide,Melbourne,Adelaide,Virgin Australia,January,249,239,10,176,147,63,92,73.6,61.5,4
Canberra-Sydney,Canberra,Sydney,Qantas,January,284,274,10,217,223,57,51,79.2,81.4,3.5
Sydney-Canberra,Sydney,Canberra,Qantas,January,285,278,7,219,227,59,51,78.8,81.7,2.5
Gold Coast-Sydney,Gold Coast,Sydney,Jetstar,January,294,285,9,218,232,67,53,76.5,81.4,3.1
Sydney-Gold Coast,Sydney,Gold Coast,Jetstar,January,295,286,9,227,225,59,61,79.4,78.7,3.1
Melbourne-Gold Coast,Melbourne,Gold Coast,Jetstar,January,299,291,8,190,199,101,92,65.3,68.4,2.7
Gold Coast-Melbourne,Gold Coast,Melbourne,Jetstar,January,302,292,10,205,209,87,83,70.2,71.6,3.3
Gold Coast-Sydney,Gold Coast,Sydney,Virgin Australia,January,325,311,14,181,199,130,112,58.2,64,4.3
Sydney-Gold Coast,Sydney,Gold Coast,Virgin Australia,January,325,312,13,220,213,92,99,70.5,68.3,4
Gold Coast-Melbourne,Gold Coast,Melbourne,Virgin Australia,January,326,307,19,157,178,150,129,51.1,58,5.8
Melbourne-Gold Coast,Melbourne,Gold Coast,Virgin Australia,January,327,307,20,192,186,115,121,62.5,60.6,6.1
Melbourne-Brisbane,Melbourne,Brisbane,Qantas,January,369,356,13,250,238,106,118,70.2,66.9,3.5
Brisbane-Melbourne,Brisbane,Melbourne,Qantas,January,370,354,16,267,251,87,103,75.4,70.9,4.3
Brisbane-Melbourne,Brisbane,Melbourne,Virgin Australia,January,370,333,37,239,206,94,127,71.8,61.9,10
Melbourne-Brisbane,Melbourne,Brisbane,Virgin Australia,January,373,341,32,239,218,102,123,70.1,63.9,8.6
Sydney-Brisbane,Sydney,Brisbane,Virgin Australia,January,391,356,35,270,266,86,90,75.8,74.7,9
Brisbane-Sydney,Brisbane,Sydney,Virgin Australia,January,396,369,27,247,248,122,121,66.9,67.2,6.8
Brisbane-Sydney,Brisbane,Sydney,Qantas,January,439,426,13,351,355,75,71,82.4,83.3,3
Sydney-Brisbane,Sydney,Brisbane,Qantas,January,446,431,15,321,322,110,109,74.5,74.7,3.4
Melbourne-Sydney,Melbourne,Sydney,Jetstar,January,538,508,30,310,351,198,157,61,69.1,5.6
Sydney-Melbourne,Sydney,Melbourne,Jetstar,January,538,507,31,328,329,179,178,64.7,64.9,5.8
Melbourne-Sydney,Melbourne,Sydney,Qantas,January,671,640,31,480,468,160,172,75,73.1,4.6
Sydney-Melbourne,Sydney,Melbourne,Qantas,January,671,638,33,477,441,161,197,74.8,69.1,4.9
Sydney-Melbourne,Sydney,Melbourne,Virgin Australia,January,681,593,88,407,391,186,202,68.6,65.9,12.9
Melbourne-Sydney,Melbourne,Sydney,Virgin Australia,January,689,595,94,421,390,174,205,70.8,65.5,13.6
Brisbane-Hamilton Island,Brisbane,Hamilton Island,Qantas,February,3,3,0,3,3,0,0,100,100,0
Brisbane-Cairns,Brisbane,Cairns,Rex Airlines,February,4,4,0,4,3,0,1,100,75,0
Darwin-Perth,Darwin,Perth,Virgin Australia,February,4,4,0,3,3,1,1,75,75,0
Perth-Darwin,Perth,Darwin,Virgin Australia,February,4,4,0,2,3,2,1,50,75,0
Adelaide-Perth,Adelaide,Perth,Qantas,February,5,5,0,4,1,1,4,80,20,0
Cairns-Brisbane,Cairns,Brisbane,Rex Airlines,February,5,5,0,4,4,1,1,80,80,0
Hamilton Island-Brisbane,Hamilton Island,Brisbane,Qantas,February,5,5,0,3,3,2,2,60,60,0
Perth-Adelaide,Perth,Adelaide,Qantas,February,5,5,0,1,1,4,4,20,20,0
Perth-Broome,Perth,Broome,Qantas,February,5,5,0,2,2,3,3,40,40,0
Broome-Perth,Broome,Perth,Qantas,February,6,6,0,3,3,3,3,50,50,0
Melbourne-Mildura,Melbourne,Mildura,Bonza,February,8,8,0,4,4,4,4,50,50,0
Mildura-Melbourne,Mildura,Melbourne,Bonza,February,8,8,0,2,2,6,6,25,25,0
Perth-Port Hedland,Perth,Port Hedland,Qantas,February,9,9,0,6,7,3,2,66.7,77.8,0
Adelaide-Alice Springs,Adelaide,Alice Springs,Virgin Australia,February,12,12,0,9,7,3,5,75,58.3,0
Alice Springs-Adelaide,Alice Springs,Adelaide,Virgin Australia,February,12,12,0,4,8,8,4,33.3,66.7,0
Brisbane-Mount Isa,Brisbane,Mount Isa,Virgin Australia,February,12,12,0,8,8,4,4,66.7,66.7,0
Darwin-Perth,Darwin,Perth,Virgin Australia,February,12,12,0,1,3,11,9,8.3,25,0
Melbourne-Adelaide,Melbourne,Adelaide,Qantas,February,12,11,1,7,6,4,5,63.6,54.5,8.3
Mount Isa-Brisbane,Mount Isa,Brisbane,Virgin Australia,February,12,12,0,8,8,4,4,66.7,66.7,0
Perth-Darwin,Perth,Darwin,Virgin Australia,February,12,12,0,6,7,6,5,50,58.3,0
Perth-Karratha,Perth,Karratha,Qantas,February,12,11,1,9,9,2,2,81.8,81.8,8.3
Perth-Port Hedland,Perth,Port Hedland,Virgin Australia,February,12,11,1,9,9,2,2,81.8,81.8,8.3
Port Hedland-Perth,Port Hedland,Perth,Qantas,February,12,12,0,9,9,3,3,75,75,0
Adelaide-Melbourne,Adelaide,Melbourne,Qantas,February,13,10,3,10,10,0,0,100,100,23.1
Brisbane-Darwin,Brisbane,Darwin,Jetstar,February,13,13,0,10,10,3,3,76.9,76.9,0
Cairns-Townsville,Cairns,Townsville,Rex Airlines,February,13,11,2,5,6,6,5,45.5,54.5,15.4
Melbourne-Sunshine Coast,Melbourne,Sunshine Coast,Bonza,February,13,13,0,6,5,7,8,46.2,38.5,0
Newman-Perth,Newman,Perth,Virgin Australia,February,13,13,0,10,10,3,3,76.9,76.9,0
Perth-Newman,Perth,Newman,Virgin Australia,February,13,13,0,12,11,1,2,92.3,84.6,0
Port Hedland-Perth,Port Hedland,Perth,Virgin Australia,February,13,11,2,4,5,7,6,36.4,45.5,15.4
Sunshine Coast-Melbourne,Sunshine Coast,Melbourne,Bonza,February,13,13,0,6,7,7,6,46.2,53.8,0
Townsville-Cairns,Townsville,Cairns,Rex Airlines,February,13,11,2,6,6,5,5,54.5,54.5,15.4
Canberra-Melbourne,Canberra,Melbourne,Qantas,February,14,14,0,12,11,2,3,85.7,78.6,0
Darwin-Brisbane,Darwin,Brisbane,Jetstar,February,14,13,1,9,10,4,3,69.2,76.9,7.1
Karratha-Perth,Karratha,Perth,Virgin Australia,February,14,14,0,11,11,3,3,78.6,78.6,0
Perth-Karratha,Perth,Karratha,Virgin Australia,February,14,14,0,12,13,2,1,85.7,92.9,0
Broome-Perth,Broome,Perth,Virgin Australia,February,15,15,0,7,11,8,4,46.7,73.3,0
Karratha-Perth,Karratha,Perth,Qantas,February,15,14,1,9,11,5,3,64.3,78.6,6.7
Perth-Broome,Perth,Broome,Virgin Australia,February,15,15,0,9,8,6,7,60,53.3,0
Darwin-Melbourne,Darwin,Melbourne,Jetstar,February,16,16,0,7,7,9,9,43.8,43.8,0
Darwin-Melbourne,Darwin,Melbourne,Virgin Australia,February,16,16,0,8,11,8,5,50,68.8,0
Melbourne-Canberra,Melbourne,Canberra,Qantas,February,16,16,0,6,7,10,9,37.5,43.8,0
Melbourne-Darwin,Melbourne,Darwin,Virgin Australia,February,16,16,0,12,9,4,7,75,56.3,0
Melbourne-Sydney,Melbourne,Sydney,Qantas,February,16,15,1,12,10,3,5,80,66.7,6.3
Sydney-Melbourne,Sydney,Melbourne,Qantas,February,16,15,1,10,9,5,6,66.7,60,6.3
Adelaide-Canberra,Adelaide,Canberra,Virgin Australia,February,17,16,1,14,14,2,2,87.5,87.5,5.9
Canberra-Adelaide,Canberra,Adelaide,Virgin Australia,February,17,16,1,14,14,2,2,87.5,87.5,5.9
Canberra-Sydney,Canberra,Sydney,Qantas,February,17,17,0,17,17,0,0,100,100,0
Gold Coast-Melbourne,Gold Coast,Melbourne,Bonza,February,17,15,2,15,12,0,3,100,80,11.8
Kalgoorlie-Perth,Kalgoorlie,Perth,Qantas,February,17,16,1,13,14,3,2,81.3,87.5,5.9
Melbourne-Gold Coast,Melbourne,Gold Coast,Bonza,February,17,15,2,11,8,4,7,73.3,53.3,11.8
Perth-Kalgoorlie,Perth,Kalgoorlie,Qantas,February,17,16,1,16,16,0,0,100,100,5.9
Sydney-Canberra,Sydney,Canberra,Qantas,February,17,17,0,17,17,0,0,100,100,0
Hamilton Island-Sydney,Hamilton Island,Sydney,Jetstar,February,18,18,0,11,13,7,5,61.1,72.2,0
Sydney-Hamilton Island,Sydney,Hamilton Island,Jetstar,February,18,18,0,17,15,1,3,94.4,83.3,0
Brisbane-Launceston,Brisbane,Launceston,Virgin Australia,February,19,19,0,14,13,5,6,73.7,68.4,0
Broome-Perth,Broome,Perth,Virgin Australia,February,19,19,0,13,14,6,5,68.4,73.7,0
Kalgoorlie-Perth,Kalgoorlie,Perth,Virgin Australia,February,19,18,1,13,13,5,5,72.2,72.2,5.3
Launceston-Brisbane,Launceston,Brisbane,Virgin Australia,February,19,19,0,14,13,5,6,73.7,68.4,0
Melbourne-Darwin,Melbourne,Darwin,Jetstar,February,19,19,0,15,14,4,5,78.9,73.7,0
Newman-Perth,Newman,Perth,Qantas,February,19,19,0,18,18,1,1,94.7,94.7,0
Perth-Broome,Perth,Broome,Virgin Australia,February,19,19,0,14,16,5,3,73.7,84.2,0
Perth-Kalgoorlie,Perth,Kalgoorlie,Virgin Australia,February,19,18,1,15,14,3,4,83.3,77.8,5.3
Perth-Newman,Perth,Newman,Qantas,February,19,19,0,19,19,0,0,100,100,0
Brisbane-Hamilton Island,Brisbane,Hamilton Island,Qantas,February,21,21,0,14,12,7,9,66.7,57.1,0
Brisbane-Launceston,Brisbane,Launceston,Jetstar,February,21,21,0,12,12,9,9,57.1,57.1,0
Brisbane-Proserpine,Brisbane,Proserpine,Qantas,February,21,20,1,16,17,4,3,80,85,4.8
Canberra-Gold Coast,Canberra,Gold Coast,Jetstar,February,21,19,2,13,14,6,5,68.4,73.7,9.5
Canberra-Melbourne,Canberra,Melbourne,Jetstar,February,21,21,0,12,10,9,11,57.1,47.6,0
Gold Coast-Canberra,Gold Coast,Canberra,Jetstar,February,21,20,1,16,16,4,4,80,80,4.8
Hamilton Island-Brisbane,Hamilton Island,Brisbane,Qantas,February,21,21,0,7,6,14,15,33.3,28.6,0
Launceston-Brisbane,Launceston,Brisbane,Jetstar,February,21,21,0,11,13,10,8,52.4,61.9,0
Proserpine-Brisbane,Proserpine,Brisbane,Qantas,February,21,20,1,17,16,3,4,85,80,4.8
Brisbane-Proserpine,Brisbane,Proserpine,Jetstar,February,22,22,0,19,18,3,4,86.4,81.8,0
Melbourne-Canberra,Melbourne,Canberra,Jetstar,February,22,22,0,12,11,10,11,54.5,50,0
Proserpine-Brisbane,Proserpine,Brisbane,Jetstar,February,22,22,0,19,19,3,3,86.4,86.4,0
Brisbane-Emerald,Brisbane,Emerald,Virgin Australia,February,25,25,0,20,19,5,6,80,76,0
Brisbane-Hobart,Brisbane,Hobart,Qantas,February,25,25,0,21,20,4,5,84,80,0
Emerald-Brisbane,Emerald,Brisbane,Virgin Australia,February,25,25,0,17,17,8,8,68,68,0
Hobart-Brisbane,Hobart,Brisbane,Qantas,February,25,25,0,17,17,8,8,68,68,0
Adelaide-Perth,Adelaide,Perth,Virgin Australia,February,26,26,0,14,16,12,10,53.8,61.5,0
Perth-Adelaide,Perth,Adelaide,Virgin Australia,February,26,26,0,20,19,6,7,76.9,73.1,0
Gold Coast-Melbourne,Gold Coast,Melbourne,Rex Airlines,February,27,26,1,19,21,7,5,73.1,80.8,3.7
Melbourne-Gold Coast,Melbourne,Gold Coast,Rex Airlines,February,27,26,1,25,21,1,5,96.2,80.8,3.7
Darwin-Melbourne,Darwin,Melbourne,Qantas,February,28,28,0,26,14,2,14,92.9,50,0
Hamilton Island-Sydney,Hamilton Island,Sydney,Qantas,February,28,27,1,15,16,12,11,55.6,59.3,3.6
Melbourne-Darwin,Melbourne,Darwin,Qantas,February,28,28,0,13,5,15,23,46.4,17.9,0
Adelaide-Gold Coast,Adelaide,Gold Coast,Jetstar,February,29,29,0,28,28,1,1,96.6,96.6,0
Adelaide-Gold Coast,Adelaide,Gold Coast,Virgin Australia,February,29,29,0,25,24,4,5,86.2,82.8,0
Adelaide-Sydney,Adelaide,Sydney,Rex Airlines,February,29,29,0,15,18,14,11,51.7,62.1,0
Brisbane-Canberra,Brisbane,Canberra,Jetstar,February,29,29,0,19,19,10,10,65.5,65.5,0
Brisbane-Darwin,Brisbane,Darwin,Virgin Australia,February,29,29,0,22,21,7,8,75.9,72.4,0
Brisbane-Hamilton Island,Brisbane,Hamilton Island,Virgin Australia,February,29,29,0,26,24,3,5,89.7,82.8,0
Brisbane-Hobart,Brisbane,Hobart,Jetstar,February,29,29,0,25,25,4,4,86.2,86.2,0
Brisbane-Mackay,Brisbane,Mackay,Jetstar,February,29,29,0,28,28,1,1,96.6,96.6,0
Brisbane-Perth,Brisbane,Perth,Jetstar,February,29,29,0,19,28,10,1,65.5,96.6,0
Brisbane-Proserpine,Brisbane,Proserpine,Virgin Australia,February,29,29,0,23,20,6,9,79.3,69,0
Canberra-Brisbane,Canberra,Brisbane,Jetstar,February,29,29,0,18,18,11,11,62.1,62.1,0
Canberra-Gold Coast,Canberra,Gold Coast,Virgin Australia,February,29,27,2,21,23,6,4,77.8,85.2,6.9
Canberra-Melbourne,Canberra,Melbourne,Rex Airlines,February,29,29,0,21,20,8,9,72.4,69,0
Darwin-Brisbane,Darwin,Brisbane,Virgin Australia,February,29,29,0,20,23,9,6,69,79.3,0
Gold Coast-Adelaide,Gold Coast,Adelaide,Jetstar,February,29,29,0,26,27,3,2,89.7,93.1,0
Gold Coast-Adelaide,Gold Coast,Adelaide,Virgin Australia,February,29,29,0,18,24,11,5,62.1,82.8,0
Gold Coast-Canberra,Gold Coast,Canberra,Virgin Australia,February,29,27,2,21,21,6,6,77.8,77.8,6.9
Gold Coast-Sydney,Gold Coast,Sydney,Rex Airlines,February,29,29,0,24,24,5,5,82.8,82.8,0
Hamilton Island-Brisbane,Hamilton Island,Brisbane,Virgin Australia,February,29,29,0,21,26,8,3,72.4,89.7,0
Hamilton Island-Sydney,Hamilton Island,Sydney,Virgin Australia,February,29,28,1,17,15,11,13,60.7,53.6,3.4
Hobart-Brisbane,Hobart,Brisbane,Jetstar,February,29,29,0,22,22,7,7,75.9,75.9,0
Hobart-Melbourne,Hobart,Melbourne,Rex Airlines,February,29,29,0,24,18,5,11,82.8,62.1,0
Launceston-Sydney,Launceston,Sydney,Qantas,February,29,28,1,24,24,4,4,85.7,85.7,3.4
Launceston-Sydney,Launceston,Sydney,Virgin Australia,February,29,29,0,21,18,8,11,72.4,62.1,0
Mackay-Brisbane,Mackay,Brisbane,Jetstar,February,29,29,0,23,25,6,4,79.3,86.2,0
Melbourne-Canberra,Melbourne,Canberra,Rex Airlines,February,29,29,0,27,24,2,5,93.1,82.8,0
Melbourne-Hobart,Melbourne,Hobart,Rex Airlines,February,29,29,0,27,26,2,3,93.1,89.7,0
Melbourne-Sunshine Coast,Melbourne,Sunshine Coast,Qantas,February,29,29,0,22,19,7,10,75.9,65.5,0
Perth-Brisbane,Perth,Brisbane,Jetstar,February,29,29,0,24,23,5,6,82.8,79.3,0
Proserpine-Brisbane,Proserpine,Brisbane,Virgin Australia,February,29,29,0,21,17,8,12,72.4,58.6,0
Sunshine Coast-Melbourne,Sunshine Coast,Melbourne,Qantas,February,29,29,0,19,19,10,10,65.5,65.5,0
Sydney-Adelaide,Sydney,Adelaide,Rex Airlines,February,29,29,0,19,18,10,11,65.5,62.1,0
Sydney-Gold Coast,Sydney,Gold Coast,Rex Airlines,February,29,29,0,24,24,5,5,82.8,82.8,0
Sydney-Hamilton Island,Sydney,Hamilton Island,Qantas,February,29,28,1,16,15,12,13,57.1,53.6,3.4
Sydney-Hamilton Island,Sydney,Hamilton Island,Virgin Australia,February,29,28,1,26,21,2,7,92.9,75,3.4
Sydney-Launceston,Sydney,Launceston,Qantas,February,29,28,1,25,24,3,4,89.3,85.7,3.4
Sydney-Launceston,Sydney,Launceston,Virgin Australia,February,29,29,0,22,24,7,5,75.9,82.8,0
Adelaide-Brisbane,Adelaide,Brisbane,Jetstar,February,30,29,1,24,25,5,4,82.8,86.2,3.3
Brisbane-Adelaide,Brisbane,Adelaide,Jetstar,February,30,29,1,24,25,5,4,82.8,86.2,3.3
Brisbane-Hobart,Brisbane,Hobart,Virgin Australia,February,32,30,2,23,25,7,5,76.7,83.3,6.3
Hobart-Brisbane,Hobart,Brisbane,Virgin Australia,February,32,30,2,22,18,8,12,73.3,60,6.3
Brisbane-Gladstone,Brisbane,Gladstone,Virgin Australia,February,33,32,1,24,23,8,9,75,71.9,3
Cairns-Melbourne,Cairns,Melbourne,Qantas,February,33,33,0,20,22,13,11,60.6,66.7,0
Gladstone-Brisbane,Gladstone,Brisbane,Virgin Australia,February,33,32,1,23,20,9,12,71.9,62.5,3
Hobart-Sydney,Hobart,Sydney,Qantas,February,33,33,0,19,23,14,10,57.6,69.7,0
Melbourne-Cairns,Melbourne,Cairns,Qantas,February,33,33,0,25,22,8,11,75.8,66.7,0
Sydney-Hobart,Sydney,Hobart,Qantas,February,33,33,0,26,25,7,8,78.8,75.8,0
Hobart-Melbourne,Hobart,Melbourne,Qantas,February,35,35,0,25,18,10,17,71.4,51.4,0
Melbourne-Hobart,Melbourne,Hobart,Qantas,February,35,35,0,27,27,8,8,77.1,77.1,0
Gold Coast-Melbourne,Gold Coast,Melbourne,Qantas,February,37,37,0,22,21,15,16,59.5,56.8,0
Melbourne-Gold Coast,Melbourne,Gold Coast,Qantas,February,37,37,0,27,27,10,10,73,73,0
Adelaide-Perth,Adelaide,Perth,Jetstar,February,38,38,0,32,34,6,4,84.2,89.5,0
Perth-Adelaide,Perth,Adelaide,Jetstar,February,38,38,0,34,34,4,4,89.5,89.5,0
Sydney-Perth,Sydney,Perth,Jetstar,February,39,39,0,29,28,10,11,74.4,71.8,0
Darwin-Perth,Darwin,Perth,Qantas,February,40,29,11,22,22,7,7,75.9,75.9,27.5
Adelaide-Alice Springs,Adelaide,Alice Springs,Qantas,February,41,41,0,37,37,4,4,90.2,90.2,0
Alice Springs-Adelaide,Alice Springs,Adelaide,Qantas,February,41,41,0,35,35,6,6,85.4,85.4,0
Melbourne-Newcastle,Melbourne,Newcastle,Virgin Australia,February,41,41,0,35,31,6,10,85.4,75.6,0
Newcastle-Melbourne,Newcastle,Melbourne,Virgin Australia,February,41,41,0,31,30,10,11,75.6,73.2,0
Newman-Perth,Newman,Perth,Virgin Australia,February,41,41,0,31,24,10,17,75.6,58.5,0
Perth-Darwin,Perth,Darwin,Qantas,February,41,29,12,19,23,10,6,65.5,79.3,29.3
Perth-Newman,Perth,Newman,Virgin Australia,February,41,41,0,37,37,4,4,90.2,90.2,0
Perth-Sydney,Perth,Sydney,Jetstar,February,41,39,2,23,27,16,12,59,69.2,4.9
Cairns-Melbourne,Cairns,Melbourne,Virgin Australia,February,42,42,0,22,28,20,14,52.4,66.7,0
Melbourne-Cairns,Melbourne,Cairns,Virgin Australia,February,42,42,0,31,29,11,13,73.8,69,0
Adelaide-Perth,Adelaide,Perth,Virgin Australia,February,43,42,1,18,20,24,22,42.9,47.6,2.3
Brisbane-Mackay,Brisbane,Mackay,Qantas,February,44,44,0,41,42,3,2,93.2,95.5,0
Mackay-Brisbane,Mackay,Brisbane,Qantas,February,44,44,0,39,41,5,3,88.6,93.2,0
Hobart-Sydney,Hobart,Sydney,Qantas,February,45,43,2,38,36,5,7,88.4,83.7,4.4
Perth-Adelaide,Perth,Adelaide,Virgin Australia,February,45,45,0,28,22,17,23,62.2,48.9,0
Perth-Port Hedland,Perth,Port Hedland,Virgin Australia,February,45,42,3,36,37,6,5,85.7,88.1,6.7
Port Hedland-Perth,Port Hedland,Perth,Virgin Australia,February,45,42,3,32,31,10,11,76.2,73.8,6.7
Ballina-Sydney,Ballina,Sydney,Virgin Australia,February,46,46,0,37,39,9,7,80.4,84.8,0
Sydney-Ballina,Sydney,Ballina,Virgin Australia,February,46,46,0,39,38,7,8,84.8,82.6,0
Sydney-Hobart,Sydney,Hobart,Qantas,February,46,44,2,30,31,14,13,68.2,70.5,4.3
Launceston-Sydney,Launceston,Sydney,Jetstar,February,47,45,2,36,34,9,11,80,75.6,4.3
Sydney-Launceston,Sydney,Launceston,Jetstar,February,47,45,2,40,39,5,6,88.9,86.7,4.3
Brisbane-Newcastle,Brisbane,Newcastle,Jetstar,February,48,47,1,38,39,9,8,80.9,83,2.1
Devonport-Melbourne,Devonport,Melbourne,Rex Airlines,February,48,48,0,39,36,9,12,81.3,75,0
Brisbane-Townsville,Brisbane,Townsville,Jetstar,February,49,49,0,37,38,12,11,75.5,77.6,0
Melbourne-Devonport,Melbourne,Devonport,Rex Airlines,February,49,49,0,41,44,8,5,83.7,89.8,0
Ballina-Sydney,Ballina,Sydney,Qantas,February,50,46,4,30,30,16,16,65.2,65.2,8
Brisbane-Mount Isa,Brisbane,Mount Isa,Qantas,February,50,49,1,46,44,3,5,93.9,89.8,2
Melbourne-Newcastle,Melbourne,Newcastle,Qantas,February,50,48,2,31,23,17,25,64.6,47.9,4
Mount Isa-Brisbane,Mount Isa,Brisbane,Qantas,February,50,49,1,42,42,7,7,85.7,85.7,2
Newcastle-Brisbane,Newcastle,Brisbane,Jetstar,February,50,48,2,36,36,12,12,75,75,4
Newcastle-Melbourne,Newcastle,Melbourne,Qantas,February,50,49,1,38,31,11,18,77.6,63.3,2
Sydney-Ballina,Sydney,Ballina,Qantas,February,50,44,6,25,27,19,17,56.8,61.4,12
Townsville-Brisbane,Townsville,Brisbane,Jetstar,February,50,49,1,34,33,15,16,69.4,67.3,2
Sydney-Sunshine Coast,Sydney,Sunshine Coast,Qantas,February,52,52,0,33,32,19,20,63.5,61.5,0
Cairns-Sydney,Cairns,Sydney,Qantas,February,53,53,0,38,37,15,16,71.7,69.8,0
Sunshine Coast-Sydney,Sunshine Coast,Sydney,Qantas,February,53,52,1,36,35,16,17,69.2,67.3,1.9
Sydney-Cairns,Sydney,Cairns,Qantas,February,53,53,0,37,40,16,13,69.8,75.5,0
Adelaide-Melbourne,Adelaide,Melbourne,Rex Airlines,February,54,54,0,42,42,12,12,77.8,77.8,0
Brisbane-Melbourne,Brisbane,Melbourne,Rex Airlines,February,54,54,0,44,46,10,8,81.5,85.2,0
Melbourne-Adelaide,Melbourne,Adelaide,Rex Airlines,February,54,54,0,40,37,14,17,74.1,68.5,0
Melbourne-Brisbane,Melbourne,Brisbane,Rex Airlines,February,54,54,0,43,40,11,14,79.6,74.1,0
Brisbane-Darwin,Brisbane,Darwin,Qantas,February,58,58,0,47,52,11,6,81,89.7,0
Cairns-Sydney,Cairns,Sydney,Virgin Australia,February,58,57,1,36,37,21,20,63.2,64.9,1.7
Darwin-Brisbane,Darwin,Brisbane,Qantas,February,58,58,0,51,49,7,9,87.9,84.5,0
Kalgoorlie-Perth,Kalgoorlie,Perth,Qantas,February,58,44,14,31,30,13,14,70.5,68.2,24.1
Melbourne-Sunshine Coast,Melbourne,Sunshine Coast,Virgin Australia,February,58,58,0,45,40,13,18,77.6,69,0
Perth-Kalgoorlie,Perth,Kalgoorlie,Qantas,February,58,44,14,29,29,15,15,65.9,65.9,24.1
Sunshine Coast-Melbourne,Sunshine Coast,Melbourne,Virgin Australia,February,58,58,0,38,28,20,30,65.5,48.3,0
Sunshine Coast-Sydney,Sunshine Coast,Sydney,Virgin Australia,February,58,58,0,42,40,16,18,72.4,69,0
Sydney-Cairns,Sydney,Cairns,Virgin Australia,February,58,57,1,49,46,8,11,86,80.7,1.7
Sydney-Sunshine Coast,Sydney,Sunshine Coast,Virgin Australia,February,58,58,0,48,46,10,12,82.8,79.3,0
Karratha-Perth,Karratha,Perth,Virgin Australia,February,59,59,0,52,49,7,10,88.1,83.1,0
Perth-Karratha,Perth,Karratha,Virgin Australia,February,59,59,0,51,51,8,8,86.4,86.4,0
Townsville-Brisbane,Townsville,Brisbane,Qantas,February,59,54,5,46,44,8,10,85.2,81.5,8.5
Brisbane-Townsville,Brisbane,Townsville,Qantas,February,60,56,4,48,50,8,6,85.7,89.3,6.7
Melbourne-Newcastle,Melbourne,Newcastle,Jetstar,February,60,59,1,38,39,21,20,64.4,66.1,1.7
Newcastle-Melbourne,Newcastle,Melbourne,Jetstar,February,60,59,1,34,33,25,26,57.6,55.9,1.7
Brisbane-Cairns,Brisbane,Cairns,Jetstar,February,63,62,1,53,54,9,8,85.5,87.1,1.6
Cairns-Brisbane,Cairns,Brisbane,Jetstar,February,63,63,0,51,52,12,11,81,82.5,0
Perth-Melbourne,Perth,Melbourne,Jetstar,February,64,63,1,44,50,19,13,69.8,79.4,1.6
Sunshine Coast-Melbourne,Sunshine Coast,Melbourne,Jetstar,February,64,63,1,45,43,18,20,71.4,68.3,1.6
Melbourne-Perth,Melbourne,Perth,Jetstar,February,65,65,0,48,51,17,14,73.8,78.5,0
Melbourne-Sunshine Coast,Melbourne,Sunshine Coast,Jetstar,February,65,64,1,52,51,12,13,81.3,79.7,1.5
Cairns-Brisbane,Cairns,Brisbane,Qantas,February,66,60,6,55,55,5,5,91.7,91.7,9.1
Cairns-Melbourne,Cairns,Melbourne,Jetstar,February,66,62,4,37,41,25,21,59.7,66.1,6.1
Melbourne-Cairns,Melbourne,Cairns,Jetstar,February,66,62,4,45,40,17,22,72.6,64.5,6.1
Brisbane-Cairns,Brisbane,Cairns,Qantas,February,67,60,7,48,50,12,10,80,83.3,10.4
Townsville-Brisbane,Townsville,Brisbane,Qantas,February,70,69,1,45,40,24,29,65.2,58,1.4
Albury-Sydney,Albury,Sydney,Rex Airlines,February,71,71,0,62,56,9,15,87.3,78.9,0
Brisbane-Townsville,Brisbane,Townsville,Qantas,February,71,71,0,50,52,21,19,70.4,73.2,0
Sydney-Albury,Sydney,Albury,Rex Airlines,February,71,71,0,59,60,12,11,83.1,84.5,0
Hobart-Melbourne,Hobart,Melbourne,Qantas,February,73,72,1,55,54,17,18,76.4,75,1.4
Melbourne-Hobart,Melbourne,Hobart,Qantas,February,73,72,1,51,50,21,22,70.8,69.4,1.4
Port Macquarie-Sydney,Port Macquarie,Sydney,Rex Airlines,February,74,68,6,55,49,13,19,80.9,72.1,8.1
Sydney-Port Macquarie,Sydney,Port Macquarie,Rex Airlines,February,74,69,5,51,48,18,21,73.9,69.6,6.8
Wagga Wagga-Sydney,Wagga Wagga,Sydney,Rex Airlines,February,74,74,0,59,55,15,19,79.7,74.3,0
Ballina-Sydney,Ballina,Sydney,Jetstar,February,75,73,2,54,59,19,14,74,80.8,2.7
Broome-Perth,Broome,Perth,Qantas,February,75,47,28,37,36,10,11,78.7,76.6,37.3
Hobart-Sydney,Hobart,Sydney,Virgin Australia,February,75,71,4,55,49,16,22,77.5,69,5.3
Perth-Broome,Perth,Broome,Qantas,February,75,48,27,38,41,10,7,79.2,85.4,36
Sydney-Ballina,Sydney,Ballina,Jetstar,February,75,74,1,62,60,12,14,83.8,81.1,1.3
Sydney-Hobart,Sydney,Hobart,Virgin Australia,February,75,71,4,62,60,9,11,87.3,84.5,5.3
Kalgoorlie-Perth,Kalgoorlie,Perth,Virgin Australia,February,76,73,3,51,50,22,23,69.9,68.5,3.9
Perth-Kalgoorlie,Perth,Kalgoorlie,Virgin Australia,February,76,74,2,61,61,13,13,82.4,82.4,2.6
Sydney-Wagga Wagga,Sydney,Wagga Wagga,Rex Airlines,February,76,75,1,56,56,19,19,74.7,74.7,1.3
Coffs Harbour-Sydney,Coffs Harbour,Sydney,Rex Airlines,February,77,77,0,48,45,29,32,62.3,58.4,0
Sydney-Coffs Harbour,Sydney,Coffs Harbour,Rex Airlines,February,77,77,0,51,53,26,24,66.2,68.8,0
Brisbane-Newcastle,Brisbane,Newcastle,Virgin Australia,February,79,79,0,55,56,24,23,69.6,70.9,0
Newcastle-Brisbane,Newcastle,Brisbane,Virgin Australia,February,79,79,0,62,59,17,20,78.5,74.7,0
Sydney-Cairns,Sydney,Cairns,Jetstar,February,79,79,0,64,66,15,13,81,83.5,0
Cairns-Sydney,Cairns,Sydney,Jetstar,February,82,79,3,57,57,22,22,72.2,72.2,3.7
Adelaide-Canberra,Adelaide,Canberra,Qantas,February,83,83,0,72,72,11,11,86.7,86.7,0
Canberra-Adelaide,Canberra,Adelaide,Qantas,February,83,83,0,68,73,15,10,81.9,88,0
Brisbane-Cairns,Brisbane,Cairns,Qantas,February,85,85,0,61,63,24,22,71.8,74.1,0
Cairns-Brisbane,Cairns,Brisbane,Qantas,February,85,85,0,60,61,25,24,70.6,71.8,0
Adelaide-Perth,Adelaide,Perth,Qantas,February,87,73,14,56,59,17,14,76.7,80.8,16.1
Perth-Adelaide,Perth,Adelaide,Qantas,February,87,72,15,63,61,9,11,87.5,84.7,17.2
Sydney-Hobart,Sydney,Hobart,Jetstar,February,88,87,1,72,75,15,12,82.8,86.2,1.1
Hobart-Sydney,Hobart,Sydney,Jetstar,February,89,87,2,71,76,16,11,81.6,87.4,2.2
Launceston-Melbourne,Launceston,Melbourne,Virgin Australia,February,95,95,0,71,72,24,23,74.7,75.8,0
Melbourne-Launceston,Melbourne,Launceston,Virgin Australia,February,95,95,0,70,62,25,33,73.7,65.3,0
Melbourne-Mildura,Melbourne,Mildura,Rex Airlines,February,95,95,0,71,63,24,32,74.7,66.3,0
Mildura-Melbourne,Mildura,Melbourne,Rex Airlines,February,95,95,0,57,52,38,43,60,54.7,0
Brisbane-Canberra,Brisbane,Canberra,Virgin Australia,February,96,93,3,70,70,23,23,75.3,75.3,3.1
Canberra-Brisbane,Canberra,Brisbane,Virgin Australia,February,96,94,2,74,72,20,22,78.7,76.6,2.1
Sunshine Coast-Sydney,Sunshine Coast,Sydney,Jetstar,February,96,94,2,70,72,24,22,74.5,76.6,2.1
Perth-Newman,Perth,Newman,Qantas,February,97,72,25,54,55,18,17,75,76.4,25.8
Sydney-Sunshine Coast,Sydney,Sunshine Coast,Jetstar,February,97,96,1,79,80,17,16,82.3,83.3,1
Newman-Perth,Newman,Perth,Qantas,February,98,72,26,54,49,18,23,75,68.1,26.5
Albury-Sydney,Albury,Sydney,Qantas,February,99,95,4,63,65,32,30,66.3,68.4,4
Sydney-Albury,Sydney,Albury,Qantas,February,100,96,4,62,63,34,33,64.6,65.6,4
Sydney-Wagga Wagga,Sydney,Wagga Wagga,Qantas,February,100,94,6,66,62,28,32,70.2,66,6
Wagga Wagga-Sydney,Wagga Wagga,Sydney,Qantas,February,100,93,7,71,72,22,21,76.3,77.4,7
Melbourne-Mildura,Melbourne,Mildura,Qantas,February,103,101,2,59,54,42,47,58.4,53.5,1.9
Mildura-Melbourne,Mildura,Melbourne,Qantas,February,104,102,2,50,56,52,46,49,54.9,1.9
Brisbane-Perth,Brisbane,Perth,Virgin Australia,February,105,104,1,61,83,43,21,58.7,79.8,1
Perth-Brisbane,Perth,Brisbane,Virgin Australia,February,105,103,2,70,81,33,22,68,78.6,1.9
Adelaide-Melbourne,Adelaide,Melbourne,Jetstar,February,108,108,0,76,83,32,25,70.4,76.9,0
Coffs Harbour-Sydney,Coffs Harbour,Sydney,Qantas,February,108,102,6,72,68,30,34,70.6,66.7,5.6
Dubbo-Sydney,Dubbo,Sydney,Qantas,February,108,100,8,70,67,30,33,70,67,7.4
Dubbo-Sydney,Dubbo,Sydney,Rex Airlines,February,108,105,3,70,66,35,39,66.7,62.9,2.8
Melbourne-Adelaide,Melbourne,Adelaide,Jetstar,February,108,108,0,80,77,28,31,74.1,71.3,0
Port Macquarie-Sydney,Port Macquarie,Sydney,Qantas,February,108,100,8,80,75,20,25,80,75,7.4
Sydney-Coffs Harbour,Sydney,Coffs Harbour,Qantas,February,108,104,4,61,58,43,46,58.7,55.8,3.7
Sydney-Dubbo,Sydney,Dubbo,Qantas,February,108,101,7,59,64,42,37,58.4,63.4,6.5
Sydney-Port Macquarie,Sydney,Port Macquarie,Qantas,February,108,100,8,72,75,28,25,72,75,7.4
Sydney-Dubbo,Sydney,Dubbo,Rex Airlines,February,110,108,2,71,71,37,37,65.7,65.7,1.8
Brisbane-Newcastle,Brisbane,Newcastle,Qantas,February,112,109,3,91,79,18,30,83.5,72.5,2.7
Devonport-Melbourne,Devonport,Melbourne,Qantas,February,112,109,3,81,76,28,33,74.3,69.7,2.7
Launceston-Melbourne,Launceston,Melbourne,Qantas,February,112,106,6,77,72,29,34,72.6,67.9,5.4
Melbourne-Devonport,Melbourne,Devonport,Qantas,February,112,109,3,72,72,37,37,66.1,66.1,2.7
Melbourne-Launceston,Melbourne,Launceston,Qantas,February,112,106,6,60,55,46,51,56.6,51.9,5.4
Newcastle-Brisbane,Newcastle,Brisbane,Qantas,February,112,108,4,84,82,24,26,77.8,75.9,3.6
Adelaide-Sydney,Adelaide,Sydney,Jetstar,February,114,106,8,79,78,27,28,74.5,73.6,7
Brisbane-Mackay,Brisbane,Mackay,Qantas,February,114,113,1,70,67,43,46,61.9,59.3,0.9
Gold Coast-Sydney,Gold Coast,Sydney,Qantas,February,116,116,0,83,86,33,30,71.6,74.1,0
Melbourne-Launceston,Melbourne,Launceston,Jetstar,February,116,116,0,73,73,43,43,62.9,62.9,0
Sydney-Adelaide,Sydney,Adelaide,Jetstar,February,116,108,8,71,78,37,30,65.7,72.2,6.9
Sydney-Gold Coast,Sydney,Gold Coast,Qantas,February,116,116,0,73,74,43,42,62.9,63.8,0
Launceston-Melbourne,Launceston,Melbourne,Jetstar,February,117,116,1,70,76,46,40,60.3,65.5,0.9
Mackay-Brisbane,Mackay,Brisbane,Qantas,February,118,117,1,76,69,41,48,65,59,0.8
Hobart-Melbourne,Hobart,Melbourne,Virgin Australia,February,119,118,1,76,65,42,53,64.4,55.1,0.8
Melbourne-Hobart,Melbourne,Hobart,Virgin Australia,February,119,119,0,91,80,28,39,76.5,67.2,0
Brisbane-Emerald,Brisbane,Emerald,Qantas,February,121,118,3,99,102,19,16,83.9,86.4,2.5
Brisbane-Mackay,Brisbane,Mackay,Virgin Australia,February,121,119,2,79,59,40,60,66.4,49.6,1.7
Brisbane-Townsville,Brisbane,Townsville,Virgin Australia,February,121,119,2,87,82,32,37,73.1,68.9,1.7
Emerald-Brisbane,Emerald,Brisbane,Qantas,February,121,118,3,100,93,18,25,84.7,78.8,2.5
Mackay-Brisbane,Mackay,Brisbane,Virgin Australia,February,121,119,2,71,63,48,56,59.7,52.9,1.7
Townsville-Brisbane,Townsville,Brisbane,Virgin Australia,February,121,119,2,88,87,31,32,73.9,73.1,1.7
Canberra-Melbourne,Canberra,Melbourne,Virgin Australia,February,124,120,4,86,82,34,38,71.7,68.3,3.2
Melbourne-Canberra,Melbourne,Canberra,Virgin Australia,February,124,121,3,88,83,33,38,72.7,68.6,2.4
Adelaide-Brisbane,Adelaide,Brisbane,Virgin Australia,February,125,123,2,104,110,19,13,84.6,89.4,1.6
Brisbane-Adelaide,Brisbane,Adelaide,Virgin Australia,February,125,124,1,102,103,22,21,82.3,83.1,0.8
Adelaide-Port Lincoln,Adelaide,Port Lincoln,Qantas,February,128,125,3,106,109,19,16,84.8,87.2,2.3
Port Lincoln-Adelaide,Port Lincoln,Adelaide,Qantas,February,128,125,3,109,107,16,18,87.2,85.6,2.3
Brisbane-Gladstone,Brisbane,Gladstone,Qantas,February,133,132,1,98,100,34,32,74.2,75.8,0.8
Gladstone-Brisbane,Gladstone,Brisbane,Qantas,February,133,131,2,98,99,33,32,74.8,75.6,1.5
Brisbane-Cairns,Brisbane,Cairns,Virgin Australia,February,134,134,0,93,84,41,50,69.4,62.7,0
Brisbane-Melbourne,Brisbane,Melbourne,Jetstar,February,134,132,2,88,96,44,36,66.7,72.7,1.5
Cairns-Brisbane,Cairns,Brisbane,Virgin Australia,February,134,134,0,81,96,53,38,60.4,71.6,0
Melbourne-Brisbane,Melbourne,Brisbane,Jetstar,February,135,133,2,82,84,51,49,61.7,63.2,1.5
Perth-Port Hedland,Perth,Port Hedland,Qantas,February,135,104,31,78,79,26,25,75,76,23
Perth-Sydney,Perth,Sydney,Virgin Australia,February,135,132,3,98,100,34,32,74.2,75.8,2.2
Port Hedland-Perth,Port Hedland,Perth,Qantas,February,135,104,31,73,57,31,47,70.2,54.8,23
Rockhampton-Brisbane,Rockhampton,Brisbane,Virgin Australia,February,136,136,0,106,104,30,32,77.9,76.5,0
Brisbane-Rockhampton,Brisbane,Rockhampton,Virgin Australia,February,137,137,0,102,94,35,43,74.5,68.6,0
Cairns-Townsville,Cairns,Townsville,Qantas,February,137,130,7,111,113,19,17,85.4,86.9,5.1
Townsville-Cairns,Townsville,Cairns,Qantas,February,137,128,9,117,115,11,13,91.4,89.8,6.6
Brisbane-Perth,Brisbane,Perth,Qantas,February,139,139,0,111,124,28,15,79.9,89.2,0
Perth-Brisbane,Perth,Brisbane,Qantas,February,139,139,0,114,104,25,35,82,74.8,0
Perth-Karratha,Perth,Karratha,Qantas,February,139,100,39,79,81,21,19,79,81,28.1
Brisbane-Sydney,Brisbane,Sydney,Rex Airlines,February,141,134,7,109,110,25,24,81.3,82.1,5
Karratha-Perth,Karratha,Perth,Qantas,February,141,99,42,80,70,19,29,80.8,70.7,29.8
Sydney-Brisbane,Sydney,Brisbane,Rex Airlines,February,142,135,7,111,108,24,27,82.2,80,4.9
Adelaide-Port Lincoln,Adelaide,Port Lincoln,Rex Airlines,February,143,140,3,120,116,20,24,85.7,82.9,2.1
Port Lincoln-Adelaide,Port Lincoln,Adelaide,Rex Airlines,February,143,140,3,116,118,24,22,82.9,84.3,2.1
Adelaide-Sydney,Adelaide,Sydney,Virgin Australia,February,148,141,7,104,106,37,35,73.8,75.2,4.7
Sydney-Adelaide,Sydney,Adelaide,Virgin Australia,February,148,141,7,111,106,30,35,78.7,75.2,4.7
Sydney-Brisbane,Sydney,Brisbane,Jetstar,February,148,139,9,112,113,27,26,80.6,81.3,6.1
Sydney-Perth,Sydney,Perth,Virgin Australia,February,148,146,2,92,103,54,43,63,70.5,1.4
Adelaide-Brisbane,Adelaide,Brisbane,Qantas,February,149,149,0,125,125,24,24,83.9,83.9,0
Brisbane-Adelaide,Brisbane,Adelaide,Qantas,February,149,149,0,110,125,39,24,73.8,83.9,0
Hobart-Melbourne,Hobart,Melbourne,Jetstar,February,149,148,1,92,100,56,48,62.2,67.6,0.7
Melbourne-Hobart,Melbourne,Hobart,Jetstar,February,149,148,1,104,102,44,46,70.3,68.9,0.7
Brisbane-Sydney,Brisbane,Sydney,Jetstar,February,150,142,8,104,112,38,30,73.2,78.9,5.3
Brisbane-Canberra,Brisbane,Canberra,Qantas,February,154,152,2,124,127,28,25,81.6,83.6,1.3
Canberra-Brisbane,Canberra,Brisbane,Qantas,February,154,152,2,134,132,18,20,88.2,86.8,1.3
Melbourne-Perth,Melbourne,Perth,Virgin Australia,February,186,184,2,123,121,61,63,66.8,65.8,1.1
Brisbane-Rockhampton,Brisbane,Rockhampton,Qantas,February,187,176,11,133,134,43,42,75.6,76.1,5.9
Rockhampton-Brisbane,Rockhampton,Brisbane,Qantas,February,187,172,15,128,129,44,43,74.4,75,8
Melbourne-Perth,Melbourne,Perth,Qantas,February,194,188,6,112,107,76,81,59.6,56.9,3.1
Perth-Sydney,Perth,Sydney,Qantas,February,195,183,12,105,105,78,78,57.4,57.4,6.2
Sydney-Perth,Sydney,Perth,Qantas,February,195,186,9,101,106,85,80,54.3,57,4.6
Perth-Melbourne,Perth,Melbourne,Qantas,February,196,193,3,125,134,68,59,64.8,69.4,1.5
Perth-Melbourne,Perth,Melbourne,Virgin Australia,February,202,199,3,149,147,50,52,74.9,73.9,1.5
Melbourne-Sydney,Melbourne,Sydney,Rex Airlines,February,203,199,4,161,151,38,48,80.9,75.9,2
Sydney-Melbourne,Sydney,Melbourne,Rex Airlines,February,203,199,4,158,149,41,50,79.4,74.9,2
Gold Coast-Sydney,Gold Coast,Sydney,Jetstar,February,213,202,11,156,162,46,40,77.2,80.2,5.2
Sydney-Gold Coast,Sydney,Gold Coast,Jetstar,February,213,202,11,154,156,48,46,76.2,77.2,5.2
Gold Coast-Melbourne,Gold Coast,Melbourne,Virgin Australia,February,217,214,3,131,148,83,66,61.2,69.2,1.4
Melbourne-Gold Coast,Melbourne,Gold Coast,Virgin Australia,February,219,216,3,143,133,73,83,66.2,61.6,1.4
Adelaide-Sydney,Adelaide,Sydney,Qantas,February,220,217,3,163,167,54,50,75.1,77,1.4
Sydney-Adelaide,Sydney,Adelaide,Qantas,February,220,219,1,146,147,73,72,66.7,67.1,0.5
Gold Coast-Melbourne,Gold Coast,Melbourne,Jetstar,February,232,225,7,166,172,59,53,73.8,76.4,3
Melbourne-Gold Coast,Melbourne,Gold Coast,Jetstar,February,232,224,8,157,159,67,65,70.1,71,3.4
Canberra-Sydney,Canberra,Sydney,Virgin Australia,February,235,224,11,185,183,39,41,82.6,81.7,4.7
Sydney-Canberra,Sydney,Canberra,Virgin Australia,February,235,224,11,178,186,46,38,79.5,83,4.7
Adelaide-Melbourne,Adelaide,Melbourne,Qantas,February,238,234,4,169,157,65,77,72.2,67.1,1.7
Melbourne-Adelaide,Melbourne,Adelaide,Qantas,February,239,234,5,161,155,73,79,68.8,66.2,2.1
Canberra-Melbourne,Canberra,Melbourne,Qantas,February,241,236,5,173,165,63,71,73.3,69.9,2.1
Melbourne-Canberra,Melbourne,Canberra,Qantas,February,241,237,4,190,181,47,56,80.2,76.4,1.7
Melbourne-Adelaide,Melbourne,Adelaide,Virgin Australia,February,248,244,4,169,133,75,111,69.3,54.5,1.6
Adelaide-Melbourne,Adelaide,Melbourne,Virgin Australia,February,249,247,2,156,148,91,99,63.2,59.9,0.8
Sydney-Gold Coast,Sydney,Gold Coast,Virgin Australia,February,267,259,8,215,202,44,57,83,78,3
Gold Coast-Sydney,Gold Coast,Sydney,Virgin Australia,February,268,260,8,196,205,64,55,75.4,78.8,3
Brisbane-Melbourne,Brisbane,Melbourne,Qantas,February,353,345,8,274,258,71,87,79.4,74.8,2.3
Melbourne-Brisbane,Melbourne,Brisbane,Qantas,February,356,348,8,267,242,81,106,76.7,69.5,2.2
Brisbane-Melbourne,Brisbane,Melbourne,Virgin Australia,February,363,353,10,256,243,97,110,72.5,68.8,2.8
Melbourne-Brisbane,Melbourne,Brisbane,Virgin Australia,February,364,356,8,268,235,88,121,75.3,66,2.2
Canberra-Sydney,Canberra,Sydney,Qantas,February,387,366,21,241,239,125,127,65.8,65.3,5.4
Sydney-Canberra,Sydney,Canberra,Qantas,February,387,369,18,266,252,103,117,72.1,68.3,4.7
Sydney-Melbourne,Sydney,Melbourne,Jetstar,February,434,416,18,307,304,109,112,73.8,73.1,4.1
Melbourne-Sydney,Melbourne,Sydney,Jetstar,February,435,414,21,298,299,116,115,72,72.2,4.8
Sydney-Brisbane,Sydney,Brisbane,Virgin Australia,February,447,420,27,331,323,89,97,78.8,76.9,6
Brisbane-Sydney,Brisbane,Sydney,Virgin Australia,February,450,425,25,312,317,113,108,73.4,74.6,5.6
Brisbane-Sydney,Brisbane,Sydney,Qantas,February,493,471,22,372,376,99,95,79,79.8,4.5
Sydney-Brisbane,Sydney,Brisbane,Qantas,February,497,477,20,321,311,156,166,67.3,65.2,4
Sydney-Melbourne,Sydney,Melbourne,Virgin Australia,February,730,684,46,515,485,169,199,75.3,70.9,6.3
Melbourne-Sydney,Melbourne,Sydney,Virgin Australia,February,743,697,46,552,473,145,224,79.2,67.9,6.2
Melbourne-Sydney,Melbourne,Sydney,Qantas,February,837,770,67,547,469,223,301,71,60.9,8
Sydney-Melbourne,Sydney,Melbourne,Qantas,February,837,760,77,508,491,252,269,66.8,64.6,9.2
Broome-Perth,Broome,Perth,Qantas,March,2,2,0,1,1,1,1,50,50,0
Perth-Broome,Perth,Broome,Qantas,March,2,2,0,1,1,1,1,50,50,0
Brisbane-Hamilton Island,Brisbane,Hamilton Island,Qantas,March,4,4,0,4,4,0,0,100,100,0
Hamilton Island-Brisbane,Hamilton Island,Brisbane,Qantas,March,4,4,0,4,4,0,0,100,100,0
Darwin-Perth,Darwin,Perth,Qantas,March,5,2,3,2,2,0,0,100,100,60
Darwin-Perth,Darwin,Perth,Virgin Australia,March,5,5,0,2,2,3,3,40,40,0
Perth-Darwin,Perth,Darwin,Qantas,March,5,2,3,2,2,0,0,100,100,60
Perth-Darwin,Perth,Darwin,Virgin Australia,March,5,5,0,3,2,2,3,60,40,0
Brisbane-Cairns,Brisbane,Cairns,Rex Airlines,March,8,7,1,7,6,0,1,100,85.7,12.5
Cairns-Brisbane,Cairns,Brisbane,Rex Airlines,March,8,6,2,6,6,0,0,100,100,25
Perth-Port Hedland,Perth,Port Hedland,Qantas,March,8,6,2,4,4,2,2,66.7,66.7,25
Port Hedland-Perth,Port Hedland,Perth,Qantas,March,8,6,2,3,3,3,3,50,50,25
Melbourne-Mildura,Melbourne,Mildura,Bonza,March,9,9,0,4,3,5,6,44.4,33.3,0
Mildura-Melbourne,Mildura,Melbourne,Bonza,March,9,9,0,3,3,6,6,33.3,33.3,0
Melbourne-Sunshine Coast,Melbourne,Sunshine Coast,Bonza,March,12,12,0,7,9,5,3,58.3,75,0
Sunshine Coast-Melbourne,Sunshine Coast,Melbourne,Bonza,March,12,12,0,9,9,3,3,75,75,0
Adelaide-Alice Springs,Adelaide,Alice Springs,Virgin Australia,March,13,13,0,10,8,3,5,76.9,61.5,0
Adelaide-Melbourne,Adelaide,Melbourne,Qantas,March,13,12,1,9,10,3,2,75,83.3,7.7
Alice Springs-Adelaide,Alice Springs,Adelaide,Virgin Australia,March,13,13,0,3,7,10,6,23.1,53.8,0
Brisbane-Mount Isa,Brisbane,Mount Isa,Virgin Australia,March,13,12,1,9,7,3,5,75,58.3,7.7
Cairns-Townsville,Cairns,Townsville,Rex Airlines,March,13,12,1,9,9,3,3,75,75,7.7
Melbourne-Adelaide,Melbourne,Adelaide,Qantas,March,13,12,1,9,9,3,3,75,75,7.7
Mount Isa-Brisbane,Mount Isa,Brisbane,Virgin Australia,March,13,12,1,6,5,6,7,50,41.7,7.7
Perth-Broome,Perth,Broome,Virgin Australia,March,13,13,0,10,11,3,2,76.9,84.6,0
Townsville-Cairns,Townsville,Cairns,Rex Airlines,March,13,12,1,10,10,2,2,83.3,83.3,7.7
Broome-Perth,Broome,Perth,Virgin Australia,March,14,13,1,7,11,6,2,53.8,84.6,7.1
Darwin-Brisbane,Darwin,Brisbane,Jetstar,March,14,14,0,10,10,4,4,71.4,71.4,0
Brisbane-Darwin,Brisbane,Darwin,Jetstar,March,15,15,0,10,9,5,6,66.7,60,0
Darwin-Melbourne,Darwin,Melbourne,Jetstar,March,15,15,0,6,7,9,8,40,46.7,0
Melbourne-Darwin,Melbourne,Darwin,Jetstar,March,15,15,0,11,12,4,3,73.3,80,0
Newman-Perth,Newman,Perth,Virgin Australia,March,15,15,0,9,9,6,6,60,60,0
Perth-Newman,Perth,Newman,Virgin Australia,March,15,15,0,10,10,5,5,66.7,66.7,0
Adelaide-Canberra,Adelaide,Canberra,Virgin Australia,March,16,16,0,14,13,2,3,87.5,81.3,0
Canberra-Adelaide,Canberra,Adelaide,Virgin Australia,March,16,16,0,13,14,3,2,81.3,87.5,0
Karratha-Perth,Karratha,Perth,Qantas,March,16,15,1,10,13,5,2,66.7,86.7,6.3
Perth-Karratha,Perth,Karratha,Qantas,March,16,15,1,11,12,4,3,73.3,80,6.3
Canberra-Sydney,Canberra,Sydney,Qantas,March,17,17,0,13,13,4,4,76.5,76.5,0
Darwin-Perth,Darwin,Perth,Virgin Australia,March,17,17,0,7,9,10,8,41.2,52.9,0
Gold Coast-Melbourne,Gold Coast,Melbourne,Bonza,March,17,15,2,8,3,7,12,53.3,20,11.8
Kalgoorlie-Perth,Kalgoorlie,Perth,Qantas,March,17,13,4,9,10,4,3,69.2,76.9,23.5
Melbourne-Gold Coast,Melbourne,Gold Coast,Bonza,March,17,15,2,5,7,10,8,33.3,46.7,11.8
Newman-Perth,Newman,Perth,Qantas,March,17,13,4,11,11,2,2,84.6,84.6,23.5
Perth-Darwin,Perth,Darwin,Virgin Australia,March,17,17,0,10,11,7,6,58.8,64.7,0
Perth-Kalgoorlie,Perth,Kalgoorlie,Qantas,March,17,13,4,12,11,1,2,92.3,84.6,23.5
Perth-Newman,Perth,Newman,Qantas,March,17,13,4,12,11,1,2,92.3,84.6,23.5
Sydney-Canberra,Sydney,Canberra,Qantas,March,17,17,0,16,15,1,2,94.1,88.2,0
Perth-Broome,Perth,Broome,Virgin Australia,March,18,18,0,8,13,10,5,44.4,72.2,0
Broome-Perth,Broome,Perth,Virgin Australia,March,19,18,1,9,12,9,6,50,66.7,5.3
Hamilton Island-Sydney,Hamilton Island,Sydney,Jetstar,March,19,19,0,14,14,5,5,73.7,73.7,0
Sydney-Hamilton Island,Sydney,Hamilton Island,Jetstar,March,19,19,0,14,13,5,6,73.7,68.4,0
Karratha-Perth,Karratha,Perth,Virgin Australia,March,21,20,1,15,15,5,5,75,75,4.8
Perth-Karratha,Perth,Karratha,Virgin Australia,March,21,20,1,16,16,4,4,80,80,4.8
Perth-Port Hedland,Perth,Port Hedland,Virgin Australia,March,21,21,0,13,14,8,7,61.9,66.7,0
Port Hedland-Perth,Port Hedland,Perth,Virgin Australia,March,21,20,1,9,11,11,9,45,55,4.8
Brisbane-Proserpine,Brisbane,Proserpine,Jetstar,March,22,22,0,20,20,2,2,90.9,90.9,0
Darwin-Melbourne,Darwin,Melbourne,Virgin Australia,March,22,22,0,9,12,13,10,40.9,54.5,0
Melbourne-Darwin,Melbourne,Darwin,Virgin Australia,March,22,22,0,14,13,8,9,63.6,59.1,0
Proserpine-Brisbane,Proserpine,Brisbane,Jetstar,March,22,22,0,20,18,2,4,90.9,81.8,0
Brisbane-Launceston,Brisbane,Launceston,Jetstar,March,23,23,0,14,17,9,6,60.9,73.9,0
Brisbane-Proserpine,Brisbane,Proserpine,Qantas,March,23,23,0,20,20,3,3,87,87,0
Canberra-Melbourne,Canberra,Melbourne,Jetstar,March,23,23,0,16,14,7,9,69.6,60.9,0
Launceston-Brisbane,Launceston,Brisbane,Jetstar,March,23,23,0,15,20,8,3,65.2,87,0
Melbourne-Canberra,Melbourne,Canberra,Jetstar,March,23,23,0,14,17,9,6,60.9,73.9,0
Proserpine-Brisbane,Proserpine,Brisbane,Qantas,March,23,23,0,20,20,3,3,87,87,0
Brisbane-Hamilton Island,Brisbane,Hamilton Island,Qantas,March,24,24,0,16,12,8,12,66.7,50,0
Brisbane-Launceston,Brisbane,Launceston,Virgin Australia,March,24,23,1,15,11,8,12,65.2,47.8,4.2
Canberra-Gold Coast,Canberra,Gold Coast,Jetstar,March,24,24,0,20,20,4,4,83.3,83.3,0
Gold Coast-Canberra,Gold Coast,Canberra,Jetstar,March,24,24,0,20,22,4,2,83.3,91.7,0
Hamilton Island-Brisbane,Hamilton Island,Brisbane,Qantas,March,24,24,0,11,8,13,16,45.8,33.3,0
Launceston-Brisbane,Launceston,Brisbane,Virgin Australia,March,24,23,1,12,14,11,9,52.2,60.9,4.2
Brisbane-Emerald,Brisbane,Emerald,Virgin Australia,March,26,25,1,13,15,12,10,52,60,3.8
Emerald-Brisbane,Emerald,Brisbane,Virgin Australia,March,26,25,1,16,15,9,10,64,60,3.8
Brisbane-Hobart,Brisbane,Hobart,Qantas,March,27,26,1,21,20,5,6,80.8,76.9,3.7
Hobart-Brisbane,Hobart,Brisbane,Qantas,March,27,26,1,21,22,5,4,80.8,84.6,3.7
Kalgoorlie-Perth,Kalgoorlie,Perth,Virgin Australia,March,27,24,3,16,17,8,7,66.7,70.8,11.1
Perth-Kalgoorlie,Perth,Kalgoorlie,Virgin Australia,March,27,25,2,19,20,6,5,76,80,7.4
Melbourne-Darwin,Melbourne,Darwin,Qantas,March,28,28,0,11,10,17,18,39.3,35.7,0
Canberra-Gold Coast,Canberra,Gold Coast,Virgin Australia,March,29,29,0,23,23,6,6,79.3,79.3,0
Gold Coast-Canberra,Gold Coast,Canberra,Virgin Australia,March,29,29,0,17,17,12,12,58.6,58.6,0
Brisbane-Darwin,Brisbane,Darwin,Virgin Australia,March,30,29,1,19,24,10,5,65.5,82.8,3.3
Darwin-Brisbane,Darwin,Brisbane,Virgin Australia,March,30,29,1,22,21,7,8,75.9,72.4,3.3
Darwin-Melbourne,Darwin,Melbourne,Qantas,March,30,30,0,23,11,7,19,76.7,36.7,0
Hobart-Melbourne,Hobart,Melbourne,Qantas,March,30,30,0,21,19,9,11,70,63.3,0
Launceston-Sydney,Launceston,Sydney,Qantas,March,30,30,0,26,27,4,3,86.7,90,0
Sydney-Hamilton Island,Sydney,Hamilton Island,Qantas,March,30,30,0,19,20,11,10,63.3,66.7,0
Adelaide-Brisbane,Adelaide,Brisbane,Jetstar,March,31,30,1,22,24,8,6,73.3,80,3.2
Adelaide-Gold Coast,Adelaide,Gold Coast,Jetstar,March,31,31,0,27,27,4,4,87.1,87.1,0
Adelaide-Perth,Adelaide,Perth,Jetstar,March,31,31,0,24,24,7,7,77.4,77.4,0
Adelaide-Perth,Adelaide,Perth,Qantas,March,31,27,4,16,10,11,17,59.3,37,12.9
Adelaide-Sydney,Adelaide,Sydney,Rex Airlines,March,31,31,0,21,22,10,9,67.7,71,0
Brisbane-Adelaide,Brisbane,Adelaide,Jetstar,March,31,30,1,19,23,11,7,63.3,76.7,3.2
Brisbane-Hobart,Brisbane,Hobart,Jetstar,March,31,31,0,28,27,3,4,90.3,87.1,0
Brisbane-Mackay,Brisbane,Mackay,Jetstar,March,31,31,0,23,23,8,8,74.2,74.2,0
Brisbane-Perth,Brisbane,Perth,Jetstar,March,31,31,0,22,27,9,4,71,87.1,0
Canberra-Brisbane,Canberra,Brisbane,Jetstar,March,31,31,0,23,23,8,8,74.2,74.2,0
Canberra-Melbourne,Canberra,Melbourne,Rex Airlines,March,31,31,0,26,23,5,8,83.9,74.2,0
Gold Coast-Adelaide,Gold Coast,Adelaide,Jetstar,March,31,31,0,25,27,6,4,80.6,87.1,0
Gold Coast-Melbourne,Gold Coast,Melbourne,Rex Airlines,March,31,31,0,23,25,8,6,74.2,80.6,0
Gold Coast-Sydney,Gold Coast,Sydney,Rex Airlines,March,31,31,0,29,29,2,2,93.5,93.5,0
Hamilton Island-Sydney,Hamilton Island,Sydney,Qantas,March,31,31,0,20,20,11,11,64.5,64.5,0
Hamilton Island-Sydney,Hamilton Island,Sydney,Virgin Australia,March,31,31,0,23,20,8,11,74.2,64.5,0
Hobart-Brisbane,Hobart,Brisbane,Jetstar,March,31,31,0,23,25,8,6,74.2,80.6,0
Hobart-Melbourne,Hobart,Melbourne,Rex Airlines,March,31,31,0,28,21,3,10,90.3,67.7,0
Launceston-Sydney,Launceston,Sydney,Virgin Australia,March,31,31,0,28,29,3,2,90.3,93.5,0
Mackay-Brisbane,Mackay,Brisbane,Jetstar,March,31,31,0,23,23,8,8,74.2,74.2,0
Melbourne-Canberra,Melbourne,Canberra,Rex Airlines,March,31,31,0,30,27,1,4,96.8,87.1,0
Melbourne-Gold Coast,Melbourne,Gold Coast,Rex Airlines,March,31,31,0,29,26,2,5,93.5,83.9,0
Melbourne-Hobart,Melbourne,Hobart,Qantas,March,31,31,0,27,25,4,6,87.1,80.6,0
Melbourne-Hobart,Melbourne,Hobart,Rex Airlines,March,31,31,0,29,28,2,3,93.5,90.3,0
Perth-Adelaide,Perth,Adelaide,Qantas,March,31,27,4,1,2,26,25,3.7,7.4,12.9
Perth-Brisbane,Perth,Brisbane,Jetstar,March,31,31,0,23,23,8,8,74.2,74.2,0
Sydney-Adelaide,Sydney,Adelaide,Rex Airlines,March,31,31,0,22,25,9,6,71,80.6,0
Sydney-Gold Coast,Sydney,Gold Coast,Rex Airlines,March,31,31,0,29,29,2,2,93.5,93.5,0
Sydney-Hamilton Island,Sydney,Hamilton Island,Virgin Australia,March,31,31,0,30,26,1,5,96.8,83.9,0
Sydney-Launceston,Sydney,Launceston,Qantas,March,31,31,0,26,27,5,4,83.9,87.1,0
Sydney-Launceston,Sydney,Launceston,Virgin Australia,March,31,31,0,28,30,3,1,90.3,96.8,0
Adelaide-Gold Coast,Adelaide,Gold Coast,Virgin Australia,March,32,32,0,27,28,5,4,84.4,87.5,0
Brisbane-Canberra,Brisbane,Canberra,Jetstar,March,32,31,1,23,24,8,7,74.2,77.4,3.1
Darwin-Perth,Darwin,Perth,Qantas,March,32,27,5,13,14,14,13,48.1,51.9,15.6
Gold Coast-Adelaide,Gold Coast,Adelaide,Virgin Australia,March,32,32,0,21,20,11,12,65.6,62.5,0
Melbourne-Sunshine Coast,Melbourne,Sunshine Coast,Qantas,March,32,32,0,24,26,8,6,75,81.3,0
Melbourne-Sydney,Melbourne,Sydney,Qantas,March,32,31,1,22,20,9,11,71,64.5,3.1
Perth-Adelaide,Perth,Adelaide,Jetstar,March,32,31,1,22,21,9,10,71,67.7,3.1
Perth-Darwin,Perth,Darwin,Qantas,March,32,27,5,18,16,9,11,66.7,59.3,15.6
Sunshine Coast-Melbourne,Sunshine Coast,Melbourne,Qantas,March,32,32,0,22,19,10,13,68.8,59.4,0
Sydney-Melbourne,Sydney,Melbourne,Qantas,March,32,29,3,18,17,11,12,62.1,58.6,9.4
Adelaide-Perth,Adelaide,Perth,Virgin Australia,March,34,32,2,15,15,17,17,46.9,46.9,5.9
Brisbane-Gladstone,Brisbane,Gladstone,Virgin Australia,March,34,32,2,14,13,18,19,43.8,40.6,5.9
Brisbane-Melbourne,Brisbane,Melbourne,Qantas,March,34,30,4,17,10,13,20,56.7,33.3,11.8
Gladstone-Brisbane,Gladstone,Brisbane,Virgin Australia,March,34,32,2,11,11,21,21,34.4,34.4,5.9
Perth-Adelaide,Perth,Adelaide,Virgin Australia,March,34,32,2,22,19,10,13,68.8,59.4,5.9
Hobart-Sydney,Hobart,Sydney,Qantas,March,35,35,0,24,29,11,6,68.6,82.9,0
Sydney-Hobart,Sydney,Hobart,Qantas,March,35,35,0,26,30,9,5,74.3,85.7,0
Cairns-Melbourne,Cairns,Melbourne,Qantas,March,36,36,0,25,29,11,7,69.4,80.6,0
Melbourne-Brisbane,Melbourne,Brisbane,Qantas,March,36,32,4,25,20,7,12,78.1,62.5,11.1
Melbourne-Cairns,Melbourne,Cairns,Qantas,March,36,36,0,30,30,6,6,83.3,83.3,0
Adelaide-Perth,Adelaide,Perth,Virgin Australia,March,38,36,2,11,15,25,21,30.6,41.7,5.3
Brisbane-Hamilton Island,Brisbane,Hamilton Island,Virgin Australia,March,38,38,0,32,33,6,5,84.2,86.8,0
Devonport-Melbourne,Devonport,Melbourne,Rex Airlines,March,38,38,0,28,25,10,13,73.7,65.8,0
Hamilton Island-Brisbane,Hamilton Island,Brisbane,Virgin Australia,March,38,38,0,33,33,5,5,86.8,86.8,0
Melbourne-Devonport,Melbourne,Devonport,Rex Airlines,March,38,38,0,32,32,6,6,84.2,84.2,0
Perth-Adelaide,Perth,Adelaide,Virgin Australia,March,38,36,2,23,21,13,15,63.9,58.3,5.3
Brisbane-Proserpine,Brisbane,Proserpine,Virgin Australia,March,39,39,0,34,31,5,8,87.2,79.5,0
Perth-Port Hedland,Perth,Port Hedland,Virgin Australia,March,39,38,1,37,37,1,1,97.4,97.4,2.6
Port Hedland-Perth,Port Hedland,Perth,Virgin Australia,March,39,38,1,30,25,8,13,78.9,65.8,2.6
Proserpine-Brisbane,Proserpine,Brisbane,Virgin Australia,March,39,39,0,30,28,9,11,76.9,71.8,0
Gold Coast-Melbourne,Gold Coast,Melbourne,Qantas,March,40,40,0,24,23,16,17,60,57.5,0
Melbourne-Gold Coast,Melbourne,Gold Coast,Qantas,March,40,40,0,31,29,9,11,77.5,72.5,0
Newman-Perth,Newman,Perth,Virgin Australia,March,40,40,0,25,25,15,15,62.5,62.5,0
Perth-Newman,Perth,Newman,Virgin Australia,March,40,40,0,35,32,5,8,87.5,80,0
Brisbane-Hobart,Brisbane,Hobart,Virgin Australia,March,41,40,1,32,33,8,7,80,82.5,2.4
Hobart-Brisbane,Hobart,Brisbane,Virgin Australia,March,41,40,1,28,30,12,10,70,75,2.4
Adelaide-Alice Springs,Adelaide,Alice Springs,Qantas,March,44,44,0,40,39,4,5,90.9,88.6,0
Alice Springs-Adelaide,Alice Springs,Adelaide,Qantas,March,44,44,0,39,39,5,5,88.6,88.6,0
Brisbane-Mackay,Brisbane,Mackay,Qantas,March,44,44,0,39,39,5,5,88.6,88.6,0
Mackay-Brisbane,Mackay,Brisbane,Qantas,March,44,44,0,38,36,6,8,86.4,81.8,0
Melbourne-Newcastle,Melbourne,Newcastle,Virgin Australia,March,45,45,0,32,30,13,15,71.1,66.7,0
Newcastle-Melbourne,Newcastle,Melbourne,Virgin Australia,March,45,44,1,28,26,16,18,63.6,59.1,2.2
Ballina-Sydney,Ballina,Sydney,Virgin Australia,March,46,46,0,42,44,4,2,91.3,95.7,0
Sydney-Ballina,Sydney,Ballina,Virgin Australia,March,46,46,0,44,43,2,3,95.7,93.5,0
Sydney-Perth,Sydney,Perth,Jetstar,March,46,46,0,30,37,16,9,65.2,80.4,0
Sydney-Hobart,Sydney,Hobart,Qantas,March,47,46,1,33,36,13,10,71.7,78.3,2.1
Hobart-Sydney,Hobart,Sydney,Qantas,March,48,48,0,39,44,9,4,81.3,91.7,0
Perth-Sydney,Perth,Sydney,Jetstar,March,48,46,2,34,38,12,8,73.9,82.6,4.2
Cairns-Brisbane,Cairns,Brisbane,Qantas,March,50,34,16,30,34,4,0,88.2,100,32
Melbourne-Newcastle,Melbourne,Newcastle,Qantas,March,50,49,1,30,30,19,19,61.2,61.2,2
Brisbane-Mount Isa,Brisbane,Mount Isa,Qantas,March,51,51,0,48,48,3,3,94.1,94.1,0
Brisbane-Cairns,Brisbane,Cairns,Qantas,March,52,33,19,26,31,7,2,78.8,93.9,36.5
Mount Isa-Brisbane,Mount Isa,Brisbane,Qantas,March,52,52,0,46,46,6,6,88.5,88.5,0
Newcastle-Melbourne,Newcastle,Melbourne,Qantas,March,52,52,0,41,34,11,18,78.8,65.4,0
Brisbane-Newcastle,Brisbane,Newcastle,Jetstar,March,53,52,1,42,40,10,12,80.8,76.9,1.9
Newcastle-Brisbane,Newcastle,Brisbane,Jetstar,March,53,51,2,39,42,12,9,76.5,82.4,3.8
Sydney-Ballina,Sydney,Ballina,Qantas,March,53,53,0,40,39,13,14,75.5,73.6,0
Ballina-Sydney,Ballina,Sydney,Qantas,March,54,53,1,41,40,12,13,77.4,75.5,1.9
Sydney-Launceston,Sydney,Launceston,Jetstar,March,54,54,0,51,52,3,2,94.4,96.3,0
Karratha-Perth,Karratha,Perth,Virgin Australia,March,55,55,0,45,41,10,14,81.8,74.5,0
Launceston-Sydney,Launceston,Sydney,Jetstar,March,55,54,1,48,48,6,6,88.9,88.9,1.8
Melbourne-Canberra,Melbourne,Canberra,Qantas,March,55,55,0,44,45,11,10,80,81.8,0
Perth-Karratha,Perth,Karratha,Virgin Australia,March,55,55,0,46,46,9,9,83.6,83.6,0
Cairns-Sydney,Cairns,Sydney,Qantas,March,56,56,0,44,39,12,17,78.6,69.6,0
Canberra-Melbourne,Canberra,Melbourne,Qantas,March,56,56,0,49,50,7,6,87.5,89.3,0
Adelaide-Melbourne,Adelaide,Melbourne,Rex Airlines,March,57,57,0,45,44,12,13,78.9,77.2,0
Brisbane-Melbourne,Brisbane,Melbourne,Rex Airlines,March,57,57,0,44,49,13,8,77.2,86,0
Melbourne-Adelaide,Melbourne,Adelaide,Rex Airlines,March,57,57,0,50,51,7,6,87.7,89.5,0
Melbourne-Brisbane,Melbourne,Brisbane,Rex Airlines,March,57,57,0,47,43,10,14,82.5,75.4,0
Sunshine Coast-Sydney,Sunshine Coast,Sydney,Qantas,March,57,57,0,41,44,16,13,71.9,77.2,0
Sydney-Cairns,Sydney,Cairns,Qantas,March,57,57,0,41,45,16,12,71.9,78.9,0
Sydney-Sunshine Coast,Sydney,Sunshine Coast,Qantas,March,57,57,0,37,36,20,21,64.9,63.2,0
Brisbane-Townsville,Brisbane,Townsville,Jetstar,March,58,58,0,46,45,12,13,79.3,77.6,0
Townsville-Brisbane,Townsville,Brisbane,Jetstar,March,58,58,0,46,46,12,12,79.3,79.3,0
Brisbane-Darwin,Brisbane,Darwin,Qantas,March,60,60,0,41,44,19,16,68.3,73.3,0
Kalgoorlie-Perth,Kalgoorlie,Perth,Qantas,March,60,54,6,36,32,18,22,66.7,59.3,10
Perth-Kalgoorlie,Perth,Kalgoorlie,Qantas,March,60,54,6,43,42,11,12,79.6,77.8,10
Albury-Sydney,Albury,Sydney,Rex Airlines,March,61,61,0,50,47,11,14,82,77,0
Darwin-Brisbane,Darwin,Brisbane,Qantas,March,61,61,0,48,36,13,25,78.7,59,0
Melbourne-Newcastle,Melbourne,Newcastle,Jetstar,March,61,61,0,41,47,20,14,67.2,77,0
Sydney-Albury,Sydney,Albury,Rex Airlines,March,61,61,0,54,54,7,7,88.5,88.5,0
Cairns-Melbourne,Cairns,Melbourne,Virgin Australia,March,62,61,1,45,42,16,19,73.8,68.9,1.6
Melbourne-Cairns,Melbourne,Cairns,Virgin Australia,March,62,61,1,41,47,20,14,67.2,77,1.6
Sydney-Sunshine Coast,Sydney,Sunshine Coast,Virgin Australia,March,62,62,0,46,46,16,16,74.2,74.2,0
Newcastle-Melbourne,Newcastle,Melbourne,Jetstar,March,63,62,1,42,48,20,14,67.7,77.4,1.6
Sunshine Coast-Sydney,Sunshine Coast,Sydney,Virgin Australia,March,63,60,3,45,41,15,19,75,68.3,4.8
Townsville-Brisbane,Townsville,Brisbane,Qantas,March,64,62,2,56,51,6,11,90.3,82.3,3.1
Brisbane-Townsville,Brisbane,Townsville,Qantas,March,65,63,2,50,52,13,11,79.4,82.5,3.1
Cairns-Brisbane,Cairns,Brisbane,Jetstar,March,65,65,0,52,53,13,12,80,81.5,0
Melbourne-Sunshine Coast,Melbourne,Sunshine Coast,Jetstar,March,65,65,0,47,48,18,17,72.3,73.8,0
Sunshine Coast-Melbourne,Sunshine Coast,Melbourne,Jetstar,March,65,65,0,40,41,25,24,61.5,63.1,0
Brisbane-Cairns,Brisbane,Cairns,Jetstar,March,66,66,0,46,49,20,17,69.7,74.2,0
Cairns-Sydney,Cairns,Sydney,Virgin Australia,March,67,67,0,50,50,17,17,74.6,74.6,0
Sydney-Cairns,Sydney,Cairns,Virgin Australia,March,67,67,0,56,58,11,9,83.6,86.6,0
Melbourne-Sunshine Coast,Melbourne,Sunshine Coast,Virgin Australia,March,69,69,0,58,57,11,12,84.1,82.6,0
Sunshine Coast-Melbourne,Sunshine Coast,Melbourne,Virgin Australia,March,69,69,0,52,40,17,29,75.4,58,0
Kalgoorlie-Perth,Kalgoorlie,Perth,Virgin Australia,March,71,68,3,45,42,23,26,66.2,61.8,4.2
Perth-Kalgoorlie,Perth,Kalgoorlie,Virgin Australia,March,71,68,3,58,53,10,15,85.3,77.9,4.2
Sydney-Wagga Wagga,Sydney,Wagga Wagga,Rex Airlines,March,71,71,0,56,56,15,15,78.9,78.9,0
Wagga Wagga-Sydney,Wagga Wagga,Sydney,Rex Airlines,March,71,71,0,61,53,10,18,85.9,74.6,0
Perth-Melbourne,Perth,Melbourne,Jetstar,March,72,72,0,57,58,15,14,79.2,80.6,0
Melbourne-Perth,Melbourne,Perth,Jetstar,March,73,73,0,59,66,14,7,80.8,90.4,0
Sydney-Port Macquarie,Sydney,Port Macquarie,Rex Airlines,March,76,76,0,54,54,22,22,71.1,71.1,0
Hobart-Sydney,Hobart,Sydney,Virgin Australia,March,77,76,1,61,62,15,14,80.3,81.6,1.3
Port Macquarie-Sydney,Port Macquarie,Sydney,Rex Airlines,March,77,77,0,57,50,20,27,74,64.9,0
Sydney-Hobart,Sydney,Hobart,Virgin Australia,March,77,76,1,65,65,11,11,85.5,85.5,1.3
Townsville-Brisbane,Townsville,Brisbane,Qantas,March,77,76,1,56,47,20,29,73.7,61.8,1.3
Brisbane-Townsville,Brisbane,Townsville,Qantas,March,78,77,1,56,58,21,19,72.7,75.3,1.3
Cairns-Melbourne,Cairns,Melbourne,Jetstar,March,79,79,0,53,53,26,26,67.1,67.1,0
Melbourne-Cairns,Melbourne,Cairns,Jetstar,March,79,79,0,56,56,23,23,70.9,70.9,0
Adelaide-Perth,Adelaide,Perth,Qantas,March,80,67,13,52,55,15,12,77.6,82.1,16.3
Coffs Harbour-Sydney,Coffs Harbour,Sydney,Rex Airlines,March,80,80,0,65,58,15,22,81.3,72.5,0
Perth-Adelaide,Perth,Adelaide,Qantas,March,80,67,13,56,53,11,14,83.6,79.1,16.3
Sydney-Coffs Harbour,Sydney,Coffs Harbour,Rex Airlines,March,80,80,0,69,68,11,12,86.3,85,0
Ballina-Sydney,Ballina,Sydney,Jetstar,March,81,81,0,67,70,14,11,82.7,86.4,0
Sydney-Ballina,Sydney,Ballina,Jetstar,March,81,81,0,73,73,8,8,90.1,90.1,0
Brisbane-Newcastle,Brisbane,Newcastle,Virgin Australia,March,82,82,0,54,57,28,25,65.9,69.5,0
Broome-Perth,Broome,Perth,Qantas,March,83,76,7,65,62,11,14,85.5,81.6,8.4
Newcastle-Brisbane,Newcastle,Brisbane,Virgin Australia,March,83,83,0,62,61,21,22,74.7,73.5,0
Perth-Broome,Perth,Broome,Qantas,March,83,76,7,60,65,16,11,78.9,85.5,8.4
Melbourne-Hobart,Melbourne,Hobart,Qantas,March,84,84,0,72,70,12,14,85.7,83.3,0
Hobart-Melbourne,Hobart,Melbourne,Qantas,March,85,84,1,73,66,11,18,86.9,78.6,1.2
Adelaide-Canberra,Adelaide,Canberra,Qantas,March,87,87,0,81,81,6,6,93.1,93.1,0
Canberra-Adelaide,Canberra,Adelaide,Qantas,March,87,87,0,77,78,10,9,88.5,89.7,0
Sydney-Cairns,Sydney,Cairns,Jetstar,March,87,85,2,72,77,13,8,84.7,90.6,2.3
Cairns-Sydney,Cairns,Sydney,Jetstar,March,88,85,3,67,62,18,23,78.8,72.9,3.4
Melbourne-Mildura,Melbourne,Mildura,Rex Airlines,March,89,89,0,65,65,24,24,73,73,0
Mildura-Melbourne,Mildura,Melbourne,Rex Airlines,March,90,90,0,60,50,30,40,66.7,55.6,0
Hobart-Sydney,Hobart,Sydney,Jetstar,March,92,92,0,81,84,11,8,88,91.3,0
Sydney-Hobart,Sydney,Hobart,Jetstar,March,92,92,0,77,83,15,9,83.7,90.2,0
Dubbo-Sydney,Dubbo,Sydney,Rex Airlines,March,100,100,0,80,66,20,34,80,66,0
Perth-Newman,Perth,Newman,Qantas,March,102,92,10,78,76,14,16,84.8,82.6,9.8
Launceston-Melbourne,Launceston,Melbourne,Virgin Australia,March,103,103,0,85,84,18,19,82.5,81.6,0
Melbourne-Launceston,Melbourne,Launceston,Virgin Australia,March,103,103,0,86,83,17,20,83.5,80.6,0
Newman-Perth,Newman,Perth,Qantas,March,103,93,10,73,59,20,34,78.5,63.4,9.7
Sunshine Coast-Sydney,Sunshine Coast,Sydney,Jetstar,March,103,103,0,86,88,17,15,83.5,85.4,0
Sydney-Dubbo,Sydney,Dubbo,Rex Airlines,March,103,103,0,79,84,24,19,76.7,81.6,0
Sydney-Sunshine Coast,Sydney,Sunshine Coast,Jetstar,March,103,103,0,93,93,10,10,90.3,90.3,0
Sydney-Wagga Wagga,Sydney,Wagga Wagga,Qantas,March,103,102,1,68,79,34,23,66.7,77.5,1
Wagga Wagga-Sydney,Wagga Wagga,Sydney,Qantas,March,103,100,3,81,86,19,14,81,86,2.9
Albury-Sydney,Albury,Sydney,Qantas,March,104,103,1,78,85,25,18,75.7,82.5,1
Sydney-Albury,Sydney,Albury,Qantas,March,104,103,1,76,78,27,25,73.8,75.7,1
Melbourne-Mildura,Melbourne,Mildura,Qantas,March,108,106,2,63,57,43,49,59.4,53.8,1.9
Mildura-Melbourne,Mildura,Melbourne,Qantas,March,108,106,2,58,63,48,43,54.7,59.4,1.9
Brisbane-Canberra,Brisbane,Canberra,Virgin Australia,March,110,107,3,78,75,29,32,72.9,70.1,2.7
Canberra-Brisbane,Canberra,Brisbane,Virgin Australia,March,110,107,3,76,70,31,37,71,65.4,2.7
Dubbo-Sydney,Dubbo,Sydney,Qantas,March,113,108,5,89,86,19,22,82.4,79.6,4.4
Sydney-Dubbo,Sydney,Dubbo,Qantas,March,113,109,4,65,72,44,37,59.6,66.1,3.5
Coffs Harbour-Sydney,Coffs Harbour,Sydney,Qantas,March,114,114,0,92,90,22,24,80.7,78.9,0
Port Macquarie-Sydney,Port Macquarie,Sydney,Qantas,March,114,111,3,91,88,20,23,82,79.3,2.6
Sydney-Coffs Harbour,Sydney,Coffs Harbour,Qantas,March,114,114,0,79,81,35,33,69.3,71.1,0
Sydney-Port Macquarie,Sydney,Port Macquarie,Qantas,March,114,112,2,82,89,30,23,73.2,79.5,1.8
Adelaide-Melbourne,Adelaide,Melbourne,Jetstar,March,115,114,1,82,87,32,27,71.9,76.3,0.9
Melbourne-Adelaide,Melbourne,Adelaide,Jetstar,March,115,115,0,83,87,32,28,72.2,75.7,0
Brisbane-Newcastle,Brisbane,Newcastle,Qantas,March,118,115,3,87,78,28,37,75.7,67.8,2.5
Devonport-Melbourne,Devonport,Melbourne,Qantas,March,118,117,1,80,73,37,44,68.4,62.4,0.8
Launceston-Melbourne,Launceston,Melbourne,Qantas,March,118,115,3,99,97,16,18,86.1,84.3,2.5
Melbourne-Devonport,Melbourne,Devonport,Qantas,March,118,118,0,71,70,47,48,60.2,59.3,0
Melbourne-Launceston,Melbourne,Launceston,Qantas,March,118,115,3,92,81,23,34,80,70.4,2.5
Brisbane-Mackay,Brisbane,Mackay,Qantas,March,119,118,1,81,79,37,39,68.6,66.9,0.8
Newcastle-Brisbane,Newcastle,Brisbane,Qantas,March,119,112,7,80,82,32,30,71.4,73.2,5.9
Brisbane-Perth,Brisbane,Perth,Virgin Australia,March,121,117,4,79,92,38,25,67.5,78.6,3.3
Cairns-Brisbane,Cairns,Brisbane,Qantas,March,121,119,2,78,72,41,47,65.5,60.5,1.7
Adelaide-Sydney,Adelaide,Sydney,Jetstar,March,122,120,2,100,104,20,16,83.3,86.7,1.6
Gold Coast-Sydney,Gold Coast,Sydney,Qantas,March,122,122,0,94,90,28,32,77,73.8,0
Perth-Brisbane,Perth,Brisbane,Virgin Australia,March,122,121,1,90,100,31,21,74.4,82.6,0.8
Sydney-Adelaide,Sydney,Adelaide,Jetstar,March,122,120,2,91,104,29,16,75.8,86.7,1.6
Sydney-Gold Coast,Sydney,Gold Coast,Qantas,March,122,122,0,96,103,26,19,78.7,84.4,0
Brisbane-Cairns,Brisbane,Cairns,Qantas,March,123,121,2,78,88,43,33,64.5,72.7,1.6
Brisbane-Emerald,Brisbane,Emerald,Qantas,March,123,119,4,89,90,30,29,74.8,75.6,3.3
Emerald-Brisbane,Emerald,Brisbane,Qantas,March,123,117,6,83,78,34,39,70.9,66.7,4.9
Launceston-Melbourne,Launceston,Melbourne,Jetstar,March,123,123,0,82,87,41,36,66.7,70.7,0
Melbourne-Launceston,Melbourne,Launceston,Jetstar,March,123,123,0,88,85,35,38,71.5,69.1,0
Canberra-Melbourne,Canberra,Melbourne,Virgin Australia,March,124,124,0,88,84,36,40,71,67.7,0
Mackay-Brisbane,Mackay,Brisbane,Qantas,March,124,123,1,91,85,32,38,74,69.1,0.8
Melbourne-Canberra,Melbourne,Canberra,Virgin Australia,March,124,124,0,100,94,24,30,80.6,75.8,0
Melbourne-Hobart,Melbourne,Hobart,Virgin Australia,March,128,128,0,97,92,31,36,75.8,71.9,0
Hobart-Melbourne,Hobart,Melbourne,Virgin Australia,March,129,129,0,96,90,33,39,74.4,69.8,0
Adelaide-Port Lincoln,Adelaide,Port Lincoln,Qantas,March,134,130,4,121,121,9,9,93.1,93.1,3
Brisbane-Adelaide,Brisbane,Adelaide,Virgin Australia,March,134,130,4,110,111,20,19,84.6,85.4,3
Port Lincoln-Adelaide,Port Lincoln,Adelaide,Qantas,March,134,130,4,120,120,10,10,92.3,92.3,3
Adelaide-Brisbane,Adelaide,Brisbane,Virgin Australia,March,135,131,4,120,122,11,9,91.6,93.1,3
Brisbane-Gladstone,Brisbane,Gladstone,Qantas,March,136,128,8,89,89,39,39,69.5,69.5,5.9
Karratha-Perth,Karratha,Perth,Qantas,March,136,112,24,86,73,26,39,76.8,65.2,17.6
Perth-Karratha,Perth,Karratha,Qantas,March,136,114,22,92,87,22,27,80.7,76.3,16.2
Gladstone-Brisbane,Gladstone,Brisbane,Qantas,March,137,128,9,92,93,36,35,71.9,72.7,6.6
Port Hedland-Perth,Port Hedland,Perth,Qantas,March,137,120,17,97,77,23,43,80.8,64.2,12.4
Perth-Port Hedland,Perth,Port Hedland,Qantas,March,138,121,17,105,98,16,23,86.8,81,12.3
Mackay-Brisbane,Mackay,Brisbane,Virgin Australia,March,139,135,4,86,75,49,60,63.7,55.6,2.9
Brisbane-Mackay,Brisbane,Mackay,Virgin Australia,March,140,137,3,93,76,44,61,67.9,55.5,2.1
Cairns-Townsville,Cairns,Townsville,Qantas,March,140,136,4,114,113,22,23,83.8,83.1,2.9
Townsville-Cairns,Townsville,Cairns,Qantas,March,140,135,5,119,116,16,19,88.1,85.9,3.6
Perth-Sydney,Perth,Sydney,Virgin Australia,March,141,138,3,103,112,35,26,74.6,81.2,2.1
Brisbane-Rockhampton,Brisbane,Rockhampton,Virgin Australia,March,142,141,1,89,84,52,57,63.1,59.6,0.7
Brisbane-Townsville,Brisbane,Townsville,Virgin Australia,March,142,140,2,100,92,40,48,71.4,65.7,1.4
Rockhampton-Brisbane,Rockhampton,Brisbane,Virgin Australia,March,142,141,1,101,84,40,57,71.6,59.6,0.7
Brisbane-Cairns,Brisbane,Cairns,Virgin Australia,March,143,143,0,103,99,40,44,72,69.2,0
Cairns-Brisbane,Cairns,Brisbane,Virgin Australia,March,143,142,1,84,104,58,38,59.2,73.2,0.7
Brisbane-Melbourne,Brisbane,Melbourne,Jetstar,March,144,142,2,94,102,48,40,66.2,71.8,1.4
Melbourne-Brisbane,Melbourne,Brisbane,Jetstar,March,144,142,2,95,97,47,45,66.9,68.3,1.4
Townsville-Brisbane,Townsville,Brisbane,Virgin Australia,March,144,142,2,101,102,41,40,71.1,71.8,1.4
Brisbane-Sydney,Brisbane,Sydney,Rex Airlines,March,146,146,0,121,125,25,21,82.9,85.6,0
Sydney-Brisbane,Sydney,Brisbane,Rex Airlines,March,146,146,0,125,120,21,26,85.6,82.2,0
Adelaide-Port Lincoln,Adelaide,Port Lincoln,Rex Airlines,March,151,143,8,122,121,21,22,85.3,84.6,5.3
Port Lincoln-Adelaide,Port Lincoln,Adelaide,Rex Airlines,March,151,143,8,124,120,19,23,86.7,83.9,5.3
Perth-Brisbane,Perth,Brisbane,Qantas,March,154,154,0,125,123,29,31,81.2,79.9,0
Brisbane-Perth,Brisbane,Perth,Qantas,March,155,155,0,124,140,31,15,80,90.3,0
Hobart-Melbourne,Hobart,Melbourne,Jetstar,March,155,154,1,120,127,34,27,77.9,82.5,0.6
Melbourne-Hobart,Melbourne,Hobart,Jetstar,March,155,154,1,120,125,34,29,77.9,81.2,0.6
Sydney-Perth,Sydney,Perth,Virgin Australia,March,156,154,2,114,118,40,36,74,76.6,1.3
Adelaide-Brisbane,Adelaide,Brisbane,Qantas,March,158,156,2,128,134,28,22,82.1,85.9,1.3
Brisbane-Adelaide,Brisbane,Adelaide,Qantas,March,160,158,2,127,129,31,29,80.4,81.6,1.3
Brisbane-Canberra,Brisbane,Canberra,Qantas,March,162,161,1,139,135,22,26,86.3,83.9,0.6
Canberra-Brisbane,Canberra,Brisbane,Qantas,March,162,160,2,144,142,16,18,90,88.8,1.2
Adelaide-Sydney,Adelaide,Sydney,Virgin Australia,March,175,169,6,137,139,32,30,81.1,82.2,3.4
Sydney-Adelaide,Sydney,Adelaide,Virgin Australia,March,175,170,5,138,142,32,28,81.2,83.5,2.9
Brisbane-Sydney,Brisbane,Sydney,Jetstar,March,178,169,9,126,134,43,35,74.6,79.3,5.1
Sydney-Brisbane,Sydney,Brisbane,Jetstar,March,178,170,8,139,136,31,34,81.8,80,4.5
Brisbane-Rockhampton,Brisbane,Rockhampton,Qantas,March,191,179,12,126,119,53,60,70.4,66.5,6.3
Rockhampton-Brisbane,Rockhampton,Brisbane,Qantas,March,191,177,14,123,125,54,52,69.5,70.6,7.3
Perth-Sydney,Perth,Sydney,Qantas,March,200,190,10,127,139,63,51,66.8,73.2,5
Sydney-Perth,Sydney,Perth,Qantas,March,200,190,10,119,134,71,56,62.6,70.5,5
Canberra-Melbourne,Canberra,Melbourne,Qantas,March,204,202,2,138,120,64,82,68.3,59.4,1
Melbourne-Sydney,Melbourne,Sydney,Rex Airlines,March,205,204,1,173,168,31,36,84.8,82.4,0.5
Sydney-Melbourne,Sydney,Melbourne,Rex Airlines,March,205,204,1,168,163,36,41,82.4,79.9,0.5
Melbourne-Canberra,Melbourne,Canberra,Qantas,March,207,205,2,167,152,38,53,81.5,74.1,1
Perth-Melbourne,Perth,Melbourne,Qantas,March,207,205,2,145,153,60,52,70.7,74.6,1
Melbourne-Perth,Melbourne,Perth,Qantas,March,208,206,2,147,144,59,62,71.4,69.9,1
Melbourne-Perth,Melbourne,Perth,Virgin Australia,March,217,214,3,149,162,65,52,69.6,75.7,1.4
Gold Coast-Melbourne,Gold Coast,Melbourne,Jetstar,March,231,226,5,183,186,43,40,81,82.3,2.2
Perth-Melbourne,Perth,Melbourne,Virgin Australia,March,231,228,3,174,172,54,56,76.3,75.4,1.3
Melbourne-Gold Coast,Melbourne,Gold Coast,Jetstar,March,232,228,4,178,188,50,40,78.1,82.5,1.7
Adelaide-Sydney,Adelaide,Sydney,Qantas,March,242,236,6,196,204,40,32,83.1,86.4,2.5
Sydney-Adelaide,Sydney,Adelaide,Qantas,March,242,237,5,192,191,45,46,81,80.6,2.1
Canberra-Sydney,Canberra,Sydney,Virgin Australia,March,247,245,2,228,225,17,20,93.1,91.8,0.8
Sydney-Canberra,Sydney,Canberra,Virgin Australia,March,247,245,2,225,232,20,13,91.8,94.7,0.8
Gold Coast-Sydney,Gold Coast,Sydney,Jetstar,March,252,245,7,203,210,42,35,82.9,85.7,2.8
Sydney-Gold Coast,Sydney,Gold Coast,Jetstar,March,252,245,7,205,211,40,34,83.7,86.1,2.8
Gold Coast-Melbourne,Gold Coast,Melbourne,Virgin Australia,March,253,250,3,172,172,78,78,68.8,68.8,1.2
Melbourne-Gold Coast,Melbourne,Gold Coast,Virgin Australia,March,253,250,3,186,180,64,70,74.4,72,1.2
Adelaide-Melbourne,Adelaide,Melbourne,Qantas,March,258,256,2,207,199,49,57,80.9,77.7,0.8
Melbourne-Adelaide,Melbourne,Adelaide,Qantas,March,258,258,0,203,201,55,57,78.7,77.9,0
Adelaide-Melbourne,Adelaide,Melbourne,Virgin Australia,March,273,271,2,194,205,77,66,71.6,75.6,0.7
Melbourne-Adelaide,Melbourne,Adelaide,Virgin Australia,March,274,272,2,213,181,59,91,78.3,66.5,0.7
Gold Coast-Sydney,Gold Coast,Sydney,Virgin Australia,March,294,289,5,209,225,80,64,72.3,77.9,1.7
Sydney-Gold Coast,Sydney,Gold Coast,Virgin Australia,March,294,290,4,233,228,57,62,80.3,78.6,1.4
Brisbane-Melbourne,Brisbane,Melbourne,Qantas,March,355,348,7,284,286,64,62,81.6,82.2,2
Melbourne-Brisbane,Melbourne,Brisbane,Qantas,March,356,348,8,269,275,79,73,77.3,79,2.2
Canberra-Sydney,Canberra,Sydney,Qantas,March,401,391,10,285,272,106,119,72.9,69.6,2.5
Sydney-Canberra,Sydney,Canberra,Qantas,March,401,396,5,288,288,108,108,72.7,72.7,1.2
Brisbane-Melbourne,Brisbane,Melbourne,Virgin Australia,March,403,393,10,281,259,112,134,71.5,65.9,2.5
Melbourne-Brisbane,Melbourne,Brisbane,Virgin Australia,March,403,389,14,299,296,90,93,76.9,76.1,3.5
Sydney-Melbourne,Sydney,Melbourne,Jetstar,March,467,447,20,346,353,101,94,77.4,79,4.3
Melbourne-Sydney,Melbourne,Sydney,Jetstar,March,469,450,19,331,357,119,93,73.6,79.3,4.1
Sydney-Brisbane,Sydney,Brisbane,Virgin Australia,March,472,441,31,376,374,65,67,85.3,84.8,6.6
Brisbane-Sydney,Brisbane,Sydney,Virgin Australia,March,477,443,34,335,331,108,112,75.6,74.7,7.1
Brisbane-Sydney,Brisbane,Sydney,Qantas,March,543,527,16,442,447,85,80,83.9,84.8,2.9
Sydney-Brisbane,Sydney,Brisbane,Qantas,March,547,531,16,420,419,111,112,79.1,78.9,2.9
Sydney-Melbourne,Sydney,Melbourne,Virgin Australia,March,782,720,62,576,565,144,155,80,78.5,7.9
Melbourne-Sydney,Melbourne,Sydney,Virgin Australia,March,793,734,59,625,580,109,154,85.1,79,7.4
Melbourne-Sydney,Melbourne,Sydney,Qantas,March,898,839,59,702,676,137,163,83.7,80.6,6.6
Sydney-Melbourne,Sydney,Melbourne,Qantas,March,899,842,57,700,666,142,176,83.1,79.1,6.3
Hobart-Melbourne,Hobart,Melbourne,Qantas,April,1,1,0,1,1,0,0,100,100,0
Melbourne-Hobart,Melbourne,Hobart,Qantas,April,1,1,0,1,1,0,0,100,100,0
Darwin-Perth,Darwin,Perth,Virgin Australia,April,4,4,0,3,3,1,1,75,75,0
Karratha-Perth,Karratha,Perth,Qantas,April,4,3,1,0,0,3,3,0,0,25
Perth-Darwin,Perth,Darwin,Virgin Australia,April,4,4,0,3,3,1,1,75,75,0
Perth-Karratha,Perth,Karratha,Qantas,April,4,3,1,2,3,1,0,66.7,100,25
Adelaide-Brisbane,Adelaide,Brisbane,Qantas,April,6,6,0,6,6,0,0,100,100,0
Brisbane-Adelaide,Brisbane,Adelaide,Qantas,April,6,6,0,6,6,0,0,100,100,0
Brisbane-Darwin,Brisbane,Darwin,Qantas,April,8,8,0,5,5,3,3,62.5,62.5,0
Brisbane-Mackay,Brisbane,Mackay,Qantas,April,8,8,0,6,6,2,2,75,75,0
Darwin-Brisbane,Darwin,Brisbane,Qantas,April,8,8,0,6,7,2,1,75,87.5,0
Hobart-Sydney,Hobart,Sydney,Qantas,April,8,8,0,8,8,0,0,100,100,0
Adelaide-Gold Coast,Adelaide,Gold Coast,Qantas,April,9,9,0,8,8,1,1,88.9,88.9,0
Brisbane-Cairns,Brisbane,Cairns,Rex Airlines,April,9,9,0,7,7,2,2,77.8,77.8,0
Cairns-Brisbane,Cairns,Brisbane,Rex Airlines,April,9,9,0,8,8,1,1,88.9,88.9,0
Gold Coast-Adelaide,Gold Coast,Adelaide,Qantas,April,9,9,0,6,7,3,2,66.7,77.8,0
Sydney-Hobart,Sydney,Hobart,Qantas,April,9,9,0,9,9,0,0,100,100,0
Melbourne-Sydney,Melbourne,Sydney,Qantas,April,11,9,2,9,8,0,1,100,88.9,18.2
Sydney-Melbourne,Sydney,Melbourne,Qantas,April,11,9,2,7,8,2,1,77.8,88.9,18.2
Adelaide-Alice Springs,Adelaide,Alice Springs,Virgin Australia,April,13,13,0,12,11,1,2,92.3,84.6,0
Adelaide-Melbourne,Adelaide,Melbourne,Qantas,April,13,13,0,9,9,4,4,69.2,69.2,0
Alice Springs-Adelaide,Alice Springs,Adelaide,Virgin Australia,April,13,13,0,10,10,3,3,76.9,76.9,0
Brisbane-Mount Isa,Brisbane,Mount Isa,Virgin Australia,April,13,13,0,10,11,3,2,76.9,84.6,0
Broome-Perth,Broome,Perth,Virgin Australia,April,13,13,0,5,8,8,5,38.5,61.5,0
Cairns-Townsville,Cairns,Townsville,Rex Airlines,April,13,12,1,10,10,2,2,83.3,83.3,7.7
Mackay-Brisbane,Mackay,Brisbane,Qantas,April,13,13,0,9,9,4,4,69.2,69.2,0
Melbourne-Adelaide,Melbourne,Adelaide,Qantas,April,13,13,0,8,9,5,4,61.5,69.2,0
Mount Isa-Brisbane,Mount Isa,Brisbane,Virgin Australia,April,13,13,0,9,9,4,4,69.2,69.2,0
Perth-Broome,Perth,Broome,Virgin Australia,April,13,13,0,10,10,3,3,76.9,76.9,0
Townsville-Cairns,Townsville,Cairns,Rex Airlines,April,13,13,0,11,11,2,2,84.6,84.6,0
Adelaide-Canberra,Adelaide,Canberra,Virgin Australia,April,15,15,0,14,13,1,2,93.3,86.7,0
Canberra-Adelaide,Canberra,Adelaide,Virgin Australia,April,15,15,0,14,15,1,0,93.3,100,0
Brisbane-Hobart,Brisbane,Hobart,Qantas,April,17,17,0,14,17,3,0,82.4,100,0
Brisbane-Launceston,Brisbane,Launceston,Virgin Australia,April,17,17,0,16,17,1,0,94.1,100,0
Brisbane-Proserpine,Brisbane,Proserpine,Qantas,April,17,17,0,13,14,4,3,76.5,82.4,0
Darwin-Perth,Darwin,Perth,Virgin Australia,April,17,17,0,13,15,4,2,76.5,88.2,0
Hobart-Brisbane,Hobart,Brisbane,Qantas,April,17,17,0,17,16,0,1,100,94.1,0
Launceston-Brisbane,Launceston,Brisbane,Virgin Australia,April,17,17,0,17,17,0,0,100,100,0
Newman-Perth,Newman,Perth,Virgin Australia,April,17,16,1,13,13,3,3,81.3,81.3,5.9
Perth-Darwin,Perth,Darwin,Virgin Australia,April,17,17,0,15,14,2,3,88.2,82.4,0
Perth-Newman,Perth,Newman,Virgin Australia,April,17,16,1,14,13,2,3,87.5,81.3,5.9
Proserpine-Brisbane,Proserpine,Brisbane,Qantas,April,17,17,0,13,14,4,3,76.5,82.4,0
Newman-Perth,Newman,Perth,Qantas,April,18,17,1,16,15,1,2,94.1,88.2,5.6
Perth-Newman,Perth,Newman,Qantas,April,18,18,0,17,17,1,1,94.4,94.4,0
Kalgoorlie-Perth,Kalgoorlie,Perth,Qantas,April,19,18,1,16,17,2,1,88.9,94.4,5.3
Karratha-Perth,Karratha,Perth,Virgin Australia,April,19,19,0,11,15,8,4,57.9,78.9,0
Perth-Karratha,Perth,Karratha,Virgin Australia,April,19,19,0,13,12,6,7,68.4,63.2,0
Hamilton Island-Sydney,Hamilton Island,Sydney,Jetstar,April,20,20,0,10,9,10,11,50,45,0
Perth-Kalgoorlie,Perth,Kalgoorlie,Qantas,April,20,18,2,17,17,1,1,94.4,94.4,10
Sydney-Hamilton Island,Sydney,Hamilton Island,Jetstar,April,20,20,0,14,11,6,9,70,55,0
Brisbane-Darwin,Brisbane,Darwin,Jetstar,April,25,25,0,23,22,2,3,92,88,0
Brisbane-Hamilton Island,Brisbane,Hamilton Island,Qantas,April,25,25,0,19,18,6,7,76,72,0
Canberra-Gold Coast,Canberra,Gold Coast,Jetstar,April,25,25,0,22,22,3,3,88,88,0
Gold Coast-Canberra,Gold Coast,Canberra,Jetstar,April,25,25,0,21,22,4,3,84,88,0
Hamilton Island-Brisbane,Hamilton Island,Brisbane,Qantas,April,25,25,0,15,13,10,12,60,52,0
Perth-Port Hedland,Perth,Port Hedland,Virgin Australia,April,25,25,0,19,20,6,5,76,80,0
Port Hedland-Perth,Port Hedland,Perth,Virgin Australia,April,25,25,0,11,15,14,10,44,60,0
Brisbane-Emerald,Brisbane,Emerald,Virgin Australia,April,26,26,0,20,21,6,5,76.9,80.8,0
Darwin-Brisbane,Darwin,Brisbane,Jetstar,April,26,26,0,23,24,3,2,88.5,92.3,0
Emerald-Brisbane,Emerald,Brisbane,Virgin Australia,April,26,26,0,22,23,4,3,84.6,88.5,0
Hobart-Brisbane,Hobart,Brisbane,Jetstar,April,28,28,0,24,24,4,4,85.7,85.7,0
Adelaide-Gold Coast,Adelaide,Gold Coast,Jetstar,April,29,28,1,23,19,5,9,82.1,67.9,3.4
Brisbane-Hobart,Brisbane,Hobart,Jetstar,April,29,29,0,26,26,3,3,89.7,89.7,0
Brisbane-Launceston,Brisbane,Launceston,Jetstar,April,29,29,0,24,26,5,3,82.8,89.7,0
Brisbane-Perth,Brisbane,Perth,Jetstar,April,29,28,1,14,21,14,7,50,75,3.4
Canberra-Melbourne,Canberra,Melbourne,Jetstar,April,29,29,0,15,17,14,12,51.7,58.6,0
Darwin-Melbourne,Darwin,Melbourne,Virgin Australia,April,29,29,0,16,19,13,10,55.2,65.5,0
Gold Coast-Adelaide,Gold Coast,Adelaide,Jetstar,April,29,28,1,21,23,7,5,75,82.1,3.4
Hamilton Island-Sydney,Hamilton Island,Sydney,Virgin Australia,April,29,29,0,21,21,8,8,72.4,72.4,0
Launceston-Brisbane,Launceston,Brisbane,Jetstar,April,29,29,0,21,21,8,8,72.4,72.4,0
Melbourne-Canberra,Melbourne,Canberra,Jetstar,April,29,29,0,19,18,10,11,65.5,62.1,0
Melbourne-Sunshine Coast,Melbourne,Sunshine Coast,Qantas,April,29,29,0,26,22,3,7,89.7,75.9,0
Sunshine Coast-Melbourne,Sunshine Coast,Melbourne,Qantas,April,29,29,0,19,23,10,6,65.5,79.3,0
Sydney-Hamilton Island,Sydney,Hamilton Island,Virgin Australia,April,29,29,0,25,26,4,3,86.2,89.7,0
Adelaide-Brisbane,Adelaide,Brisbane,Rex Airlines,April,30,30,0,27,28,3,2,90,93.3,0
Adelaide-Perth,Adelaide,Perth,Jetstar,April,30,30,0,26,26,4,4,86.7,86.7,0
Adelaide-Sydney,Adelaide,Sydney,Rex Airlines,April,30,30,0,24,22,6,8,80,73.3,0
Brisbane-Adelaide,Brisbane,Adelaide,Rex Airlines,April,30,30,0,28,27,2,3,93.3,90,0
Brisbane-Canberra,Brisbane,Canberra,Jetstar,April,30,30,0,24,25,6,5,80,83.3,0
Brisbane-Darwin,Brisbane,Darwin,Qantas,April,30,30,0,20,16,10,14,66.7,53.3,0
Brisbane-Mackay,Brisbane,Mackay,Jetstar,April,30,30,0,19,18,11,12,63.3,60,0
Brisbane-Proserpine,Brisbane,Proserpine,Jetstar,April,30,30,0,24,25,6,5,80,83.3,0
Cairns-Melbourne,Cairns,Melbourne,Qantas,April,30,30,0,19,25,11,5,63.3,83.3,0
Canberra-Brisbane,Canberra,Brisbane,Jetstar,April,30,30,0,22,22,8,8,73.3,73.3,0
Canberra-Gold Coast,Canberra,Gold Coast,Virgin Australia,April,30,30,0,24,21,6,9,80,70,0
Canberra-Melbourne,Canberra,Melbourne,Rex Airlines,April,30,30,0,23,24,7,6,76.7,80,0
Darwin-Brisbane,Darwin,Brisbane,Qantas,April,30,30,0,13,10,17,20,43.3,33.3,0
Darwin-Melbourne,Darwin,Melbourne,Qantas,April,30,30,0,23,21,7,9,76.7,70,0
Darwin-Perth,Darwin,Perth,Qantas,April,30,30,0,14,13,16,17,46.7,43.3,0
Gold Coast-Canberra,Gold Coast,Canberra,Virgin Australia,April,30,30,0,22,22,8,8,73.3,73.3,0
Gold Coast-Melbourne,Gold Coast,Melbourne,Rex Airlines,April,30,30,0,22,24,8,6,73.3,80,0
Gold Coast-Sydney,Gold Coast,Sydney,Rex Airlines,April,30,30,0,26,26,4,4,86.7,86.7,0
Hamilton Island-Sydney,Hamilton Island,Sydney,Qantas,April,30,30,0,15,16,15,14,50,53.3,0
Hobart-Melbourne,Hobart,Melbourne,Rex Airlines,April,30,30,0,28,28,2,2,93.3,93.3,0
Launceston-Sydney,Launceston,Sydney,Qantas,April,30,30,0,27,27,3,3,90,90,0
Launceston-Sydney,Launceston,Sydney,Virgin Australia,April,30,30,0,21,20,9,10,70,66.7,0
Melbourne-Cairns,Melbourne,Cairns,Qantas,April,30,30,0,23,21,7,9,76.7,70,0
Melbourne-Canberra,Melbourne,Canberra,Rex Airlines,April,30,30,0,23,22,7,8,76.7,73.3,0
Melbourne-Darwin,Melbourne,Darwin,Jetstar,April,30,29,1,19,23,10,6,65.5,79.3,3.3
Melbourne-Darwin,Melbourne,Darwin,Qantas,April,30,30,0,23,26,7,4,76.7,86.7,0
Melbourne-Darwin,Melbourne,Darwin,Virgin Australia,April,30,30,0,25,24,5,6,83.3,80,0
Melbourne-Gold Coast,Melbourne,Gold Coast,Rex Airlines,April,30,30,0,28,27,2,3,93.3,90,0
Melbourne-Hobart,Melbourne,Hobart,Rex Airlines,April,30,30,0,28,28,2,2,93.3,93.3,0
Perth-Adelaide,Perth,Adelaide,Jetstar,April,30,30,0,24,23,6,7,80,76.7,0
Perth-Darwin,Perth,Darwin,Qantas,April,30,30,0,18,16,12,14,60,53.3,0
Proserpine-Brisbane,Proserpine,Brisbane,Jetstar,April,30,30,0,23,22,7,8,76.7,73.3,0
Sydney-Adelaide,Sydney,Adelaide,Rex Airlines,April,30,30,0,23,24,7,6,76.7,80,0
Sydney-Gold Coast,Sydney,Gold Coast,Rex Airlines,April,30,30,0,28,26,2,4,93.3,86.7,0
Sydney-Hamilton Island,Sydney,Hamilton Island,Qantas,April,30,30,0,17,22,13,8,56.7,73.3,0
Sydney-Launceston,Sydney,Launceston,Qantas,April,30,30,0,26,26,4,4,86.7,86.7,0
Sydney-Launceston,Sydney,Launceston,Virgin Australia,April,30,30,0,18,25,12,5,60,83.3,0
Darwin-Brisbane,Darwin,Brisbane,Virgin Australia,April,31,31,0,20,22,11,9,64.5,71,0
Darwin-Melbourne,Darwin,Melbourne,Jetstar,April,31,29,2,15,17,14,12,51.7,58.6,6.5
Mackay-Brisbane,Mackay,Brisbane,Jetstar,April,31,30,1,19,19,11,11,63.3,63.3,3.2
Perth-Brisbane,Perth,Brisbane,Jetstar,April,31,29,2,13,13,16,16,44.8,44.8,6.5
Adelaide-Gold Coast,Adelaide,Gold Coast,Virgin Australia,April,32,32,0,24,20,8,12,75,62.5,0
Brisbane-Darwin,Brisbane,Darwin,Virgin Australia,April,32,31,1,21,21,10,10,67.7,67.7,3.1
Gold Coast-Adelaide,Gold Coast,Adelaide,Virgin Australia,April,32,32,0,16,18,16,14,50,56.3,0
Perth-Port Hedland,Perth,Port Hedland,Virgin Australia,April,32,31,1,29,28,2,3,93.5,90.3,3.1
Port Hedland-Perth,Port Hedland,Perth,Virgin Australia,April,32,30,2,24,18,6,12,80,60,6.3
Adelaide-Brisbane,Adelaide,Brisbane,Jetstar,April,34,34,0,33,31,1,3,97.1,91.2,0
Perth-Adelaide,Perth,Adelaide,Virgin Australia,April,34,33,1,27,16,6,17,81.8,48.5,2.9
Adelaide-Perth,Adelaide,Perth,Virgin Australia,April,35,34,1,17,27,17,7,50,79.4,2.9
Ballina-Sydney,Ballina,Sydney,Virgin Australia,April,35,35,0,24,26,11,9,68.6,74.3,0
Brisbane-Adelaide,Brisbane,Adelaide,Jetstar,April,35,35,0,27,32,8,3,77.1,91.4,0
Brisbane-Gladstone,Brisbane,Gladstone,Virgin Australia,April,35,35,0,28,31,7,4,80,88.6,0
Brisbane-Hamilton Island,Brisbane,Hamilton Island,Virgin Australia,April,35,35,0,33,33,2,2,94.3,94.3,0
Gladstone-Brisbane,Gladstone,Brisbane,Virgin Australia,April,35,35,0,31,32,4,3,88.6,91.4,0
Hamilton Island-Brisbane,Hamilton Island,Brisbane,Virgin Australia,April,35,35,0,31,31,4,4,88.6,88.6,0
Sydney-Ballina,Sydney,Ballina,Virgin Australia,April,35,35,0,28,26,7,9,80,74.3,0
Brisbane-Melbourne,Brisbane,Melbourne,Qantas,April,36,22,14,9,7,13,15,40.9,31.8,38.9
Gold Coast-Melbourne,Gold Coast,Melbourne,Qantas,April,36,36,0,25,32,11,4,69.4,88.9,0
Kalgoorlie-Perth,Kalgoorlie,Perth,Virgin Australia,April,36,35,1,23,29,12,6,65.7,82.9,2.8
Melbourne-Gold Coast,Melbourne,Gold Coast,Qantas,April,36,36,0,32,33,4,3,88.9,91.7,0
Perth-Kalgoorlie,Perth,Kalgoorlie,Virgin Australia,April,36,35,1,32,31,3,4,91.4,88.6,2.8
Melbourne-Brisbane,Melbourne,Brisbane,Qantas,April,37,23,14,14,9,9,14,60.9,39.1,37.8
Melbourne-Newcastle,Melbourne,Newcastle,Virgin Australia,April,37,37,0,33,29,4,8,89.2,78.4,0
Newcastle-Melbourne,Newcastle,Melbourne,Virgin Australia,April,37,37,0,26,23,11,14,70.3,62.2,0
Brisbane-Proserpine,Brisbane,Proserpine,Virgin Australia,April,39,39,0,35,35,4,4,89.7,89.7,0
Broome-Perth,Broome,Perth,Virgin Australia,April,39,38,1,28,34,10,4,73.7,89.5,2.6
Perth-Broome,Perth,Broome,Virgin Australia,April,39,38,1,32,33,6,5,84.2,86.8,2.6
Proserpine-Brisbane,Proserpine,Brisbane,Virgin Australia,April,39,39,0,32,31,7,8,82.1,79.5,0
Adelaide-Perth,Adelaide,Perth,Virgin Australia,April,41,39,2,12,25,27,14,30.8,64.1,4.9
Melbourne-Devonport,Melbourne,Devonport,Rex Airlines,April,41,40,1,39,39,1,1,97.5,97.5,2.4
Newman-Perth,Newman,Perth,Virgin Australia,April,41,41,0,35,30,6,11,85.4,73.2,0
Perth-Adelaide,Perth,Adelaide,Virgin Australia,April,41,40,1,30,22,10,18,75,55,2.4
Perth-Newman,Perth,Newman,Virgin Australia,April,41,41,0,36,37,5,4,87.8,90.2,0
Devonport-Melbourne,Devonport,Melbourne,Rex Airlines,April,42,41,1,39,35,2,6,95.1,85.4,2.4
Brisbane-Hobart,Brisbane,Hobart,Virgin Australia,April,45,45,0,40,41,5,4,88.9,91.1,0
Hobart-Brisbane,Hobart,Brisbane,Virgin Australia,April,45,45,0,39,40,6,5,86.7,88.9,0
Canberra-Sydney,Canberra,Sydney,Qantas,April,46,44,2,34,31,10,13,77.3,70.5,4.3
Sydney-Canberra,Sydney,Canberra,Qantas,April,46,44,2,40,41,4,3,90.9,93.2,4.3
Brisbane-Townsville,Brisbane,Townsville,Qantas,April,47,47,0,42,42,5,5,89.4,89.4,0
Townsville-Brisbane,Townsville,Brisbane,Qantas,April,47,47,0,40,40,7,7,85.1,85.1,0
Brisbane-Mount Isa,Brisbane,Mount Isa,Qantas,April,48,48,0,42,44,6,4,87.5,91.7,0
Cairns-Sydney,Cairns,Sydney,Qantas,April,48,48,0,33,32,15,16,68.8,66.7,0
Mount Isa-Brisbane,Mount Isa,Brisbane,Qantas,April,48,47,1,42,44,5,3,89.4,93.6,2.1
Sydney-Cairns,Sydney,Cairns,Qantas,April,48,48,0,37,35,11,13,77.1,72.9,0
Port Macquarie-Sydney,Port Macquarie,Sydney,Rex Airlines,April,51,51,0,40,35,11,16,78.4,68.6,0
Sydney-Port Macquarie,Sydney,Port Macquarie,Rex Airlines,April,51,51,0,45,42,6,9,88.2,82.4,0
Adelaide-Alice Springs,Adelaide,Alice Springs,Qantas,April,52,52,0,50,51,2,1,96.2,98.1,0
Alice Springs-Adelaide,Alice Springs,Adelaide,Qantas,April,52,52,0,47,45,5,7,90.4,86.5,0
Launceston-Sydney,Launceston,Sydney,Jetstar,April,52,51,1,33,32,18,19,64.7,62.7,1.9
Melbourne-Newcastle,Melbourne,Newcastle,Qantas,April,52,51,1,30,19,21,32,58.8,37.3,1.9
Newcastle-Melbourne,Newcastle,Melbourne,Qantas,April,52,51,1,42,41,9,10,82.4,80.4,1.9
Sydney-Launceston,Sydney,Launceston,Jetstar,April,52,51,1,30,37,21,14,58.8,72.5,1.9
Brisbane-Melbourne,Brisbane,Melbourne,Rex Airlines,April,54,54,0,42,47,12,7,77.8,87,0
Melbourne-Brisbane,Melbourne,Brisbane,Rex Airlines,April,54,54,0,46,42,8,12,85.2,77.8,0
Ballina-Sydney,Ballina,Sydney,Qantas,April,56,56,0,51,50,5,6,91.1,89.3,0
Brisbane-Newcastle,Brisbane,Newcastle,Jetstar,April,56,56,0,45,47,11,9,80.4,83.9,0
Newcastle-Brisbane,Newcastle,Brisbane,Jetstar,April,56,56,0,44,46,12,10,78.6,82.1,0
Sunshine Coast-Sydney,Sunshine Coast,Sydney,Qantas,April,56,56,0,41,38,15,18,73.2,67.9,0
Sydney-Ballina,Sydney,Ballina,Qantas,April,56,56,0,51,52,5,4,91.1,92.9,0
Sydney-Sunshine Coast,Sydney,Sunshine Coast,Qantas,April,56,56,0,43,42,13,14,76.8,75,0
Kalgoorlie-Perth,Kalgoorlie,Perth,Qantas,April,58,52,6,41,41,11,11,78.8,78.8,10.3
Perth-Kalgoorlie,Perth,Kalgoorlie,Qantas,April,58,53,5,42,41,11,12,79.2,77.4,8.6
Karratha-Perth,Karratha,Perth,Virgin Australia,April,59,57,2,46,46,11,11,80.7,80.7,3.4
Perth-Karratha,Perth,Karratha,Virgin Australia,April,59,57,2,53,45,4,12,93,78.9,3.4
Perth-Sydney,Perth,Sydney,Jetstar,April,59,58,1,44,32,14,26,75.9,55.2,1.7
Brisbane-Townsville,Brisbane,Townsville,Jetstar,April,60,60,0,45,46,15,14,75,76.7,0
Sydney-Perth,Sydney,Perth,Jetstar,April,60,60,0,40,49,20,11,66.7,81.7,0
Townsville-Brisbane,Townsville,Brisbane,Jetstar,April,60,60,0,43,41,17,19,71.7,68.3,0
Adelaide-Melbourne,Adelaide,Melbourne,Rex Airlines,April,61,61,0,54,49,7,12,88.5,80.3,0
Melbourne-Adelaide,Melbourne,Adelaide,Rex Airlines,April,61,61,0,47,49,14,12,77,80.3,0
Melbourne-Newcastle,Melbourne,Newcastle,Jetstar,April,66,66,0,49,46,17,20,74.2,69.7,0
Newcastle-Melbourne,Newcastle,Melbourne,Jetstar,April,66,66,0,43,45,23,21,65.2,68.2,0
Cairns-Melbourne,Cairns,Melbourne,Virgin Australia,April,68,68,0,54,55,14,13,79.4,80.9,0
Kalgoorlie-Perth,Kalgoorlie,Perth,Virgin Australia,April,69,69,0,58,61,11,8,84.1,88.4,0
Melbourne-Cairns,Melbourne,Cairns,Virgin Australia,April,69,69,0,63,60,6,9,91.3,87,0
Perth-Kalgoorlie,Perth,Kalgoorlie,Virgin Australia,April,69,69,0,66,62,3,7,95.7,89.9,0
Brisbane-Cairns,Brisbane,Cairns,Qantas,April,71,71,0,40,40,31,31,56.3,56.3,0
Cairns-Brisbane,Cairns,Brisbane,Qantas,April,71,70,1,52,48,18,22,74.3,68.6,1.4
Sydney-Sunshine Coast,Sydney,Sunshine Coast,Virgin Australia,April,72,72,0,48,48,24,24,66.7,66.7,0
Sydney-Hobart,Sydney,Hobart,Qantas,April,73,73,0,50,56,23,17,68.5,76.7,0
Hobart-Sydney,Hobart,Sydney,Qantas,April,74,74,0,52,51,22,23,70.3,68.9,0
Sunshine Coast-Sydney,Sunshine Coast,Sydney,Virgin Australia,April,74,72,2,49,39,23,33,68.1,54.2,2.7
Hobart-Sydney,Hobart,Sydney,Virgin Australia,April,76,76,0,65,63,11,13,85.5,82.9,0
Launceston-Melbourne,Launceston,Melbourne,Qantas,April,76,73,3,64,66,9,7,87.7,90.4,3.9
Melbourne-Launceston,Melbourne,Launceston,Qantas,April,76,73,3,60,60,13,13,82.2,82.2,3.9
Sydney-Hobart,Sydney,Hobart,Virgin Australia,April,76,76,0,72,69,4,7,94.7,90.8,0
Melbourne-Sunshine Coast,Melbourne,Sunshine Coast,Virgin Australia,April,77,77,0,70,69,7,8,90.9,89.6,0
Sunshine Coast-Melbourne,Sunshine Coast,Melbourne,Virgin Australia,April,77,77,0,64,65,13,12,83.1,84.4,0
Sydney-Albury,Sydney,Albury,Rex Airlines,April,79,77,2,55,60,22,17,71.4,77.9,2.5
Albury-Sydney,Albury,Sydney,Rex Airlines,April,80,77,3,67,61,10,16,87,79.2,3.8
Adelaide-Canberra,Adelaide,Canberra,Qantas,April,81,81,0,73,72,8,9,90.1,88.9,0
Newcastle-Brisbane,Newcastle,Brisbane,Virgin Australia,April,81,81,0,68,64,13,17,84,79,0
Brisbane-Newcastle,Brisbane,Newcastle,Qantas,April,82,82,0,64,63,18,19,78,76.8,0
Brisbane-Newcastle,Brisbane,Newcastle,Virgin Australia,April,82,82,0,65,61,17,21,79.3,74.4,0
Canberra-Adelaide,Canberra,Adelaide,Qantas,April,82,82,0,71,71,11,11,86.6,86.6,0
Newcastle-Brisbane,Newcastle,Brisbane,Qantas,April,82,81,1,63,60,18,21,77.8,74.1,1.2
Hobart-Sydney,Hobart,Sydney,Jetstar,April,84,82,2,68,69,14,13,82.9,84.1,2.4
Sydney-Hobart,Sydney,Hobart,Jetstar,April,84,82,2,69,70,13,12,84.1,85.4,2.4
Broome-Perth,Broome,Perth,Qantas,April,86,86,0,67,68,19,18,77.9,79.1,0
Perth-Broome,Perth,Broome,Qantas,April,86,86,0,68,66,18,20,79.1,76.7,0
Sunshine Coast-Sydney,Sunshine Coast,Sydney,Jetstar,April,87,84,3,63,59,21,25,75,70.2,3.4
Wagga Wagga-Sydney,Wagga Wagga,Sydney,Rex Airlines,April,87,85,2,66,61,19,24,77.6,71.8,2.3
Ballina-Sydney,Ballina,Sydney,Jetstar,April,88,86,2,64,63,22,23,74.4,73.3,2.3
Coffs Harbour-Sydney,Coffs Harbour,Sydney,Rex Airlines,April,88,88,0,71,66,17,22,80.7,75,0
Melbourne-Perth,Melbourne,Perth,Jetstar,April,88,86,2,58,71,28,15,67.4,82.6,2.3
Sydney-Ballina,Sydney,Ballina,Jetstar,April,88,86,2,69,69,17,17,80.2,80.2,2.3
Sydney-Coffs Harbour,Sydney,Coffs Harbour,Rex Airlines,April,88,88,0,71,73,17,15,80.7,83,0
Sydney-Sunshine Coast,Sydney,Sunshine Coast,Jetstar,April,88,85,3,66,68,19,17,77.6,80,3.4
Sydney-Wagga Wagga,Sydney,Wagga Wagga,Rex Airlines,April,88,87,1,69,72,18,15,79.3,82.8,1.1
Melbourne-Sunshine Coast,Melbourne,Sunshine Coast,Jetstar,April,89,89,0,73,65,16,24,82,73,0
Perth-Melbourne,Perth,Melbourne,Jetstar,April,89,85,4,61,63,24,22,71.8,74.1,4.5
Sunshine Coast-Melbourne,Sunshine Coast,Melbourne,Jetstar,April,89,89,0,59,68,30,21,66.3,76.4,0
Mildura-Melbourne,Mildura,Melbourne,Rex Airlines,April,91,91,0,67,61,24,30,73.6,67,0
Cairns-Sydney,Cairns,Sydney,Virgin Australia,April,92,91,1,84,83,7,8,92.3,91.2,1.1
Melbourne-Mildura,Melbourne,Mildura,Rex Airlines,April,92,92,0,72,69,20,23,78.3,75,0
Sydney-Cairns,Sydney,Cairns,Virgin Australia,April,92,91,1,83,86,8,5,91.2,94.5,1.1
Newman-Perth,Newman,Perth,Qantas,April,97,96,1,82,68,14,28,85.4,70.8,1
Perth-Newman,Perth,Newman,Qantas,April,97,96,1,87,84,9,12,90.6,87.5,1
Adelaide-Perth,Adelaide,Perth,Qantas,April,99,99,0,73,90,26,9,73.7,90.9,0
Brisbane-Townsville,Brisbane,Townsville,Qantas,April,99,99,0,74,71,25,28,74.7,71.7,0
Gold Coast-Sydney,Gold Coast,Sydney,Qantas,April,99,99,0,79,81,20,18,79.8,81.8,0
Perth-Adelaide,Perth,Adelaide,Qantas,April,99,99,0,83,64,16,35,83.8,64.6,0
Sydney-Gold Coast,Sydney,Gold Coast,Qantas,April,99,99,0,68,74,31,25,68.7,74.7,0
Townsville-Brisbane,Townsville,Brisbane,Qantas,April,99,99,0,68,68,31,31,68.7,68.7,0
Brisbane-Cairns,Brisbane,Cairns,Qantas,April,101,99,2,87,85,12,14,87.9,85.9,2
Brisbane-Canberra,Brisbane,Canberra,Virgin Australia,April,101,101,0,89,92,12,9,88.1,91.1,0
Cairns-Brisbane,Cairns,Brisbane,Qantas,April,101,99,2,83,86,16,13,83.8,86.9,2
Canberra-Brisbane,Canberra,Brisbane,Virgin Australia,April,101,100,1,88,88,12,12,88,88,1
Brisbane-Cairns,Brisbane,Cairns,Jetstar,April,102,102,0,79,83,23,19,77.5,81.4,0
Cairns-Brisbane,Cairns,Brisbane,Jetstar,April,103,103,0,84,86,19,17,81.6,83.5,0
Launceston-Melbourne,Launceston,Melbourne,Virgin Australia,April,105,105,0,87,83,18,22,82.9,79,0
Melbourne-Launceston,Melbourne,Launceston,Virgin Australia,April,105,105,0,90,82,15,23,85.7,78.1,0
Albury-Sydney,Albury,Sydney,Qantas,April,106,104,2,83,69,21,35,79.8,66.3,1.9
Sydney-Albury,Sydney,Albury,Qantas,April,106,104,2,82,86,22,18,78.8,82.7,1.9
Brisbane-Mackay,Brisbane,Mackay,Qantas,April,108,108,0,81,85,27,23,75,78.7,0
Mackay-Brisbane,Mackay,Brisbane,Qantas,April,108,108,0,80,80,28,28,74.1,74.1,0
Melbourne-Mildura,Melbourne,Mildura,Qantas,April,108,107,1,85,88,22,19,79.4,82.2,0.9
Mildura-Melbourne,Mildura,Melbourne,Qantas,April,108,106,2,79,84,27,22,74.5,79.2,1.9
Dubbo-Sydney,Dubbo,Sydney,Qantas,April,111,108,3,94,89,14,19,87,82.4,2.7
Sydney-Dubbo,Sydney,Dubbo,Qantas,April,111,108,3,81,91,27,17,75,84.3,2.7
Sydney-Wagga Wagga,Sydney,Wagga Wagga,Qantas,April,111,109,2,89,95,20,14,81.7,87.2,1.8
Wagga Wagga-Sydney,Wagga Wagga,Sydney,Qantas,April,111,109,2,99,99,10,10,90.8,90.8,1.8
Canberra-Melbourne,Canberra,Melbourne,Virgin Australia,April,112,112,0,90,91,22,21,80.4,81.3,0
Coffs Harbour-Sydney,Coffs Harbour,Sydney,Qantas,April,112,111,1,83,88,28,23,74.8,79.3,0.9
Port Macquarie-Sydney,Port Macquarie,Sydney,Qantas,April,112,110,2,91,92,19,18,82.7,83.6,1.8
Sydney-Coffs Harbour,Sydney,Coffs Harbour,Qantas,April,112,111,1,80,81,31,30,72.1,73,0.9
Sydney-Port Macquarie,Sydney,Port Macquarie,Qantas,April,112,112,0,87,87,25,25,77.7,77.7,0
Launceston-Melbourne,Launceston,Melbourne,Jetstar,April,113,111,2,60,65,51,46,54.1,58.6,1.8
Melbourne-Canberra,Melbourne,Canberra,Virgin Australia,April,113,113,0,98,93,15,20,86.7,82.3,0
Melbourne-Launceston,Melbourne,Launceston,Jetstar,April,113,111,2,79,76,32,35,71.2,68.5,1.8
Adelaide-Melbourne,Adelaide,Melbourne,Jetstar,April,115,112,3,80,78,32,34,71.4,69.6,2.6
Cairns-Sydney,Cairns,Sydney,Jetstar,April,115,114,1,93,100,21,14,81.6,87.7,0.9
Hobart-Melbourne,Hobart,Melbourne,Qantas,April,115,114,1,83,76,31,38,72.8,66.7,0.9
Melbourne-Adelaide,Melbourne,Adelaide,Jetstar,April,115,112,3,78,85,34,27,69.6,75.9,2.6
Melbourne-Hobart,Melbourne,Hobart,Qantas,April,115,114,1,75,66,39,48,65.8,57.9,0.9
Devonport-Melbourne,Devonport,Melbourne,Qantas,April,116,115,1,94,96,21,19,81.7,83.5,0.9
Melbourne-Cairns,Melbourne,Cairns,Jetstar,April,116,116,0,80,78,36,38,69,67.2,0
Melbourne-Devonport,Melbourne,Devonport,Qantas,April,116,115,1,95,95,20,20,82.6,82.6,0.9
Cairns-Melbourne,Cairns,Melbourne,Jetstar,April,117,117,0,78,88,39,29,66.7,75.2,0
Sydney-Cairns,Sydney,Cairns,Jetstar,April,117,115,2,90,92,25,23,78.3,80,1.7
Dubbo-Sydney,Dubbo,Sydney,Rex Airlines,April,121,116,5,90,82,26,34,77.6,70.7,4.1
Brisbane-Mackay,Brisbane,Mackay,Virgin Australia,April,122,122,0,91,94,31,28,74.6,77,0
Mackay-Brisbane,Mackay,Brisbane,Virgin Australia,April,122,121,1,98,106,23,15,81,87.6,0.8
Perth-Brisbane,Perth,Brisbane,Virgin Australia,April,125,125,0,111,107,14,18,88.8,85.6,0
Sydney-Dubbo,Sydney,Dubbo,Rex Airlines,April,125,120,5,83,84,37,36,69.2,70,4
Brisbane-Perth,Brisbane,Perth,Virgin Australia,April,126,126,0,107,122,19,4,84.9,96.8,0
Brisbane-Emerald,Brisbane,Emerald,Qantas,April,129,124,5,110,108,14,16,88.7,87.1,3.9
Emerald-Brisbane,Emerald,Brisbane,Qantas,April,129,124,5,106,105,18,19,85.5,84.7,3.9
Hobart-Melbourne,Hobart,Melbourne,Virgin Australia,April,131,131,0,101,97,30,34,77.1,74,0
Melbourne-Hobart,Melbourne,Hobart,Virgin Australia,April,131,131,0,103,100,28,31,78.6,76.3,0
Brisbane-Gladstone,Brisbane,Gladstone,Qantas,April,134,129,5,100,100,29,29,77.5,77.5,3.7
Gladstone-Brisbane,Gladstone,Brisbane,Qantas,April,134,129,5,104,103,25,26,80.6,79.8,3.7
Brisbane-Townsville,Brisbane,Townsville,Virgin Australia,April,135,135,0,114,118,21,17,84.4,87.4,0
Townsville-Brisbane,Townsville,Brisbane,Virgin Australia,April,135,135,0,114,119,21,16,84.4,88.1,0
Townsville-Cairns,Townsville,Cairns,Qantas,April,137,129,8,110,112,19,17,85.3,86.8,5.8
Adelaide-Brisbane,Adelaide,Brisbane,Virgin Australia,April,138,138,0,122,122,16,16,88.4,88.4,0
Adelaide-Port Lincoln,Adelaide,Port Lincoln,Qantas,April,138,138,0,119,126,19,12,86.2,91.3,0
Cairns-Townsville,Cairns,Townsville,Qantas,April,138,130,8,113,117,17,13,86.9,90,5.8
Port Lincoln-Adelaide,Port Lincoln,Adelaide,Qantas,April,138,137,1,124,125,13,12,90.5,91.2,0.7
Brisbane-Adelaide,Brisbane,Adelaide,Virgin Australia,April,139,139,0,130,132,9,7,93.5,95,0
Karratha-Perth,Karratha,Perth,Qantas,April,144,140,4,95,91,45,49,67.9,65,2.8
Port Hedland-Perth,Port Hedland,Perth,Qantas,April,144,142,2,100,90,42,52,70.4,63.4,1.4
Perth-Karratha,Perth,Karratha,Qantas,April,145,141,4,109,104,32,37,77.3,73.8,2.8
Perth-Port Hedland,Perth,Port Hedland,Qantas,April,145,143,2,115,109,28,34,80.4,76.2,1.4
Adelaide-Port Lincoln,Adelaide,Port Lincoln,Rex Airlines,April,146,146,0,136,133,10,13,93.2,91.1,0
Brisbane-Sydney,Brisbane,Sydney,Rex Airlines,April,146,146,0,131,125,15,21,89.7,85.6,0
Port Lincoln-Adelaide,Port Lincoln,Adelaide,Rex Airlines,April,146,146,0,135,134,11,12,92.5,91.8,0
Sydney-Brisbane,Sydney,Brisbane,Rex Airlines,April,146,146,0,123,119,23,27,84.2,81.5,0
Hobart-Melbourne,Hobart,Melbourne,Jetstar,April,148,148,0,97,105,51,43,65.5,70.9,0
Melbourne-Hobart,Melbourne,Hobart,Jetstar,April,148,148,0,100,101,48,47,67.6,68.2,0
Perth-Brisbane,Perth,Brisbane,Qantas,April,148,147,1,128,93,19,54,87.1,63.3,0.7
Brisbane-Perth,Brisbane,Perth,Qantas,April,149,147,2,115,131,32,16,78.2,89.1,1.3
Rockhampton-Brisbane,Rockhampton,Brisbane,Virgin Australia,April,149,148,1,105,97,43,51,70.9,65.5,0.7
Adelaide-Brisbane,Adelaide,Brisbane,Qantas,April,150,150,0,132,127,18,23,88,84.7,0
Brisbane-Adelaide,Brisbane,Adelaide,Qantas,April,150,150,0,121,134,29,16,80.7,89.3,0
Brisbane-Rockhampton,Brisbane,Rockhampton,Virgin Australia,April,150,149,1,109,88,40,61,73.2,59.1,0.7
Sydney-Adelaide,Sydney,Adelaide,Jetstar,April,150,142,8,99,110,43,32,69.7,77.5,5.3
Adelaide-Sydney,Adelaide,Sydney,Jetstar,April,151,142,9,107,102,35,40,75.4,71.8,6
Canberra-Brisbane,Canberra,Brisbane,Qantas,April,152,148,4,117,112,31,36,79.1,75.7,2.6
Perth-Sydney,Perth,Sydney,Virgin Australia,April,152,152,0,128,126,24,26,84.2,82.9,0
Brisbane-Canberra,Brisbane,Canberra,Qantas,April,153,152,1,127,129,25,23,83.6,84.9,0.7
Brisbane-Cairns,Brisbane,Cairns,Virgin Australia,April,162,162,0,141,144,21,18,87,88.9,0
Cairns-Brisbane,Cairns,Brisbane,Virgin Australia,April,163,163,0,139,146,24,17,85.3,89.6,0
Sydney-Perth,Sydney,Perth,Virgin Australia,April,164,164,0,124,146,40,18,75.6,89,0
Adelaide-Sydney,Adelaide,Sydney,Virgin Australia,April,183,181,2,151,129,30,52,83.4,71.3,1.1
Sydney-Adelaide,Sydney,Adelaide,Virgin Australia,April,183,181,2,144,142,37,39,79.6,78.5,1.1
Rockhampton-Brisbane,Rockhampton,Brisbane,Qantas,April,188,182,6,149,141,33,41,81.9,77.5,3.2
Brisbane-Rockhampton,Brisbane,Rockhampton,Qantas,April,189,186,3,149,150,37,36,80.1,80.6,1.6
Perth-Sydney,Perth,Sydney,Qantas,April,198,197,1,150,110,47,87,76.1,55.8,0.5
Sydney-Perth,Sydney,Perth,Qantas,April,198,198,0,138,175,60,23,69.7,88.4,0
Sydney-Brisbane,Sydney,Brisbane,Jetstar,April,200,188,12,138,141,50,47,73.4,75,6
Melbourne-Perth,Melbourne,Perth,Qantas,April,201,198,3,151,161,47,37,76.3,81.3,1.5
Perth-Melbourne,Perth,Melbourne,Qantas,April,201,198,3,169,136,29,62,85.4,68.7,1.5
Brisbane-Sydney,Brisbane,Sydney,Jetstar,April,202,189,13,137,142,52,47,72.5,75.1,6.4
Melbourne-Sydney,Melbourne,Sydney,Rex Airlines,April,205,204,1,180,172,24,32,88.2,84.3,0.5
Sydney-Melbourne,Sydney,Melbourne,Rex Airlines,April,205,204,1,166,168,38,36,81.4,82.4,0.5
Melbourne-Perth,Melbourne,Perth,Virgin Australia,April,213,213,0,157,194,56,19,73.7,91.1,0
Perth-Melbourne,Perth,Melbourne,Virgin Australia,April,221,221,0,193,163,28,58,87.3,73.8,0
Sydney-Canberra,Sydney,Canberra,Virgin Australia,April,234,226,8,193,203,33,23,85.4,89.8,3.4
Canberra-Sydney,Canberra,Sydney,Virgin Australia,April,235,227,8,196,193,31,34,86.3,85,3.4
Brisbane-Melbourne,Brisbane,Melbourne,Jetstar,April,236,232,4,152,177,80,55,65.5,76.3,1.7
Canberra-Melbourne,Canberra,Melbourne,Qantas,April,236,222,14,134,129,88,93,60.4,58.1,5.9
Melbourne-Canberra,Melbourne,Canberra,Qantas,April,236,226,10,140,137,86,89,61.9,60.6,4.2
Melbourne-Brisbane,Melbourne,Brisbane,Jetstar,April,237,233,4,166,155,67,78,71.2,66.5,1.7
Melbourne-Gold Coast,Melbourne,Gold Coast,Jetstar,April,239,229,10,158,158,71,71,69,69,4.2
Gold Coast-Melbourne,Gold Coast,Melbourne,Jetstar,April,240,230,10,166,174,64,56,72.2,75.7,4.2
Adelaide-Sydney,Adelaide,Sydney,Qantas,April,241,237,4,195,174,42,63,82.3,73.4,1.7
Sydney-Adelaide,Sydney,Adelaide,Qantas,April,241,238,3,189,203,49,35,79.4,85.3,1.2
Melbourne-Adelaide,Melbourne,Adelaide,Virgin Australia,April,259,256,3,212,207,44,49,82.8,80.9,1.2
Adelaide-Melbourne,Adelaide,Melbourne,Virgin Australia,April,260,257,3,202,210,55,47,78.6,81.7,1.2
Gold Coast-Melbourne,Gold Coast,Melbourne,Virgin Australia,April,260,258,2,175,203,83,55,67.8,78.7,0.8
Melbourne-Gold Coast,Melbourne,Gold Coast,Virgin Australia,April,260,257,3,221,208,36,49,86,80.9,1.2
Adelaide-Melbourne,Adelaide,Melbourne,Qantas,April,272,266,6,224,228,42,38,84.2,85.7,2.2
Melbourne-Adelaide,Melbourne,Adelaide,Qantas,April,272,269,3,219,225,50,44,81.4,83.6,1.1
Gold Coast-Sydney,Gold Coast,Sydney,Virgin Australia,April,301,295,6,223,226,72,69,75.6,76.6,2
Sydney-Gold Coast,Sydney,Gold Coast,Jetstar,April,302,295,7,221,224,74,71,74.9,75.9,2.3
Sydney-Gold Coast,Sydney,Gold Coast,Virgin Australia,April,302,297,5,248,240,49,57,83.5,80.8,1.7
Gold Coast-Sydney,Gold Coast,Sydney,Jetstar,April,304,296,8,234,240,62,56,79.1,81.1,2.6
Canberra-Sydney,Canberra,Sydney,Qantas,April,358,344,14,294,266,50,78,85.5,77.3,3.9
Sydney-Canberra,Sydney,Canberra,Qantas,April,358,348,10,284,296,64,52,81.6,85.1,2.8
Melbourne-Brisbane,Melbourne,Brisbane,Qantas,April,373,363,10,294,287,69,76,81,79.1,2.7
Brisbane-Melbourne,Brisbane,Melbourne,Virgin Australia,April,374,364,10,300,305,64,59,82.4,83.8,2.7
Brisbane-Melbourne,Brisbane,Melbourne,Qantas,April,375,368,7,293,315,75,53,79.6,85.6,1.9
Melbourne-Brisbane,Melbourne,Brisbane,Virgin Australia,April,380,373,7,320,293,53,80,85.8,78.6,1.8
Sydney-Brisbane,Sydney,Brisbane,Virgin Australia,April,406,393,13,336,325,57,68,85.5,82.7,3.2
Brisbane-Sydney,Brisbane,Sydney,Virgin Australia,April,408,396,12,330,320,66,76,83.3,80.8,2.9
Sydney-Melbourne,Sydney,Melbourne,Jetstar,April,481,463,18,322,343,141,120,69.5,74.1,3.7
Melbourne-Sydney,Melbourne,Sydney,Jetstar,April,483,466,17,329,328,137,138,70.6,70.4,3.5
Brisbane-Sydney,Brisbane,Sydney,Qantas,April,515,499,16,405,403,94,96,81.2,80.8,3.1
Sydney-Brisbane,Sydney,Brisbane,Qantas,April,516,501,15,361,352,140,149,72.1,70.3,2.9
Sydney-Melbourne,Sydney,Melbourne,Virgin Australia,April,657,612,45,500,484,112,128,81.7,79.1,6.8
Melbourne-Sydney,Melbourne,Sydney,Virgin Australia,April,666,621,45,542,481,79,140,87.3,77.5,6.8
Melbourne-Sydney,Melbourne,Sydney,Qantas,April,859,822,37,709,641,113,181,86.3,78,4.3
Sydney-Melbourne,Sydney,Melbourne,Qantas,April,864,821,43,632,652,189,169,77,79.4,5
Karratha-Perth,Karratha,Perth,Qantas,May,2,2,0,2,2,0,0,100,100,0
Perth-Karratha,Perth,Karratha,Qantas,May,2,2,0,2,2,0,0,100,100,0
Darwin-Brisbane,Darwin,Brisbane,Qantas,May,8,8,0,5,6,3,2,62.5,75,0
Brisbane-Cairns,Brisbane,Cairns,Rex Airlines,May,9,8,1,7,7,1,1,87.5,87.5,11.1
Brisbane-Darwin,Brisbane,Darwin,Qantas,May,9,9,0,6,6,3,3,66.7,66.7,0
Broome-Perth,Broome,Perth,Virgin Australia,May,9,9,0,2,7,7,2,22.2,77.8,0
Cairns-Brisbane,Cairns,Brisbane,Rex Airlines,May,9,9,0,8,8,1,1,88.9,88.9,0
Perth-Broome,Perth,Broome,Virgin Australia,May,9,9,0,7,8,2,1,77.8,88.9,0
Sydney-Hobart,Sydney,Hobart,Qantas,May,9,7,2,6,6,1,1,85.7,85.7,22.2
Brisbane-Mackay,Brisbane,Mackay,Qantas,May,10,10,0,9,9,1,1,90,90,0
Hobart-Sydney,Hobart,Sydney,Qantas,May,10,9,1,8,8,1,1,88.9,88.9,10
Brisbane-Launceston,Brisbane,Launceston,Virgin Australia,May,12,12,0,11,12,1,0,91.7,100,0
Launceston-Brisbane,Launceston,Brisbane,Virgin Australia,May,12,12,0,11,11,1,1,91.7,91.7,0
Adelaide-Melbourne,Adelaide,Melbourne,Qantas,May,13,12,1,10,11,2,1,83.3,91.7,7.7
Cairns-Townsville,Cairns,Townsville,Rex Airlines,May,13,12,1,11,11,1,1,91.7,91.7,7.7
Melbourne-Adelaide,Melbourne,Adelaide,Qantas,May,13,13,0,11,13,2,0,84.6,100,0
Townsville-Cairns,Townsville,Cairns,Rex Airlines,May,13,12,1,11,11,1,1,91.7,91.7,7.7
Adelaide-Alice Springs,Adelaide,Alice Springs,Virgin Australia,May,14,14,0,8,7,6,7,57.1,50,0
Alice Springs-Adelaide,Alice Springs,Adelaide,Virgin Australia,May,14,14,0,7,7,7,7,50,50,0
Brisbane-Mount Isa,Brisbane,Mount Isa,Virgin Australia,May,14,14,0,10,9,4,5,71.4,64.3,0
Hamilton Island-Sydney,Hamilton Island,Sydney,Jetstar,May,14,14,0,6,5,8,9,42.9,35.7,0
Mackay-Brisbane,Mackay,Brisbane,Qantas,May,14,13,1,10,11,3,2,76.9,84.6,7.1
Mount Isa-Brisbane,Mount Isa,Brisbane,Virgin Australia,May,14,14,0,10,11,4,3,71.4,78.6,0
Sydney-Hamilton Island,Sydney,Hamilton Island,Jetstar,May,14,14,0,12,11,2,3,85.7,78.6,0
Newman-Perth,Newman,Perth,Virgin Australia,May,15,15,0,13,13,2,2,86.7,86.7,0
Perth-Newman,Perth,Newman,Virgin Australia,May,15,15,0,13,13,2,2,86.7,86.7,0
Brisbane-Townsville,Brisbane,Townsville,Qantas,May,16,16,0,14,14,2,2,87.5,87.5,0
Karratha-Perth,Karratha,Perth,Virgin Australia,May,16,15,1,12,12,3,3,80,80,6.3
Perth-Karratha,Perth,Karratha,Virgin Australia,May,16,15,1,12,11,3,4,80,73.3,6.3
Townsville-Brisbane,Townsville,Brisbane,Qantas,May,16,16,0,13,13,3,3,81.3,81.3,0
Brisbane-Hobart,Brisbane,Hobart,Qantas,May,17,17,0,12,15,5,2,70.6,88.2,0
Brisbane-Proserpine,Brisbane,Proserpine,Qantas,May,17,17,0,15,16,2,1,88.2,94.1,0
Darwin-Brisbane,Darwin,Brisbane,Jetstar,May,17,17,0,14,17,3,0,82.4,100,0
Hamilton Island-Sydney,Hamilton Island,Sydney,Virgin Australia,May,17,17,0,8,9,9,8,47.1,52.9,0
Hobart-Brisbane,Hobart,Brisbane,Qantas,May,17,17,0,15,15,2,2,88.2,88.2,0
Newman-Perth,Newman,Perth,Qantas,May,17,17,0,16,16,1,1,94.1,94.1,0
Perth-Newman,Perth,Newman,Qantas,May,17,17,0,15,15,2,2,88.2,88.2,0
Proserpine-Brisbane,Proserpine,Brisbane,Qantas,May,17,17,0,12,17,5,0,70.6,100,0
Sydney-Hamilton Island,Sydney,Hamilton Island,Virgin Australia,May,17,17,0,15,13,2,4,88.2,76.5,0
Adelaide-Canberra,Adelaide,Canberra,Virgin Australia,May,18,18,0,16,16,2,2,88.9,88.9,0
Brisbane-Darwin,Brisbane,Darwin,Jetstar,May,18,18,0,17,16,1,2,94.4,88.9,0
Canberra-Adelaide,Canberra,Adelaide,Virgin Australia,May,18,18,0,16,17,2,1,88.9,94.4,0
Launceston-Brisbane,Launceston,Brisbane,Jetstar,May,18,18,0,11,8,7,10,61.1,44.4,0
Brisbane-Launceston,Brisbane,Launceston,Jetstar,May,19,19,0,16,14,3,5,84.2,73.7,0
Canberra-Gold Coast,Canberra,Gold Coast,Jetstar,May,19,18,1,15,14,3,4,83.3,77.8,5.3
Gold Coast-Canberra,Gold Coast,Canberra,Jetstar,May,19,19,0,14,16,5,3,73.7,84.2,0
Brisbane-Hobart,Brisbane,Hobart,Jetstar,May,21,21,0,18,18,3,3,85.7,85.7,0
Darwin-Melbourne,Darwin,Melbourne,Jetstar,May,21,21,0,13,18,8,3,61.9,85.7,0
Kalgoorlie-Perth,Kalgoorlie,Perth,Qantas,May,21,19,2,15,18,4,1,78.9,94.7,9.5
Perth-Kalgoorlie,Perth,Kalgoorlie,Qantas,May,21,20,1,20,20,0,0,100,100,4.8
Brisbane-Proserpine,Brisbane,Proserpine,Jetstar,May,22,22,0,16,13,6,9,72.7,59.1,0
Canberra-Melbourne,Canberra,Melbourne,Jetstar,May,22,22,0,13,14,9,8,59.1,63.6,0
Hobart-Brisbane,Hobart,Brisbane,Jetstar,May,22,22,0,18,19,4,3,81.8,86.4,0
Melbourne-Canberra,Melbourne,Canberra,Jetstar,May,22,22,0,15,17,7,5,68.2,77.3,0
Melbourne-Darwin,Melbourne,Darwin,Jetstar,May,22,22,0,19,20,3,2,86.4,90.9,0
Proserpine-Brisbane,Proserpine,Brisbane,Jetstar,May,22,22,0,11,12,11,10,50,54.5,0
Brisbane-Perth,Brisbane,Perth,Jetstar,May,23,23,0,13,19,10,4,56.5,82.6,0
Launceston-Sydney,Launceston,Sydney,Virgin Australia,May,23,23,0,20,16,3,7,87,69.6,0
Perth-Brisbane,Perth,Brisbane,Jetstar,May,23,22,1,15,11,7,11,68.2,50,4.3
Sydney-Launceston,Sydney,Launceston,Virgin Australia,May,23,23,0,18,20,5,3,78.3,87,0
Perth-Port Hedland,Perth,Port Hedland,Virgin Australia,May,24,22,2,20,20,2,2,90.9,90.9,8.3
Port Hedland-Perth,Port Hedland,Perth,Virgin Australia,May,24,22,2,11,14,11,8,50,63.6,8.3
Darwin-Perth,Darwin,Perth,Virgin Australia,May,26,25,1,15,12,10,13,60,48,3.8
Perth-Darwin,Perth,Darwin,Virgin Australia,May,26,25,1,15,15,10,10,60,60,3.8
Adelaide-Gold Coast,Adelaide,Gold Coast,Jetstar,May,27,27,0,24,25,3,2,88.9,92.6,0
Brisbane-Emerald,Brisbane,Emerald,Virgin Australia,May,27,27,0,20,20,7,7,74.1,74.1,0
Brisbane-Hamilton Island,Brisbane,Hamilton Island,Qantas,May,27,26,1,19,15,7,11,73.1,57.7,3.7
Emerald-Brisbane,Emerald,Brisbane,Virgin Australia,May,27,27,0,19,23,8,4,70.4,85.2,0
Gold Coast-Adelaide,Gold Coast,Adelaide,Jetstar,May,27,27,0,25,25,2,2,92.6,92.6,0
Hamilton Island-Brisbane,Hamilton Island,Brisbane,Qantas,May,27,26,1,14,13,12,13,53.8,50,3.7
Kalgoorlie-Perth,Kalgoorlie,Perth,Virgin Australia,May,29,27,2,21,21,6,6,77.8,77.8,6.9
Perth-Kalgoorlie,Perth,Kalgoorlie,Virgin Australia,May,29,27,2,23,20,4,7,85.2,74.1,6.9
Gold Coast-Sydney,Gold Coast,Sydney,Rex Airlines,May,30,30,0,28,29,2,1,93.3,96.7,0
Sydney-Gold Coast,Sydney,Gold Coast,Rex Airlines,May,30,30,0,28,27,2,3,93.3,90,0
Sydney-Hamilton Island,Sydney,Hamilton Island,Qantas,May,30,30,0,22,12,8,18,73.3,40,0
Adelaide-Brisbane,Adelaide,Brisbane,Rex Airlines,May,31,30,1,29,29,1,1,96.7,96.7,3.2
Adelaide-Gold Coast,Adelaide,Gold Coast,Virgin Australia,May,31,31,0,21,19,10,12,67.7,61.3,0
Adelaide-Perth,Adelaide,Perth,Jetstar,May,31,30,1,26,28,4,2,86.7,93.3,3.2
Adelaide-Sydney,Adelaide,Sydney,Rex Airlines,May,31,31,0,26,28,5,3,83.9,90.3,0
Brisbane-Adelaide,Brisbane,Adelaide,Rex Airlines,May,31,30,1,29,29,1,1,96.7,96.7,3.2
Brisbane-Canberra,Brisbane,Canberra,Jetstar,May,31,31,0,31,31,0,0,100,100,0
Brisbane-Darwin,Brisbane,Darwin,Qantas,May,31,31,0,23,5,8,26,74.2,16.1,0
Brisbane-Hamilton Island,Brisbane,Hamilton Island,Virgin Australia,May,31,31,0,26,26,5,5,83.9,83.9,0
Brisbane-Mackay,Brisbane,Mackay,Jetstar,May,31,31,0,18,18,13,13,58.1,58.1,0
Brisbane-Proserpine,Brisbane,Proserpine,Virgin Australia,May,31,31,0,19,19,12,12,61.3,61.3,0
Cairns-Melbourne,Cairns,Melbourne,Qantas,May,31,31,0,17,24,14,7,54.8,77.4,0
Cairns-Sydney,Cairns,Sydney,Qantas,May,31,31,0,11,17,20,14,35.5,54.8,0
Canberra-Brisbane,Canberra,Brisbane,Jetstar,May,31,31,0,31,31,0,0,100,100,0
Canberra-Gold Coast,Canberra,Gold Coast,Virgin Australia,May,31,31,0,24,21,7,10,77.4,67.7,0
Canberra-Melbourne,Canberra,Melbourne,Rex Airlines,May,31,31,0,23,22,8,9,74.2,71,0
Darwin-Brisbane,Darwin,Brisbane,Qantas,May,31,31,0,4,11,27,20,12.9,35.5,0
Darwin-Melbourne,Darwin,Melbourne,Qantas,May,31,30,1,22,27,8,3,73.3,90,3.2
Darwin-Perth,Darwin,Perth,Qantas,May,31,31,0,13,13,18,18,41.9,41.9,0
Gold Coast-Adelaide,Gold Coast,Adelaide,Virgin Australia,May,31,31,0,18,17,13,14,58.1,54.8,0
Gold Coast-Canberra,Gold Coast,Canberra,Virgin Australia,May,31,31,0,23,23,8,8,74.2,74.2,0
Gold Coast-Melbourne,Gold Coast,Melbourne,Qantas,May,31,31,0,25,25,6,6,80.6,80.6,0
Gold Coast-Melbourne,Gold Coast,Melbourne,Rex Airlines,May,31,31,0,24,20,7,11,77.4,64.5,0
Hamilton Island-Brisbane,Hamilton Island,Brisbane,Virgin Australia,May,31,31,0,23,25,8,6,74.2,80.6,0
Hamilton Island-Sydney,Hamilton Island,Sydney,Qantas,May,31,31,0,12,16,19,15,38.7,51.6,0
Hobart-Melbourne,Hobart,Melbourne,Rex Airlines,May,31,31,0,29,30,2,1,93.5,96.8,0
Launceston-Sydney,Launceston,Sydney,Jetstar,May,31,31,0,20,19,11,12,64.5,61.3,0
Launceston-Sydney,Launceston,Sydney,Qantas,May,31,30,1,27,27,3,3,90,90,3.2
Mackay-Brisbane,Mackay,Brisbane,Jetstar,May,31,31,0,15,17,16,14,48.4,54.8,0
Melbourne-Cairns,Melbourne,Cairns,Qantas,May,31,31,0,24,19,7,12,77.4,61.3,0
Melbourne-Canberra,Melbourne,Canberra,Rex Airlines,May,31,31,0,24,22,7,9,77.4,71,0
Melbourne-Darwin,Melbourne,Darwin,Qantas,May,31,31,0,27,24,4,7,87.1,77.4,0
Melbourne-Gold Coast,Melbourne,Gold Coast,Qantas,May,31,31,0,31,31,0,0,100,100,0
Melbourne-Gold Coast,Melbourne,Gold Coast,Rex Airlines,May,31,31,0,27,24,4,7,87.1,77.4,0
Melbourne-Hobart,Melbourne,Hobart,Rex Airlines,May,31,31,0,27,28,4,3,87.1,90.3,0
Melbourne-Sunshine Coast,Melbourne,Sunshine Coast,Qantas,May,31,31,0,21,21,10,10,67.7,67.7,0
Perth-Adelaide,Perth,Adelaide,Jetstar,May,31,30,1,27,24,3,6,90,80,3.2
Proserpine-Brisbane,Proserpine,Brisbane,Virgin Australia,May,31,31,0,16,19,15,12,51.6,61.3,0
Sunshine Coast-Melbourne,Sunshine Coast,Melbourne,Qantas,May,31,31,0,18,20,13,11,58.1,64.5,0
Sydney-Adelaide,Sydney,Adelaide,Rex Airlines,May,31,31,0,26,26,5,5,83.9,83.9,0
Sydney-Cairns,Sydney,Cairns,Qantas,May,31,31,0,22,14,9,17,71,45.2,0
Sydney-Launceston,Sydney,Launceston,Jetstar,May,31,31,0,23,24,8,7,74.2,77.4,0
Sydney-Launceston,Sydney,Launceston,Qantas,May,31,30,1,27,26,3,4,90,86.7,3.2
Darwin-Melbourne,Darwin,Melbourne,Virgin Australia,May,32,32,0,18,23,14,9,56.3,71.9,0
Perth-Darwin,Perth,Darwin,Qantas,May,32,32,0,24,21,8,11,75,65.6,0
Melbourne-Darwin,Melbourne,Darwin,Virgin Australia,May,33,33,0,26,25,7,8,78.8,75.8,0
Devonport-Melbourne,Devonport,Melbourne,Rex Airlines,May,34,34,0,31,30,3,4,91.2,88.2,0
Melbourne-Devonport,Melbourne,Devonport,Rex Airlines,May,34,34,0,34,34,0,0,100,100,0
Adelaide-Brisbane,Adelaide,Brisbane,Jetstar,May,35,35,0,31,30,4,5,88.6,85.7,0
Adelaide-Perth,Adelaide,Perth,Virgin Australia,May,35,32,3,10,20,22,12,31.3,62.5,8.6
Brisbane-Adelaide,Brisbane,Adelaide,Jetstar,May,35,35,0,26,29,9,6,74.3,82.9,0
Brisbane-Melbourne,Brisbane,Melbourne,Qantas,May,35,30,5,15,15,15,15,50,50,14.3
Gladstone-Brisbane,Gladstone,Brisbane,Virgin Australia,May,35,33,2,23,25,10,8,69.7,75.8,5.7
Melbourne-Brisbane,Melbourne,Brisbane,Qantas,May,35,30,5,21,21,9,9,70,70,14.3
Perth-Adelaide,Perth,Adelaide,Virgin Australia,May,35,32,3,25,17,7,15,78.1,53.1,8.6
Brisbane-Gladstone,Brisbane,Gladstone,Virgin Australia,May,36,34,2,23,21,11,13,67.6,61.8,5.6
Perth-Port Hedland,Perth,Port Hedland,Virgin Australia,May,37,36,1,34,32,2,4,94.4,88.9,2.7
Port Hedland-Perth,Port Hedland,Perth,Virgin Australia,May,37,36,1,20,16,16,20,55.6,44.4,2.7
Adelaide-Perth,Adelaide,Perth,Virgin Australia,May,38,38,0,19,31,19,7,50,81.6,0
Perth-Adelaide,Perth,Adelaide,Virgin Australia,May,38,38,0,36,22,2,16,94.7,57.9,0
Ballina-Sydney,Ballina,Sydney,Virgin Australia,May,40,40,0,35,34,5,6,87.5,85,0
Brisbane-Hobart,Brisbane,Hobart,Virgin Australia,May,40,39,1,28,27,11,12,71.8,69.2,2.5
Hobart-Brisbane,Hobart,Brisbane,Virgin Australia,May,40,39,1,24,23,15,16,61.5,59,2.5
Sydney-Ballina,Sydney,Ballina,Virgin Australia,May,40,40,0,37,36,3,4,92.5,90,0
Darwin-Brisbane,Darwin,Brisbane,Virgin Australia,May,42,42,0,19,33,23,9,45.2,78.6,0
Brisbane-Darwin,Brisbane,Darwin,Virgin Australia,May,43,43,0,29,26,14,17,67.4,60.5,0
Newman-Perth,Newman,Perth,Virgin Australia,May,43,42,1,32,28,10,14,76.2,66.7,2.3
Perth-Newman,Perth,Newman,Virgin Australia,May,43,43,0,42,40,1,3,97.7,93,0
Melbourne-Newcastle,Melbourne,Newcastle,Virgin Australia,May,44,43,1,38,34,5,9,88.4,79.1,2.3
Newcastle-Melbourne,Newcastle,Melbourne,Virgin Australia,May,44,43,1,32,34,11,9,74.4,79.1,2.3
Broome-Perth,Broome,Perth,Virgin Australia,May,45,45,0,38,36,7,9,84.4,80,0
Perth-Broome,Perth,Broome,Virgin Australia,May,45,45,0,39,40,6,5,86.7,88.9,0
Adelaide-Alice Springs,Adelaide,Alice Springs,Qantas,May,48,48,0,43,42,5,6,89.6,87.5,0
Alice Springs-Adelaide,Alice Springs,Adelaide,Qantas,May,48,48,0,40,42,8,6,83.3,87.5,0
Brisbane-Mount Isa,Brisbane,Mount Isa,Qantas,May,50,50,0,44,46,6,4,88,92,0
Mount Isa-Brisbane,Mount Isa,Brisbane,Qantas,May,50,50,0,40,46,10,4,80,92,0
Brisbane-Newcastle,Brisbane,Newcastle,Jetstar,May,52,51,1,44,41,7,10,86.3,80.4,1.9
Newcastle-Brisbane,Newcastle,Brisbane,Jetstar,May,53,52,1,41,38,11,14,78.8,73.1,1.9
Sydney-Perth,Sydney,Perth,Jetstar,May,53,52,1,27,46,25,6,51.9,88.5,1.9
Melbourne-Newcastle,Melbourne,Newcastle,Jetstar,May,54,53,1,42,42,11,11,79.2,79.2,1.9
Melbourne-Newcastle,Melbourne,Newcastle,Qantas,May,54,52,2,37,29,15,23,71.2,55.8,3.7
Newcastle-Melbourne,Newcastle,Melbourne,Jetstar,May,54,53,1,39,44,14,9,73.6,83,1.9
Newcastle-Melbourne,Newcastle,Melbourne,Qantas,May,54,52,2,45,41,7,11,86.5,78.8,3.7
Perth-Sydney,Perth,Sydney,Jetstar,May,54,51,3,30,26,21,25,58.8,51,5.6
Port Macquarie-Sydney,Port Macquarie,Sydney,Rex Airlines,May,54,54,0,42,37,12,17,77.8,68.5,0
Brisbane-Townsville,Brisbane,Townsville,Jetstar,May,55,55,0,46,43,9,12,83.6,78.2,0
Canberra-Sydney,Canberra,Sydney,Qantas,May,55,55,0,46,44,9,11,83.6,80,0
Sydney-Canberra,Sydney,Canberra,Qantas,May,55,55,0,50,49,5,6,90.9,89.1,0
Sydney-Port Macquarie,Sydney,Port Macquarie,Rex Airlines,May,55,55,0,41,41,14,14,74.5,74.5,0
Townsville-Brisbane,Townsville,Brisbane,Jetstar,May,55,55,0,40,42,15,13,72.7,76.4,0
Sydney-Ballina,Sydney,Ballina,Qantas,May,57,55,2,49,49,6,6,89.1,89.1,3.5
Ballina-Sydney,Ballina,Sydney,Qantas,May,58,55,3,49,49,6,6,89.1,89.1,5.2
Brisbane-Melbourne,Brisbane,Melbourne,Rex Airlines,May,58,58,0,48,46,10,12,82.8,79.3,0
Melbourne-Brisbane,Melbourne,Brisbane,Rex Airlines,May,58,58,0,51,49,7,9,87.9,84.5,0
Sunshine Coast-Sydney,Sunshine Coast,Sydney,Qantas,May,58,58,0,46,42,12,16,79.3,72.4,0
Sydney-Sunshine Coast,Sydney,Sunshine Coast,Qantas,May,59,59,0,41,42,18,17,69.5,71.2,0
Adelaide-Melbourne,Adelaide,Melbourne,Rex Airlines,May,62,62,0,52,48,10,14,83.9,77.4,0
Ballina-Sydney,Ballina,Sydney,Jetstar,May,62,62,0,49,49,13,13,79,79,0
Cairns-Melbourne,Cairns,Melbourne,Jetstar,May,62,62,0,50,56,12,6,80.6,90.3,0
Cairns-Melbourne,Cairns,Melbourne,Virgin Australia,May,62,62,0,40,50,22,12,64.5,80.6,0
Hobart-Sydney,Hobart,Sydney,Jetstar,May,62,62,0,49,48,13,14,79,77.4,0
Melbourne-Adelaide,Melbourne,Adelaide,Rex Airlines,May,62,62,0,56,56,6,6,90.3,90.3,0
Melbourne-Cairns,Melbourne,Cairns,Jetstar,May,62,62,0,54,54,8,8,87.1,87.1,0
Melbourne-Cairns,Melbourne,Cairns,Virgin Australia,May,62,62,0,56,48,6,14,90.3,77.4,0
Melbourne-Sunshine Coast,Melbourne,Sunshine Coast,Virgin Australia,May,62,62,0,51,50,11,12,82.3,80.6,0
Sunshine Coast-Melbourne,Sunshine Coast,Melbourne,Virgin Australia,May,62,62,0,48,53,14,9,77.4,85.5,0
Sunshine Coast-Sydney,Sunshine Coast,Sydney,Virgin Australia,May,62,62,0,46,36,16,26,74.2,58.1,0
Sydney-Ballina,Sydney,Ballina,Jetstar,May,62,62,0,56,57,6,5,90.3,91.9,0
Sydney-Hobart,Sydney,Hobart,Jetstar,May,62,62,0,52,51,10,11,83.9,82.3,0
Sydney-Sunshine Coast,Sydney,Sunshine Coast,Virgin Australia,May,62,62,0,49,48,13,14,79,77.4,0
Melbourne-Perth,Melbourne,Perth,Jetstar,May,63,61,2,45,56,16,5,73.8,91.8,3.2
Perth-Melbourne,Perth,Melbourne,Jetstar,May,63,61,2,51,52,10,9,83.6,85.2,3.2
Kalgoorlie-Perth,Kalgoorlie,Perth,Qantas,May,64,61,3,43,41,18,20,70.5,67.2,4.7
Perth-Kalgoorlie,Perth,Kalgoorlie,Qantas,May,64,62,2,46,43,16,19,74.2,69.4,3.1
Karratha-Perth,Karratha,Perth,Virgin Australia,May,65,65,0,60,59,5,6,92.3,90.8,0
Perth-Karratha,Perth,Karratha,Virgin Australia,May,65,65,0,63,56,2,9,96.9,86.2,0
Melbourne-Sunshine Coast,Melbourne,Sunshine Coast,Jetstar,May,68,68,0,56,55,12,13,82.4,80.9,0
Sunshine Coast-Melbourne,Sunshine Coast,Melbourne,Jetstar,May,68,68,0,47,54,21,14,69.1,79.4,0
Hobart-Sydney,Hobart,Sydney,Virgin Australia,May,69,69,0,50,48,19,21,72.5,69.6,0
Sydney-Hobart,Sydney,Hobart,Virgin Australia,May,69,69,0,57,54,12,15,82.6,78.3,0
Launceston-Melbourne,Launceston,Melbourne,Jetstar,May,70,70,0,37,43,33,27,52.9,61.4,0
Melbourne-Launceston,Melbourne,Launceston,Jetstar,May,71,71,0,43,43,28,28,60.6,60.6,0
Brisbane-Cairns,Brisbane,Cairns,Qantas,May,74,74,0,63,59,11,15,85.1,79.7,0
Cairns-Brisbane,Cairns,Brisbane,Qantas,May,74,74,0,61,65,13,9,82.4,87.8,0
Hobart-Sydney,Hobart,Sydney,Qantas,May,75,75,0,66,58,9,17,88,77.3,0
Sydney-Hobart,Sydney,Hobart,Qantas,May,75,75,0,50,58,25,17,66.7,77.3,0
Sydney-Sunshine Coast,Sydney,Sunshine Coast,Jetstar,May,75,75,0,57,58,18,17,76,77.3,0
Sunshine Coast-Sydney,Sunshine Coast,Sydney,Jetstar,May,76,75,1,55,49,20,26,73.3,65.3,1.3
Cairns-Sydney,Cairns,Sydney,Virgin Australia,May,79,79,0,64,67,15,12,81,84.8,0
Sydney-Cairns,Sydney,Cairns,Virgin Australia,May,79,79,0,67,67,12,12,84.8,84.8,0
Perth-Kalgoorlie,Perth,Kalgoorlie,Virgin Australia,May,80,78,2,72,67,6,11,92.3,85.9,2.5
Kalgoorlie-Perth,Kalgoorlie,Perth,Virgin Australia,May,81,78,3,59,60,19,18,75.6,76.9,3.7
Adelaide-Canberra,Adelaide,Canberra,Qantas,May,85,85,0,77,74,8,11,90.6,87.1,0
Albury-Sydney,Albury,Sydney,Rex Airlines,May,85,84,1,67,59,17,25,79.8,70.2,1.2
Brisbane-Newcastle,Brisbane,Newcastle,Qantas,May,85,83,2,69,64,14,19,83.1,77.1,2.4
Brisbane-Newcastle,Brisbane,Newcastle,Virgin Australia,May,85,84,1,65,62,19,22,77.4,73.8,1.2
Cairns-Sydney,Cairns,Sydney,Jetstar,May,85,85,0,68,69,17,16,80,81.2,0
Canberra-Adelaide,Canberra,Adelaide,Qantas,May,85,85,0,72,75,13,10,84.7,88.2,0
Newcastle-Brisbane,Newcastle,Brisbane,Qantas,May,85,83,2,68,62,15,21,81.9,74.7,2.4
Newcastle-Brisbane,Newcastle,Brisbane,Virgin Australia,May,85,84,1,71,68,13,16,84.5,81,1.2
Sydney-Albury,Sydney,Albury,Rex Airlines,May,85,84,1,69,72,15,12,82.1,85.7,1.2
Sydney-Cairns,Sydney,Cairns,Jetstar,May,85,85,0,69,68,16,17,81.2,80,0
Perth-Broome,Perth,Broome,Qantas,May,90,90,0,61,63,29,27,67.8,70,0
Broome-Perth,Broome,Perth,Qantas,May,91,90,1,63,60,27,30,70,66.7,1.1
Launceston-Melbourne,Launceston,Melbourne,Virgin Australia,May,92,92,0,71,73,21,19,77.2,79.3,0
Melbourne-Launceston,Melbourne,Launceston,Virgin Australia,May,92,92,0,77,74,15,18,83.7,80.4,0
Sydney-Coffs Harbour,Sydney,Coffs Harbour,Rex Airlines,May,92,92,0,70,73,22,19,76.1,79.3,0
Adelaide-Perth,Adelaide,Perth,Qantas,May,93,93,0,77,81,16,12,82.8,87.1,0
Brisbane-Cairns,Brisbane,Cairns,Jetstar,May,93,93,0,80,78,13,15,86,83.9,0
Cairns-Brisbane,Cairns,Brisbane,Jetstar,May,93,93,0,76,81,17,12,81.7,87.1,0
Coffs Harbour-Sydney,Coffs Harbour,Sydney,Rex Airlines,May,93,93,0,67,57,26,36,72,61.3,0
Gold Coast-Sydney,Gold Coast,Sydney,Qantas,May,93,93,0,71,72,22,21,76.3,77.4,0
Melbourne-Mildura,Melbourne,Mildura,Rex Airlines,May,93,93,0,70,66,23,27,75.3,71,0
Mildura-Melbourne,Mildura,Melbourne,Rex Airlines,May,93,93,0,58,53,35,40,62.4,57,0
Perth-Adelaide,Perth,Adelaide,Qantas,May,93,93,0,81,70,12,23,87.1,75.3,0
Sydney-Gold Coast,Sydney,Gold Coast,Qantas,May,93,93,0,64,66,29,27,68.8,71,0
Sydney-Wagga Wagga,Sydney,Wagga Wagga,Rex Airlines,May,94,94,0,69,71,25,23,73.4,75.5,0
Wagga Wagga-Sydney,Wagga Wagga,Sydney,Rex Airlines,May,94,94,0,70,61,24,33,74.5,64.9,0
Launceston-Melbourne,Launceston,Melbourne,Qantas,May,98,94,4,81,87,13,7,86.2,92.6,4.1
Melbourne-Launceston,Melbourne,Launceston,Qantas,May,99,95,4,76,79,19,16,80,83.2,4
Brisbane-Cairns,Brisbane,Cairns,Qantas,May,104,104,0,65,45,39,59,62.5,43.3,0
Cairns-Brisbane,Cairns,Brisbane,Qantas,May,104,104,0,53,63,51,41,51,60.6,0
Newman-Perth,Newman,Perth,Qantas,May,105,103,2,84,66,19,37,81.6,64.1,1.9
Perth-Newman,Perth,Newman,Qantas,May,105,103,2,88,88,15,15,85.4,85.4,1.9
Adelaide-Melbourne,Adelaide,Melbourne,Jetstar,May,111,111,0,93,95,18,16,83.8,85.6,0
Brisbane-Mackay,Brisbane,Mackay,Qantas,May,111,111,0,90,93,21,18,81.1,83.8,0
Mackay-Brisbane,Mackay,Brisbane,Qantas,May,111,110,1,89,94,21,16,80.9,85.5,0.9
Melbourne-Adelaide,Melbourne,Adelaide,Jetstar,May,111,111,0,93,99,18,12,83.8,89.2,0
Albury-Sydney,Albury,Sydney,Qantas,May,112,111,1,89,75,22,36,80.2,67.6,0.9
Brisbane-Canberra,Brisbane,Canberra,Virgin Australia,May,112,112,0,76,85,36,27,67.9,75.9,0
Canberra-Brisbane,Canberra,Brisbane,Virgin Australia,May,112,112,0,82,76,30,36,73.2,67.9,0
Melbourne-Mildura,Melbourne,Mildura,Qantas,May,112,112,0,88,91,24,21,78.6,81.3,0
Mildura-Melbourne,Mildura,Melbourne,Qantas,May,112,112,0,78,84,34,28,69.6,75,0
Sydney-Albury,Sydney,Albury,Qantas,May,112,112,0,91,95,21,17,81.3,84.8,0
Brisbane-Perth,Brisbane,Perth,Virgin Australia,May,113,113,0,79,103,34,10,69.9,91.2,0
Perth-Brisbane,Perth,Brisbane,Virgin Australia,May,114,114,0,97,91,17,23,85.1,79.8,0
Melbourne-Hobart,Melbourne,Hobart,Jetstar,May,115,115,0,87,86,28,29,75.7,74.8,0
Coffs Harbour-Sydney,Coffs Harbour,Sydney,Qantas,May,116,115,1,95,101,20,14,82.6,87.8,0.9
Dubbo-Sydney,Dubbo,Sydney,Qantas,May,116,114,2,99,92,15,22,86.8,80.7,1.7
Hobart-Melbourne,Hobart,Melbourne,Jetstar,May,116,116,0,76,87,40,29,65.5,75,0
Port Macquarie-Sydney,Port Macquarie,Sydney,Qantas,May,116,116,0,97,93,19,23,83.6,80.2,0
Sydney-Coffs Harbour,Sydney,Coffs Harbour,Qantas,May,116,116,0,90,95,26,21,77.6,81.9,0
Sydney-Dubbo,Sydney,Dubbo,Qantas,May,116,114,2,94,99,20,15,82.5,86.8,1.7
Sydney-Port Macquarie,Sydney,Port Macquarie,Qantas,May,116,116,0,95,96,21,20,81.9,82.8,0
Sydney-Wagga Wagga,Sydney,Wagga Wagga,Qantas,May,116,115,1,98,105,17,10,85.2,91.3,0.9
Wagga Wagga-Sydney,Wagga Wagga,Sydney,Qantas,May,116,114,2,105,107,9,7,92.1,93.9,1.7
Melbourne-Hobart,Melbourne,Hobart,Qantas,May,118,115,3,82,80,33,35,71.3,69.6,2.5
Devonport-Melbourne,Devonport,Melbourne,Qantas,May,119,119,0,95,94,24,25,79.8,79,0
Hobart-Melbourne,Hobart,Melbourne,Virgin Australia,May,119,119,0,93,94,26,25,78.2,79,0
Hobart-Melbourne,Hobart,Melbourne,Qantas,May,120,116,4,93,90,23,26,80.2,77.6,3.3
Melbourne-Devonport,Melbourne,Devonport,Qantas,May,120,120,0,97,95,23,25,80.8,79.2,0
Melbourne-Hobart,Melbourne,Hobart,Virgin Australia,May,120,120,0,95,86,25,34,79.2,71.7,0
Adelaide-Brisbane,Adelaide,Brisbane,Virgin Australia,May,131,124,7,106,110,18,14,85.5,88.7,5.3
Brisbane-Adelaide,Brisbane,Adelaide,Virgin Australia,May,131,126,5,112,115,14,11,88.9,91.3,3.8
Dubbo-Sydney,Dubbo,Sydney,Rex Airlines,May,132,129,3,94,87,35,42,72.9,67.4,2.3
Canberra-Melbourne,Canberra,Melbourne,Virgin Australia,May,133,133,0,105,101,28,32,78.9,75.9,0
Melbourne-Canberra,Melbourne,Canberra,Virgin Australia,May,133,133,0,114,110,19,23,85.7,82.7,0
Brisbane-Emerald,Brisbane,Emerald,Qantas,May,134,129,5,116,120,13,9,89.9,93,3.7
Emerald-Brisbane,Emerald,Brisbane,Qantas,May,134,129,5,120,120,9,9,93,93,3.7
Perth-Sydney,Perth,Sydney,Virgin Australia,May,134,134,0,100,105,34,29,74.6,78.4,0
Sydney-Dubbo,Sydney,Dubbo,Rex Airlines,May,135,132,3,89,92,43,40,67.4,69.7,2.2
Brisbane-Townsville,Brisbane,Townsville,Qantas,May,136,135,1,104,91,31,44,77,67.4,0.7
Townsville-Brisbane,Townsville,Brisbane,Qantas,May,136,136,0,94,95,42,41,69.1,69.9,0
Brisbane-Gladstone,Brisbane,Gladstone,Qantas,May,139,136,3,104,88,32,48,76.5,64.7,2.2
Brisbane-Mackay,Brisbane,Mackay,Virgin Australia,May,139,139,0,96,96,43,43,69.1,69.1,0
Gladstone-Brisbane,Gladstone,Brisbane,Qantas,May,139,135,4,96,97,39,38,71.1,71.9,2.9
Mackay-Brisbane,Mackay,Brisbane,Virgin Australia,May,139,139,0,106,111,33,28,76.3,79.9,0
Adelaide-Sydney,Adelaide,Sydney,Jetstar,May,140,136,4,109,110,27,26,80.1,80.9,2.9
Sydney-Adelaide,Sydney,Adelaide,Jetstar,May,140,137,3,101,115,36,22,73.7,83.9,2.1
Adelaide-Port Lincoln,Adelaide,Port Lincoln,Qantas,May,143,138,5,128,133,10,5,92.8,96.4,3.5
Brisbane-Townsville,Brisbane,Townsville,Virgin Australia,May,143,143,0,103,90,40,53,72,62.9,0
Port Lincoln-Adelaide,Port Lincoln,Adelaide,Qantas,May,143,137,6,128,129,9,8,93.4,94.2,4.2
Townsville-Brisbane,Townsville,Brisbane,Virgin Australia,May,143,143,0,89,109,54,34,62.2,76.2,0
Sydney-Perth,Sydney,Perth,Virgin Australia,May,146,146,0,101,128,45,18,69.2,87.7,0
Cairns-Townsville,Cairns,Townsville,Qantas,May,147,143,4,127,127,16,16,88.8,88.8,2.7
Perth-Port Hedland,Perth,Port Hedland,Qantas,May,147,147,0,120,115,27,32,81.6,78.2,0
Port Hedland-Perth,Port Hedland,Perth,Qantas,May,147,146,1,88,73,58,73,60.3,50,0.7
Townsville-Cairns,Townsville,Cairns,Qantas,May,149,142,7,136,135,6,7,95.8,95.1,4.7
Brisbane-Sydney,Brisbane,Sydney,Rex Airlines,May,152,152,0,129,125,23,27,84.9,82.2,0
Karratha-Perth,Karratha,Perth,Qantas,May,152,148,4,90,94,58,54,60.8,63.5,2.6
Sydney-Brisbane,Sydney,Brisbane,Rex Airlines,May,152,152,0,131,123,21,29,86.2,80.9,0
Adelaide-Port Lincoln,Adelaide,Port Lincoln,Rex Airlines,May,153,152,1,137,134,15,18,90.1,88.2,0.7
Melbourne-Gold Coast,Melbourne,Gold Coast,Jetstar,May,153,151,2,96,105,55,46,63.6,69.5,1.3
Perth-Karratha,Perth,Karratha,Qantas,May,153,152,1,111,111,41,41,73,73,0.7
Port Lincoln-Adelaide,Port Lincoln,Adelaide,Rex Airlines,May,153,152,1,136,131,16,21,89.5,86.2,0.7
Brisbane-Melbourne,Brisbane,Melbourne,Jetstar,May,154,154,0,97,115,57,39,63,74.7,0
Gold Coast-Melbourne,Gold Coast,Melbourne,Jetstar,May,154,151,3,111,124,40,27,73.5,82.1,1.9
Melbourne-Brisbane,Melbourne,Brisbane,Jetstar,May,154,154,0,104,93,50,61,67.5,60.4,0
Brisbane-Canberra,Brisbane,Canberra,Qantas,May,155,152,3,124,125,28,27,81.6,82.2,1.9
Canberra-Brisbane,Canberra,Brisbane,Qantas,May,155,151,4,120,109,31,42,79.5,72.2,2.6
Adelaide-Brisbane,Adelaide,Brisbane,Qantas,May,157,157,0,134,130,23,27,85.4,82.8,0
Brisbane-Adelaide,Brisbane,Adelaide,Qantas,May,157,157,0,123,136,34,21,78.3,86.6,0
Brisbane-Perth,Brisbane,Perth,Qantas,May,157,157,0,126,147,31,10,80.3,93.6,0
Perth-Brisbane,Perth,Brisbane,Qantas,May,157,157,0,137,106,20,51,87.3,67.5,0
Brisbane-Rockhampton,Brisbane,Rockhampton,Virgin Australia,May,169,169,0,127,105,42,64,75.1,62.1,0
Rockhampton-Brisbane,Rockhampton,Brisbane,Virgin Australia,May,169,169,0,123,121,46,48,72.8,71.6,0
Sydney-Brisbane,Sydney,Brisbane,Jetstar,May,171,167,4,131,135,36,32,78.4,80.8,2.3
Brisbane-Sydney,Brisbane,Sydney,Jetstar,May,172,168,4,139,138,29,30,82.7,82.1,2.3
Brisbane-Cairns,Brisbane,Cairns,Virgin Australia,May,173,172,1,143,129,29,43,83.1,75,0.6
Cairns-Brisbane,Cairns,Brisbane,Virgin Australia,May,173,172,1,113,143,59,29,65.7,83.1,0.6
Adelaide-Sydney,Adelaide,Sydney,Virgin Australia,May,180,176,4,150,128,26,48,85.2,72.7,2.2
Sydney-Adelaide,Sydney,Adelaide,Virgin Australia,May,180,176,4,142,145,34,31,80.7,82.4,2.2
Melbourne-Perth,Melbourne,Perth,Virgin Australia,May,200,199,1,154,177,45,22,77.4,88.9,0.5
Brisbane-Rockhampton,Brisbane,Rockhampton,Qantas,May,201,198,3,164,166,34,32,82.8,83.8,1.5
Rockhampton-Brisbane,Rockhampton,Brisbane,Qantas,May,201,197,4,165,166,32,31,83.8,84.3,2
Sydney-Perth,Sydney,Perth,Qantas,May,205,204,1,150,180,54,24,73.5,88.2,0.5
Perth-Sydney,Perth,Sydney,Qantas,May,206,205,1,162,113,43,92,79,55.1,0.5
Perth-Melbourne,Perth,Melbourne,Qantas,May,208,204,4,175,155,29,49,85.8,76,1.9
Melbourne-Perth,Melbourne,Perth,Qantas,May,209,207,2,163,177,44,30,78.7,85.5,1
Melbourne-Sydney,Melbourne,Sydney,Rex Airlines,May,211,208,3,182,167,26,41,87.5,80.3,1.4
Sydney-Melbourne,Sydney,Melbourne,Rex Airlines,May,211,208,3,168,170,40,38,80.8,81.7,1.4
Perth-Melbourne,Perth,Melbourne,Virgin Australia,May,219,218,1,193,162,25,56,88.5,74.3,0.5
Melbourne-Gold Coast,Melbourne,Gold Coast,Virgin Australia,May,224,224,0,189,182,35,42,84.4,81.3,0
Gold Coast-Melbourne,Gold Coast,Melbourne,Virgin Australia,May,225,225,0,150,174,75,51,66.7,77.3,0
Gold Coast-Sydney,Gold Coast,Sydney,Jetstar,May,238,238,0,202,204,36,34,84.9,85.7,0
Sydney-Gold Coast,Sydney,Gold Coast,Jetstar,May,238,238,0,188,191,50,47,79,80.3,0
Adelaide-Sydney,Adelaide,Sydney,Qantas,May,245,243,2,216,197,27,46,88.9,81.1,0.8
Sydney-Adelaide,Sydney,Adelaide,Qantas,May,245,243,2,194,211,49,32,79.8,86.8,0.8
Canberra-Melbourne,Canberra,Melbourne,Qantas,May,246,224,22,151,156,73,68,67.4,69.6,8.9
Melbourne-Canberra,Melbourne,Canberra,Qantas,May,246,226,20,172,172,54,54,76.1,76.1,8.1
Adelaide-Melbourne,Adelaide,Melbourne,Virgin Australia,May,253,249,4,207,201,42,48,83.1,80.7,1.6
Melbourne-Adelaide,Melbourne,Adelaide,Virgin Australia,May,254,251,3,206,204,45,47,82.1,81.3,1.2
Canberra-Sydney,Canberra,Sydney,Virgin Australia,May,262,246,16,202,192,44,54,82.1,78,6.1
Sydney-Canberra,Sydney,Canberra,Virgin Australia,May,262,245,17,195,209,50,36,79.6,85.3,6.5
Adelaide-Melbourne,Adelaide,Melbourne,Qantas,May,268,263,5,223,222,40,41,84.8,84.4,1.9
Melbourne-Adelaide,Melbourne,Adelaide,Qantas,May,268,265,3,230,226,35,39,86.8,85.3,1.1
Gold Coast-Sydney,Gold Coast,Sydney,Virgin Australia,May,296,292,4,223,210,69,82,76.4,71.9,1.4
Sydney-Gold Coast,Sydney,Gold Coast,Virgin Australia,May,296,294,2,236,228,58,66,80.3,77.6,0.7
Canberra-Sydney,Canberra,Sydney,Qantas,May,378,359,19,293,269,66,90,81.6,74.9,5
Sydney-Canberra,Sydney,Canberra,Qantas,May,378,363,15,302,304,61,59,83.2,83.7,4
Melbourne-Brisbane,Melbourne,Brisbane,Qantas,May,391,379,12,316,308,63,71,83.4,81.3,3.1
Brisbane-Melbourne,Brisbane,Melbourne,Qantas,May,392,377,15,301,319,76,58,79.8,84.6,3.8
Melbourne-Brisbane,Melbourne,Brisbane,Virgin Australia,May,395,391,4,328,304,63,87,83.9,77.7,1
Brisbane-Melbourne,Brisbane,Melbourne,Virgin Australia,May,396,390,6,311,313,79,77,79.7,80.3,1.5
Melbourne-Sydney,Melbourne,Sydney,Jetstar,May,413,401,12,321,319,80,82,80,79.6,2.9
Sydney-Melbourne,Sydney,Melbourne,Jetstar,May,413,401,12,301,324,100,77,75.1,80.8,2.9
Sydney-Brisbane,Sydney,Brisbane,Virgin Australia,May,488,471,17,396,386,75,85,84.1,82,3.5
Brisbane-Sydney,Brisbane,Sydney,Virgin Australia,May,491,476,15,389,367,87,109,81.7,77.1,3.1
Sydney-Brisbane,Sydney,Brisbane,Qantas,May,551,536,15,426,401,110,135,79.5,74.8,2.7
Brisbane-Sydney,Brisbane,Sydney,Qantas,May,553,539,14,454,447,85,92,84.2,82.9,2.5
Sydney-Melbourne,Sydney,Melbourne,Virgin Australia,May,764,716,48,555,561,161,155,77.5,78.4,6.3
Melbourne-Sydney,Melbourne,Sydney,Virgin Australia,May,774,725,49,626,545,99,180,86.3,75.2,6.3
Melbourne-Sydney,Melbourne,Sydney,Qantas,May,975,884,91,787,705,97,179,89,79.8,9.3
Sydney-Melbourne,Sydney,Melbourne,Qantas,May,979,892,87,709,723,183,169,79.5,81.1,8.9
Karratha-Perth,Karratha,Perth,Qantas,June,4,4,0,4,4,0,0,100,100,0
Perth-Karratha,Perth,Karratha,Qantas,June,4,4,0,4,4,0,0,100,100,0
Brisbane-Mount Isa,Brisbane,Mount Isa,Qantas,June,5,5,0,5,5,0,0,100,100,0
Mount Isa-Brisbane,Mount Isa,Brisbane,Qantas,June,5,5,0,3,3,2,2,60,60,0
Brisbane-Cairns,Brisbane,Cairns,Rex Airlines,June,8,8,0,7,6,1,2,87.5,75,0
Brisbane-Mackay,Brisbane,Mackay,Qantas,June,8,8,0,8,8,0,0,100,100,0
Cairns-Brisbane,Cairns,Brisbane,Rex Airlines,June,8,8,0,8,7,0,1,100,87.5,0
Hobart-Sydney,Hobart,Sydney,Qantas,June,8,7,1,5,6,2,1,71.4,85.7,12.5
Sydney-Hobart,Sydney,Hobart,Qantas,June,8,7,1,5,4,2,3,71.4,57.1,12.5
Broome-Perth,Broome,Perth,Virgin Australia,June,11,10,1,0,4,10,6,0,40,9.1
Perth-Broome,Perth,Broome,Virgin Australia,June,11,10,1,5,8,5,2,50,80,9.1
Adelaide-Alice Springs,Adelaide,Alice Springs,Virgin Australia,June,12,12,0,8,7,4,5,66.7,58.3,0
Alice Springs-Adelaide,Alice Springs,Adelaide,Virgin Australia,June,12,12,0,5,3,7,9,41.7,25,0
Brisbane-Mount Isa,Brisbane,Mount Isa,Virgin Australia,June,12,12,0,8,6,4,6,66.7,50,0
Mackay-Brisbane,Mackay,Brisbane,Qantas,June,12,11,1,10,10,1,1,90.9,90.9,8.3
Mount Isa-Brisbane,Mount Isa,Brisbane,Virgin Australia,June,12,12,0,7,7,5,5,58.3,58.3,0
Adelaide-Melbourne,Adelaide,Melbourne,Qantas,June,13,13,0,11,13,2,0,84.6,100,0
Cairns-Townsville,Cairns,Townsville,Rex Airlines,June,13,13,0,11,11,2,2,84.6,84.6,0
Melbourne-Adelaide,Melbourne,Adelaide,Qantas,June,13,12,1,12,12,0,0,100,100,7.7
Townsville-Cairns,Townsville,Cairns,Rex Airlines,June,13,13,0,11,11,2,2,84.6,84.6,0
Brisbane-Launceston,Brisbane,Launceston,Virgin Australia,June,15,15,0,14,13,1,2,93.3,86.7,0
Hamilton Island-Sydney,Hamilton Island,Sydney,Jetstar,June,15,15,0,9,8,6,7,60,53.3,0
Launceston-Brisbane,Launceston,Brisbane,Virgin Australia,June,15,15,0,10,12,5,3,66.7,80,0
Newman-Perth,Newman,Perth,Virgin Australia,June,15,14,1,11,13,3,1,78.6,92.9,6.7
Perth-Newman,Perth,Newman,Virgin Australia,June,15,14,1,13,13,1,1,92.9,92.9,6.7
Sydney-Hamilton Island,Sydney,Hamilton Island,Jetstar,June,15,15,0,13,11,2,4,86.7,73.3,0
Adelaide-Canberra,Adelaide,Canberra,Virgin Australia,June,16,16,0,14,15,2,1,87.5,93.8,0
Canberra-Adelaide,Canberra,Adelaide,Virgin Australia,June,16,16,0,15,16,1,0,93.8,100,0
Hamilton Island-Sydney,Hamilton Island,Sydney,Virgin Australia,June,16,16,0,10,10,6,6,62.5,62.5,0
Newman-Perth,Newman,Perth,Qantas,June,16,16,0,15,15,1,1,93.8,93.8,0
Perth-Newman,Perth,Newman,Qantas,June,16,16,0,15,15,1,1,93.8,93.8,0
Sydney-Hamilton Island,Sydney,Hamilton Island,Virgin Australia,June,16,16,0,15,11,1,5,93.8,68.8,0
Kalgoorlie-Perth,Kalgoorlie,Perth,Qantas,June,17,16,1,12,12,4,4,75,75,5.9
Karratha-Perth,Karratha,Perth,Virgin Australia,June,17,16,1,13,13,3,3,81.3,81.3,5.9
Perth-Kalgoorlie,Perth,Kalgoorlie,Qantas,June,17,16,1,14,14,2,2,87.5,87.5,5.9
Perth-Karratha,Perth,Karratha,Virgin Australia,June,17,16,1,14,12,2,4,87.5,75,5.9
Brisbane-Hobart,Brisbane,Hobart,Qantas,June,18,18,0,12,15,6,3,66.7,83.3,0
Brisbane-Proserpine,Brisbane,Proserpine,Qantas,June,18,18,0,13,14,5,4,72.2,77.8,0
Hobart-Brisbane,Hobart,Brisbane,Qantas,June,18,18,0,14,14,4,4,77.8,77.8,0
Proserpine-Brisbane,Proserpine,Brisbane,Qantas,June,18,18,0,14,17,4,1,77.8,94.4,0
Darwin-Brisbane,Darwin,Brisbane,Qantas,June,20,20,0,12,15,8,5,60,75,0
Perth-Port Hedland,Perth,Port Hedland,Virgin Australia,June,20,20,0,17,16,3,4,85,80,0
Port Hedland-Perth,Port Hedland,Perth,Virgin Australia,June,20,20,0,10,8,10,12,50,40,0
Brisbane-Darwin,Brisbane,Darwin,Qantas,June,21,21,0,15,14,6,7,71.4,66.7,0
Canberra-Melbourne,Canberra,Melbourne,Jetstar,June,22,22,0,13,15,9,7,59.1,68.2,0
Melbourne-Canberra,Melbourne,Canberra,Jetstar,June,22,22,0,14,16,8,6,63.6,72.7,0
Brisbane-Launceston,Brisbane,Launceston,Jetstar,June,23,23,0,18,20,5,3,78.3,87,0
Brisbane-Perth,Brisbane,Perth,Jetstar,June,23,23,0,8,13,15,10,34.8,56.5,0
Brisbane-Proserpine,Brisbane,Proserpine,Jetstar,June,23,23,0,18,15,5,8,78.3,65.2,0
Canberra-Gold Coast,Canberra,Gold Coast,Jetstar,June,23,23,0,16,15,7,8,69.6,65.2,0
Gold Coast-Canberra,Gold Coast,Canberra,Jetstar,June,23,23,0,15,16,8,7,65.2,69.6,0
Proserpine-Brisbane,Proserpine,Brisbane,Jetstar,June,23,23,0,13,14,10,9,56.5,60.9,0
Brisbane-Darwin,Brisbane,Darwin,Jetstar,June,24,24,0,23,21,1,3,95.8,87.5,0
Darwin-Brisbane,Darwin,Brisbane,Jetstar,June,24,24,0,19,21,5,3,79.2,87.5,0
Hobart-Brisbane,Hobart,Brisbane,Jetstar,June,24,24,0,17,19,7,5,70.8,79.2,0
Kalgoorlie-Perth,Kalgoorlie,Perth,Virgin Australia,June,24,23,1,20,20,3,3,87,87,4.2
Launceston-Brisbane,Launceston,Brisbane,Jetstar,June,24,23,1,14,12,9,11,60.9,52.2,4.2
Perth-Brisbane,Perth,Brisbane,Jetstar,June,24,24,0,8,14,16,10,33.3,58.3,0
Perth-Kalgoorlie,Perth,Kalgoorlie,Virgin Australia,June,24,23,1,22,22,1,1,95.7,95.7,4.2
Townsville-Brisbane,Townsville,Brisbane,Qantas,June,24,24,0,19,20,5,4,79.2,83.3,0
Brisbane-Emerald,Brisbane,Emerald,Virgin Australia,June,25,25,0,12,14,13,11,48,56,0
Brisbane-Hamilton Island,Brisbane,Hamilton Island,Qantas,June,25,24,1,20,16,4,8,83.3,66.7,4
Brisbane-Hobart,Brisbane,Hobart,Jetstar,June,25,25,0,21,19,4,6,84,76,0
Brisbane-Townsville,Brisbane,Townsville,Qantas,June,25,25,0,22,21,3,4,88,84,0
Emerald-Brisbane,Emerald,Brisbane,Virgin Australia,June,25,25,0,16,18,9,7,64,72,0
Gold Coast-Sydney,Gold Coast,Sydney,Rex Airlines,June,25,24,1,17,18,7,6,70.8,75,4
Hamilton Island-Brisbane,Hamilton Island,Brisbane,Qantas,June,25,23,2,17,15,6,8,73.9,65.2,8
Melbourne-Darwin,Melbourne,Darwin,Jetstar,June,25,24,1,22,19,2,5,91.7,79.2,4
Sydney-Gold Coast,Sydney,Gold Coast,Rex Airlines,June,25,24,1,18,18,6,6,75,75,4
Darwin-Melbourne,Darwin,Melbourne,Jetstar,June,26,24,2,20,22,4,2,83.3,91.7,7.7
Adelaide-Gold Coast,Adelaide,Gold Coast,Jetstar,June,27,27,0,26,25,1,2,96.3,92.6,0
Brisbane-Darwin,Brisbane,Darwin,Qantas,June,27,27,0,18,10,9,17,66.7,37,0
Gold Coast-Adelaide,Gold Coast,Adelaide,Jetstar,June,27,27,0,24,23,3,4,88.9,85.2,0
Darwin-Brisbane,Darwin,Brisbane,Qantas,June,28,28,0,8,8,20,20,28.6,28.6,0
Brisbane-Canberra,Brisbane,Canberra,Jetstar,June,29,29,0,26,27,3,2,89.7,93.1,0
Launceston-Sydney,Launceston,Sydney,Virgin Australia,June,29,28,1,21,19,7,9,75,67.9,3.4
Sydney-Hamilton Island,Sydney,Hamilton Island,Qantas,June,29,29,0,25,18,4,11,86.2,62.1,0
Sydney-Launceston,Sydney,Launceston,Jetstar,June,29,29,0,22,21,7,8,75.9,72.4,0
Sydney-Launceston,Sydney,Launceston,Virgin Australia,June,29,28,1,17,21,11,7,60.7,75,3.4
Adelaide-Brisbane,Adelaide,Brisbane,Rex Airlines,June,30,30,0,27,29,3,1,90,96.7,0
Adelaide-Gold Coast,Adelaide,Gold Coast,Virgin Australia,June,30,30,0,25,27,5,3,83.3,90,0
Adelaide-Perth,Adelaide,Perth,Jetstar,June,30,28,2,24,21,4,7,85.7,75,6.7
Adelaide-Perth,Adelaide,Perth,Virgin Australia,June,30,29,1,20,18,9,11,69,62.1,3.3
Adelaide-Sydney,Adelaide,Sydney,Rex Airlines,June,30,30,0,21,23,9,7,70,76.7,0
Brisbane-Adelaide,Brisbane,Adelaide,Rex Airlines,June,30,30,0,29,29,1,1,96.7,96.7,0
Cairns-Melbourne,Cairns,Melbourne,Qantas,June,30,30,0,14,20,16,10,46.7,66.7,0
Canberra-Brisbane,Canberra,Brisbane,Jetstar,June,30,30,0,27,25,3,5,90,83.3,0
Canberra-Gold Coast,Canberra,Gold Coast,Virgin Australia,June,30,30,0,19,19,11,11,63.3,63.3,0
Canberra-Melbourne,Canberra,Melbourne,Rex Airlines,June,30,30,0,24,23,6,7,80,76.7,0
Darwin-Melbourne,Darwin,Melbourne,Qantas,June,30,30,0,17,22,13,8,56.7,73.3,0
Darwin-Perth,Darwin,Perth,Virgin Australia,June,30,27,3,18,19,9,8,66.7,70.4,10
Gold Coast-Adelaide,Gold Coast,Adelaide,Virgin Australia,June,30,30,0,16,14,14,16,53.3,46.7,0
Gold Coast-Canberra,Gold Coast,Canberra,Virgin Australia,June,30,30,0,18,17,12,13,60,56.7,0
Gold Coast-Melbourne,Gold Coast,Melbourne,Rex Airlines,June,30,30,0,22,20,8,10,73.3,66.7,0
Hamilton Island-Sydney,Hamilton Island,Sydney,Qantas,June,30,30,0,16,19,14,11,53.3,63.3,0
Hobart-Melbourne,Hobart,Melbourne,Rex Airlines,June,30,30,0,26,25,4,5,86.7,83.3,0
Launceston-Sydney,Launceston,Sydney,Jetstar,June,30,29,1,16,18,13,11,55.2,62.1,3.3
Launceston-Sydney,Launceston,Sydney,Qantas,June,30,28,2,23,23,5,5,82.1,82.1,6.7
Melbourne-Cairns,Melbourne,Cairns,Qantas,June,30,30,0,19,15,11,15,63.3,50,0
Melbourne-Canberra,Melbourne,Canberra,Rex Airlines,June,30,30,0,25,23,5,7,83.3,76.7,0
Melbourne-Darwin,Melbourne,Darwin,Qantas,June,30,30,0,20,22,10,8,66.7,73.3,0
Melbourne-Gold Coast,Melbourne,Gold Coast,Rex Airlines,June,30,30,0,26,24,4,6,86.7,80,0
Melbourne-Hobart,Melbourne,Hobart,Rex Airlines,June,30,30,0,25,25,5,5,83.3,83.3,0
Perth-Adelaide,Perth,Adelaide,Jetstar,June,30,28,2,21,23,7,5,75,82.1,6.7
Perth-Adelaide,Perth,Adelaide,Virgin Australia,June,30,30,0,25,21,5,9,83.3,70,0
Perth-Darwin,Perth,Darwin,Virgin Australia,June,30,27,3,18,17,9,10,66.7,63,10
Sydney-Adelaide,Sydney,Adelaide,Rex Airlines,June,30,30,0,21,18,9,12,70,60,0
Sydney-Launceston,Sydney,Launceston,Qantas,June,30,28,2,20,19,8,9,71.4,67.9,6.7
Brisbane-Mackay,Brisbane,Mackay,Jetstar,June,31,30,1,17,12,13,18,56.7,40,3.2
Darwin-Melbourne,Darwin,Melbourne,Virgin Australia,June,31,31,0,16,17,15,14,51.6,54.8,0
Mackay-Brisbane,Mackay,Brisbane,Jetstar,June,31,30,1,12,16,18,14,40,53.3,3.2
Melbourne-Darwin,Melbourne,Darwin,Virgin Australia,June,31,31,0,26,25,5,6,83.9,80.6,0
Melbourne-Sunshine Coast,Melbourne,Sunshine Coast,Qantas,June,31,31,0,28,23,3,8,90.3,74.2,0
Sunshine Coast-Melbourne,Sunshine Coast,Melbourne,Qantas,June,31,31,0,18,20,13,11,58.1,64.5,0
Brisbane-Melbourne,Brisbane,Melbourne,Qantas,June,33,30,3,14,11,16,19,46.7,36.7,9.1
Melbourne-Brisbane,Melbourne,Brisbane,Qantas,June,33,30,3,20,18,10,12,66.7,60,9.1
Brisbane-Gladstone,Brisbane,Gladstone,Virgin Australia,June,34,34,0,23,21,11,13,67.6,61.8,0
Brisbane-Hamilton Island,Brisbane,Hamilton Island,Virgin Australia,June,34,34,0,29,26,5,8,85.3,76.5,0
Brisbane-Proserpine,Brisbane,Proserpine,Virgin Australia,June,34,34,0,28,25,6,9,82.4,73.5,0
Gladstone-Brisbane,Gladstone,Brisbane,Virgin Australia,June,34,34,0,22,24,12,10,64.7,70.6,0
Gold Coast-Melbourne,Gold Coast,Melbourne,Qantas,June,34,34,0,20,26,14,8,58.8,76.5,0
Hamilton Island-Brisbane,Hamilton Island,Brisbane,Virgin Australia,June,34,34,0,23,27,11,7,67.6,79.4,0
Melbourne-Gold Coast,Melbourne,Gold Coast,Qantas,June,34,34,0,28,31,6,3,82.4,91.2,0
Perth-Port Hedland,Perth,Port Hedland,Virgin Australia,June,34,33,1,27,28,6,5,81.8,84.8,2.9
Port Hedland-Perth,Port Hedland,Perth,Virgin Australia,June,34,33,1,23,22,10,11,69.7,66.7,2.9
Adelaide-Perth,Adelaide,Perth,Virgin Australia,June,35,31,4,18,17,13,14,58.1,54.8,11.4
Brisbane-Adelaide,Brisbane,Adelaide,Jetstar,June,35,35,0,19,23,16,12,54.3,65.7,0
Perth-Adelaide,Perth,Adelaide,Virgin Australia,June,35,31,4,20,23,11,8,64.5,74.2,11.4
Proserpine-Brisbane,Proserpine,Brisbane,Virgin Australia,June,35,34,1,21,22,13,12,61.8,64.7,2.9
Adelaide-Brisbane,Adelaide,Brisbane,Jetstar,June,36,36,0,29,28,7,8,80.6,77.8,0
Devonport-Melbourne,Devonport,Melbourne,Rex Airlines,June,36,36,0,23,22,13,14,63.9,61.1,0
Melbourne-Devonport,Melbourne,Devonport,Rex Airlines,June,37,37,0,27,27,10,10,73,73,0
Newman-Perth,Newman,Perth,Virgin Australia,June,38,38,0,32,30,6,8,84.2,78.9,0
Perth-Broome,Perth,Broome,Virgin Australia,June,38,38,0,31,33,7,5,81.6,86.8,0
Perth-Newman,Perth,Newman,Virgin Australia,June,38,38,0,34,34,4,4,89.5,89.5,0
Broome-Perth,Broome,Perth,Virgin Australia,June,39,38,1,25,28,13,10,65.8,73.7,2.6
Sydney-Ballina,Sydney,Ballina,Virgin Australia,June,40,40,0,38,36,2,4,95,90,0
Ballina-Sydney,Ballina,Sydney,Virgin Australia,June,41,40,1,35,34,5,6,87.5,85,2.4
Brisbane-Hobart,Brisbane,Hobart,Virgin Australia,June,43,43,0,38,38,5,5,88.4,88.4,0
Cairns-Sydney,Cairns,Sydney,Qantas,June,43,43,0,24,26,19,17,55.8,60.5,0
Hobart-Brisbane,Hobart,Brisbane,Virgin Australia,June,43,43,0,32,34,11,9,74.4,79.1,0
Melbourne-Newcastle,Melbourne,Newcastle,Virgin Australia,June,43,43,0,34,30,9,13,79.1,69.8,0
Newcastle-Melbourne,Newcastle,Melbourne,Virgin Australia,June,43,43,0,30,27,13,16,69.8,62.8,0
Sydney-Cairns,Sydney,Cairns,Qantas,June,43,43,0,31,26,12,17,72.1,60.5,0
Adelaide-Alice Springs,Adelaide,Alice Springs,Qantas,June,44,44,0,39,38,5,6,88.6,86.4,0
Alice Springs-Adelaide,Alice Springs,Adelaide,Qantas,June,44,44,0,38,36,6,8,86.4,81.8,0
Brisbane-Mount Isa,Brisbane,Mount Isa,Qantas,June,45,45,0,37,37,8,8,82.2,82.2,0
Canberra-Sydney,Canberra,Sydney,Qantas,June,45,43,2,39,36,4,7,90.7,83.7,4.4
Mount Isa-Brisbane,Mount Isa,Brisbane,Qantas,June,45,44,1,32,34,12,10,72.7,77.3,2.2
Sydney-Canberra,Sydney,Canberra,Qantas,June,45,43,2,40,38,3,5,93,88.4,4.4
Darwin-Perth,Darwin,Perth,Qantas,June,48,43,5,25,22,18,21,58.1,51.2,10.4
Perth-Darwin,Perth,Darwin,Qantas,June,48,44,4,32,29,12,15,72.7,65.9,8.3
Brisbane-Newcastle,Brisbane,Newcastle,Jetstar,June,49,49,0,39,37,10,12,79.6,75.5,0
Sydney-Port Macquarie,Sydney,Port Macquarie,Rex Airlines,June,49,49,0,35,36,14,13,71.4,73.5,0
Melbourne-Newcastle,Melbourne,Newcastle,Qantas,June,50,48,2,34,31,14,17,70.8,64.6,4
Newcastle-Brisbane,Newcastle,Brisbane,Jetstar,June,50,50,0,34,34,16,16,68,68,0
Newcastle-Melbourne,Newcastle,Melbourne,Qantas,June,50,49,1,42,39,7,10,85.7,79.6,2
Port Macquarie-Sydney,Port Macquarie,Sydney,Rex Airlines,June,50,50,0,35,32,15,18,70,64,0
Melbourne-Newcastle,Melbourne,Newcastle,Jetstar,June,52,52,0,42,41,10,11,80.8,78.8,0
Sydney-Perth,Sydney,Perth,Jetstar,June,52,51,1,32,30,19,21,62.7,58.8,1.9
Ballina-Sydney,Ballina,Sydney,Qantas,June,54,53,1,45,44,8,9,84.9,83,1.9
Newcastle-Melbourne,Newcastle,Melbourne,Jetstar,June,54,53,1,38,39,15,14,71.7,73.6,1.9
Perth-Sydney,Perth,Sydney,Jetstar,June,54,51,3,15,24,36,27,29.4,47.1,5.6
Sydney-Ballina,Sydney,Ballina,Qantas,June,54,54,0,50,49,4,5,92.6,90.7,0
Sydney-Sunshine Coast,Sydney,Sunshine Coast,Qantas,June,54,54,0,40,42,14,12,74.1,77.8,0
Brisbane-Melbourne,Brisbane,Melbourne,Rex Airlines,June,55,55,0,43,44,12,11,78.2,80,0
Brisbane-Townsville,Brisbane,Townsville,Jetstar,June,55,55,0,43,38,12,17,78.2,69.1,0
Melbourne-Brisbane,Melbourne,Brisbane,Rex Airlines,June,55,55,0,49,47,6,8,89.1,85.5,0
Sunshine Coast-Sydney,Sunshine Coast,Sydney,Qantas,June,55,55,0,44,46,11,9,80,83.6,0
Townsville-Brisbane,Townsville,Brisbane,Jetstar,June,55,55,0,34,36,21,19,61.8,65.5,0
Ballina-Sydney,Ballina,Sydney,Jetstar,June,57,57,0,44,45,13,12,77.2,78.9,0
Brisbane-Darwin,Brisbane,Darwin,Virgin Australia,June,57,55,2,43,40,12,15,78.2,72.7,3.5
Sydney-Ballina,Sydney,Ballina,Jetstar,June,57,57,0,50,50,7,7,87.7,87.7,0
Darwin-Brisbane,Darwin,Brisbane,Virgin Australia,June,58,56,2,30,42,26,14,53.6,75,3.4
Karratha-Perth,Karratha,Perth,Virgin Australia,June,59,57,2,49,44,8,13,86,77.2,3.4
Perth-Karratha,Perth,Karratha,Virgin Australia,June,59,57,2,54,47,3,10,94.7,82.5,3.4
Adelaide-Melbourne,Adelaide,Melbourne,Rex Airlines,June,60,60,0,55,55,5,5,91.7,91.7,0
Melbourne-Adelaide,Melbourne,Adelaide,Rex Airlines,June,60,60,0,51,49,9,11,85,81.7,0
Sunshine Coast-Sydney,Sunshine Coast,Sydney,Jetstar,June,62,60,2,44,41,16,19,73.3,68.3,3.2
Sunshine Coast-Sydney,Sunshine Coast,Sydney,Virgin Australia,June,62,62,0,45,35,17,27,72.6,56.5,0
Sydney-Sunshine Coast,Sydney,Sunshine Coast,Jetstar,June,62,61,1,50,51,11,10,82,83.6,1.6
Sydney-Sunshine Coast,Sydney,Sunshine Coast,Virgin Australia,June,62,62,0,47,46,15,16,75.8,74.2,0
Sydney-Hobart,Sydney,Hobart,Jetstar,June,63,63,0,53,50,10,13,84.1,79.4,0
Hobart-Sydney,Hobart,Sydney,Jetstar,June,64,62,2,51,52,11,10,82.3,83.9,3.1
Melbourne-Launceston,Melbourne,Launceston,Jetstar,June,65,63,2,32,32,31,31,50.8,50.8,3.1
Melbourne-Perth,Melbourne,Perth,Jetstar,June,65,63,2,45,45,18,18,71.4,71.4,3.1
Melbourne-Sunshine Coast,Melbourne,Sunshine Coast,Virgin Australia,June,65,65,0,56,54,9,11,86.2,83.1,0
Sunshine Coast-Melbourne,Sunshine Coast,Melbourne,Virgin Australia,June,65,65,0,50,54,15,11,76.9,83.1,0
Hobart-Sydney,Hobart,Sydney,Virgin Australia,June,66,66,0,55,55,11,11,83.3,83.3,0
Kalgoorlie-Perth,Kalgoorlie,Perth,Qantas,June,66,56,10,41,36,15,20,73.2,64.3,15.2
Launceston-Melbourne,Launceston,Melbourne,Jetstar,June,66,63,3,30,35,33,28,47.6,55.6,4.5
Perth-Kalgoorlie,Perth,Kalgoorlie,Qantas,June,66,56,10,42,40,14,16,75,71.4,15.2
Perth-Melbourne,Perth,Melbourne,Jetstar,June,66,62,4,39,49,23,13,62.9,79,6.1
Sydney-Hobart,Sydney,Hobart,Virgin Australia,June,66,66,0,58,54,8,12,87.9,81.8,0
Cairns-Melbourne,Cairns,Melbourne,Jetstar,June,71,70,1,48,52,22,18,68.6,74.3,1.4
Melbourne-Cairns,Melbourne,Cairns,Jetstar,June,71,71,0,49,46,22,25,69,64.8,0
Melbourne-Sunshine Coast,Melbourne,Sunshine Coast,Jetstar,June,71,70,1,63,58,7,12,90,82.9,1.4
Cairns-Brisbane,Cairns,Brisbane,Qantas,June,72,72,0,55,59,17,13,76.4,81.9,0
Hobart-Sydney,Hobart,Sydney,Qantas,June,72,71,1,62,62,9,9,87.3,87.3,1.4
Sunshine Coast-Melbourne,Sunshine Coast,Melbourne,Jetstar,June,72,71,1,48,53,23,18,67.6,74.6,1.4
Sydney-Hobart,Sydney,Hobart,Qantas,June,72,72,0,53,56,19,16,73.6,77.8,0
Brisbane-Cairns,Brisbane,Cairns,Qantas,June,73,73,0,60,56,13,17,82.2,76.7,0
Kalgoorlie-Perth,Kalgoorlie,Perth,Virgin Australia,June,73,70,3,46,45,24,25,65.7,64.3,4.1
Cairns-Melbourne,Cairns,Melbourne,Virgin Australia,June,74,74,0,40,42,34,32,54.1,56.8,0
Cairns-Sydney,Cairns,Sydney,Virgin Australia,June,74,73,1,53,52,20,21,72.6,71.2,1.4
Melbourne-Cairns,Melbourne,Cairns,Virgin Australia,June,74,74,0,67,60,7,14,90.5,81.1,0
Perth-Kalgoorlie,Perth,Kalgoorlie,Virgin Australia,June,74,71,3,59,56,12,15,83.1,78.9,4.1
Sydney-Cairns,Sydney,Cairns,Virgin Australia,June,74,74,0,63,62,11,12,85.1,83.8,0
Albury-Sydney,Albury,Sydney,Rex Airlines,June,79,79,0,65,62,14,17,82.3,78.5,0
Adelaide-Canberra,Adelaide,Canberra,Qantas,June,80,78,2,69,69,9,9,88.5,88.5,2.5
Brisbane-Newcastle,Brisbane,Newcastle,Qantas,June,80,80,0,62,61,18,19,77.5,76.3,0
Brisbane-Newcastle,Brisbane,Newcastle,Virgin Australia,June,80,80,0,52,40,28,40,65,50,0
Canberra-Adelaide,Canberra,Adelaide,Qantas,June,80,78,2,67,66,11,12,85.9,84.6,2.5
Newcastle-Brisbane,Newcastle,Brisbane,Qantas,June,80,78,2,68,63,10,15,87.2,80.8,2.5
Newcastle-Brisbane,Newcastle,Brisbane,Virgin Australia,June,80,80,0,56,51,24,29,70,63.8,0
Sydney-Albury,Sydney,Albury,Rex Airlines,June,80,80,0,62,61,18,19,77.5,76.3,0
Broome-Perth,Broome,Perth,Qantas,June,85,81,4,60,55,21,26,74.1,67.9,4.7
Perth-Broome,Perth,Broome,Qantas,June,85,83,2,56,66,27,17,67.5,79.5,2.4
Adelaide-Perth,Adelaide,Perth,Qantas,June,89,88,1,77,79,11,9,87.5,89.8,1.1
Launceston-Melbourne,Launceston,Melbourne,Virgin Australia,June,89,86,3,68,73,18,13,79.1,84.9,3.4
Perth-Adelaide,Perth,Adelaide,Qantas,June,89,88,1,74,74,14,14,84.1,84.1,1.1
Sydney-Gold Coast,Sydney,Gold Coast,Qantas,June,89,89,0,63,69,26,20,70.8,77.5,0
Coffs Harbour-Sydney,Coffs Harbour,Sydney,Rex Airlines,June,90,90,0,76,74,14,16,84.4,82.2,0
Gold Coast-Sydney,Gold Coast,Sydney,Qantas,June,90,90,0,73,73,17,17,81.1,81.1,0
Melbourne-Launceston,Melbourne,Launceston,Virgin Australia,June,90,88,2,68,70,20,18,77.3,79.5,2.2
Melbourne-Mildura,Melbourne,Mildura,Rex Airlines,June,90,90,0,74,72,16,18,82.2,80,0
Mildura-Melbourne,Mildura,Melbourne,Rex Airlines,June,90,90,0,63,57,27,33,70,63.3,0
Sydney-Coffs Harbour,Sydney,Coffs Harbour,Rex Airlines,June,91,91,0,75,81,16,10,82.4,89,0
Cairns-Sydney,Cairns,Sydney,Jetstar,June,92,91,1,60,65,31,26,65.9,71.4,1.1
Sydney-Cairns,Sydney,Cairns,Jetstar,June,92,91,1,66,59,25,32,72.5,64.8,1.1
Sydney-Wagga Wagga,Sydney,Wagga Wagga,Rex Airlines,June,92,92,0,72,79,20,13,78.3,85.9,0
Wagga Wagga-Sydney,Wagga Wagga,Sydney,Rex Airlines,June,92,92,0,77,71,15,21,83.7,77.2,0
Launceston-Melbourne,Launceston,Melbourne,Qantas,June,94,81,13,68,69,13,12,84,85.2,13.8
Melbourne-Launceston,Melbourne,Launceston,Qantas,June,94,82,12,70,67,12,15,85.4,81.7,12.8
Newman-Perth,Newman,Perth,Qantas,June,94,91,3,72,54,19,37,79.1,59.3,3.2
Perth-Newman,Perth,Newman,Qantas,June,94,92,2,77,76,15,16,83.7,82.6,2.1
Brisbane-Cairns,Brisbane,Cairns,Jetstar,June,95,95,0,76,78,19,17,80,82.1,0
Cairns-Brisbane,Cairns,Brisbane,Jetstar,June,95,95,0,77,80,18,15,81.1,84.2,0
Brisbane-Cairns,Brisbane,Cairns,Qantas,June,97,96,1,53,43,43,53,55.2,44.8,1
Cairns-Brisbane,Cairns,Brisbane,Qantas,June,97,96,1,46,48,50,48,47.9,50,1
Brisbane-Mackay,Brisbane,Mackay,Qantas,June,102,102,0,84,81,18,21,82.4,79.4,0
Mackay-Brisbane,Mackay,Brisbane,Qantas,June,103,103,0,78,83,25,20,75.7,80.6,0
Brisbane-Canberra,Brisbane,Canberra,Virgin Australia,June,104,102,2,73,80,29,22,71.6,78.4,1.9
Canberra-Brisbane,Canberra,Brisbane,Virgin Australia,June,104,101,3,67,72,34,29,66.3,71.3,2.9
Melbourne-Mildura,Melbourne,Mildura,Qantas,June,104,104,0,86,81,18,23,82.7,77.9,0
Mildura-Melbourne,Mildura,Melbourne,Qantas,June,104,104,0,75,81,29,23,72.1,77.9,0
Albury-Sydney,Albury,Sydney,Qantas,June,105,104,1,80,73,24,31,76.9,70.2,1
Sydney-Albury,Sydney,Albury,Qantas,June,105,104,1,89,87,15,17,85.6,83.7,1
Port Macquarie-Sydney,Port Macquarie,Sydney,Qantas,June,109,106,3,89,87,17,19,84,82.1,2.8
Sydney-Port Macquarie,Sydney,Port Macquarie,Qantas,June,109,106,3,86,89,20,17,81.1,84,2.8
Coffs Harbour-Sydney,Coffs Harbour,Sydney,Qantas,June,110,108,2,76,84,32,24,70.4,77.8,1.8
Dubbo-Sydney,Dubbo,Sydney,Qantas,June,110,104,6,82,79,22,25,78.8,76,5.5
Sydney-Coffs Harbour,Sydney,Coffs Harbour,Qantas,June,110,109,1,75,83,34,26,68.8,76.1,0.9
Sydney-Dubbo,Sydney,Dubbo,Qantas,June,110,104,6,86,90,18,14,82.7,86.5,5.5
Sydney-Wagga Wagga,Sydney,Wagga Wagga,Qantas,June,110,107,3,91,99,16,8,85,92.5,2.7
Wagga Wagga-Sydney,Wagga Wagga,Sydney,Qantas,June,110,107,3,93,96,14,11,86.9,89.7,2.7
Adelaide-Melbourne,Adelaide,Melbourne,Jetstar,June,111,109,2,76,78,33,31,69.7,71.6,1.8
Melbourne-Adelaide,Melbourne,Adelaide,Jetstar,June,111,109,2,76,80,33,29,69.7,73.4,1.8
Brisbane-Perth,Brisbane,Perth,Virgin Australia,June,114,112,2,84,78,28,34,75,69.6,1.8
Devonport-Melbourne,Devonport,Melbourne,Qantas,June,114,112,2,96,92,16,20,85.7,82.1,1.8
Melbourne-Devonport,Melbourne,Devonport,Qantas,June,114,113,1,95,96,18,17,84.1,85,0.9
Hobart-Melbourne,Hobart,Melbourne,Qantas,June,115,107,8,75,79,32,28,70.1,73.8,7
Melbourne-Hobart,Melbourne,Hobart,Qantas,June,115,107,8,70,66,37,41,65.4,61.7,7
Perth-Brisbane,Perth,Brisbane,Virgin Australia,June,116,115,1,76,101,39,14,66.1,87.8,0.9
Adelaide-Brisbane,Adelaide,Brisbane,Virgin Australia,June,117,117,0,101,108,16,9,86.3,92.3,0
Brisbane-Adelaide,Brisbane,Adelaide,Virgin Australia,June,117,117,0,100,99,17,18,85.5,84.6,0
Hobart-Melbourne,Hobart,Melbourne,Virgin Australia,June,117,117,0,97,98,20,19,82.9,83.8,0
Melbourne-Hobart,Melbourne,Hobart,Virgin Australia,June,117,117,0,93,90,24,27,79.5,76.9,0
Hobart-Melbourne,Hobart,Melbourne,Jetstar,June,118,118,0,74,80,44,38,62.7,67.8,0
Melbourne-Hobart,Melbourne,Hobart,Jetstar,June,118,118,0,78,79,40,39,66.1,66.9,0
Canberra-Melbourne,Canberra,Melbourne,Virgin Australia,June,123,123,0,78,79,45,44,63.4,64.2,0
Dubbo-Sydney,Dubbo,Sydney,Rex Airlines,June,123,118,5,73,70,45,48,61.9,59.3,4.1
Melbourne-Canberra,Melbourne,Canberra,Virgin Australia,June,123,123,0,94,87,29,36,76.4,70.7,0
Brisbane-Emerald,Brisbane,Emerald,Qantas,June,125,120,5,106,103,14,17,88.3,85.8,4
Emerald-Brisbane,Emerald,Brisbane,Qantas,June,125,119,6,97,102,22,17,81.5,85.7,4.8
Perth-Sydney,Perth,Sydney,Virgin Australia,June,127,121,6,81,104,40,17,66.9,86,4.7
Sydney-Dubbo,Sydney,Dubbo,Rex Airlines,June,127,123,4,65,71,58,52,52.8,57.7,3.1
Brisbane-Gladstone,Brisbane,Gladstone,Qantas,June,130,126,4,99,89,27,37,78.6,70.6,3.1
Gladstone-Brisbane,Gladstone,Brisbane,Qantas,June,130,127,3,100,96,27,31,78.7,75.6,2.3
Brisbane-Mackay,Brisbane,Mackay,Virgin Australia,June,131,130,1,87,84,43,46,66.9,64.6,0.8
Mackay-Brisbane,Mackay,Brisbane,Virgin Australia,June,131,129,2,89,97,40,32,69,75.2,1.5
Townsville-Brisbane,Townsville,Brisbane,Qantas,June,133,131,2,88,89,43,42,67.2,67.9,1.5
Adelaide-Port Lincoln,Adelaide,Port Lincoln,Rex Airlines,June,134,132,2,115,113,17,19,87.1,85.6,1.5
Brisbane-Townsville,Brisbane,Townsville,Qantas,June,134,133,1,96,88,37,45,72.2,66.2,0.7
Brisbane-Townsville,Brisbane,Townsville,Virgin Australia,June,134,134,0,97,88,37,46,72.4,65.7,0
Port Hedland-Perth,Port Hedland,Perth,Qantas,June,134,131,3,97,87,34,44,74,66.4,2.2
Port Lincoln-Adelaide,Port Lincoln,Adelaide,Rex Airlines,June,134,132,2,116,114,16,18,87.9,86.4,1.5
Townsville-Brisbane,Townsville,Brisbane,Virgin Australia,June,134,134,0,82,99,52,35,61.2,73.9,0
Adelaide-Port Lincoln,Adelaide,Port Lincoln,Qantas,June,135,133,2,122,124,11,9,91.7,93.2,1.5
Port Lincoln-Adelaide,Port Lincoln,Adelaide,Qantas,June,135,133,2,123,123,10,10,92.5,92.5,1.5
Perth-Port Hedland,Perth,Port Hedland,Qantas,June,137,134,3,115,110,19,24,85.8,82.1,2.2
Karratha-Perth,Karratha,Perth,Qantas,June,138,137,1,89,84,48,53,65,61.3,0.7
Cairns-Townsville,Cairns,Townsville,Qantas,June,139,129,10,120,122,9,7,93,94.6,7.2
Perth-Karratha,Perth,Karratha,Qantas,June,139,138,1,96,101,42,37,69.6,73.2,0.7
Sydney-Adelaide,Sydney,Adelaide,Jetstar,June,139,130,9,95,93,35,37,73.1,71.5,6.5
Townsville-Cairns,Townsville,Cairns,Qantas,June,139,127,12,106,107,21,20,83.5,84.3,8.6
Adelaide-Sydney,Adelaide,Sydney,Jetstar,June,140,129,11,93,96,36,33,72.1,74.4,7.9
Sydney-Perth,Sydney,Perth,Virgin Australia,June,140,136,4,116,100,20,36,85.3,73.5,2.9
Brisbane-Canberra,Brisbane,Canberra,Qantas,June,147,145,2,111,112,34,33,76.6,77.2,1.4
Brisbane-Perth,Brisbane,Perth,Qantas,June,148,146,2,127,101,19,45,87,69.2,1.4
Canberra-Brisbane,Canberra,Brisbane,Qantas,June,148,145,3,107,105,38,40,73.8,72.4,2
Perth-Brisbane,Perth,Brisbane,Qantas,June,148,146,2,114,126,32,20,78.1,86.3,1.4
Adelaide-Brisbane,Adelaide,Brisbane,Qantas,June,149,148,1,119,122,29,26,80.4,82.4,0.7
Brisbane-Adelaide,Brisbane,Adelaide,Qantas,June,149,147,2,115,111,32,36,78.2,75.5,1.3
Brisbane-Sydney,Brisbane,Sydney,Rex Airlines,June,149,149,0,125,120,24,29,83.9,80.5,0
Sydney-Brisbane,Sydney,Brisbane,Rex Airlines,June,150,149,1,129,121,20,28,86.6,81.2,0.7
Brisbane-Rockhampton,Brisbane,Rockhampton,Virgin Australia,June,155,154,1,97,72,57,82,63,46.8,0.6
Rockhampton-Brisbane,Rockhampton,Brisbane,Virgin Australia,June,155,153,2,84,83,69,70,54.9,54.2,1.3
Adelaide-Sydney,Adelaide,Sydney,Virgin Australia,June,163,160,3,137,124,23,36,85.6,77.5,1.8
Sydney-Adelaide,Sydney,Adelaide,Virgin Australia,June,163,159,4,140,123,19,36,88.1,77.4,2.5
Brisbane-Cairns,Brisbane,Cairns,Virgin Australia,June,165,165,0,124,123,41,42,75.2,74.5,0
Cairns-Brisbane,Cairns,Brisbane,Virgin Australia,June,165,165,0,103,128,62,37,62.4,77.6,0
Brisbane-Melbourne,Brisbane,Melbourne,Jetstar,June,170,166,4,99,103,67,63,59.6,62,2.4
Melbourne-Brisbane,Melbourne,Brisbane,Jetstar,June,170,167,3,104,95,63,72,62.3,56.9,1.8
Sydney-Brisbane,Sydney,Brisbane,Jetstar,June,172,165,7,127,131,38,34,77,79.4,4.1
Brisbane-Sydney,Brisbane,Sydney,Jetstar,June,173,166,7,138,142,28,24,83.1,85.5,4
Gold Coast-Melbourne,Gold Coast,Melbourne,Jetstar,June,179,178,1,134,132,44,46,75.3,74.2,0.6
Melbourne-Gold Coast,Melbourne,Gold Coast,Jetstar,June,179,178,1,120,126,58,52,67.4,70.8,0.6
Brisbane-Rockhampton,Brisbane,Rockhampton,Qantas,June,180,174,6,135,141,39,33,77.6,81,3.3
Rockhampton-Brisbane,Rockhampton,Brisbane,Qantas,June,180,173,7,143,142,30,31,82.7,82.1,3.9
Melbourne-Perth,Melbourne,Perth,Virgin Australia,June,185,180,5,137,130,43,50,76.1,72.2,2.7
Perth-Sydney,Perth,Sydney,Qantas,June,195,190,5,128,142,62,48,67.4,74.7,2.6
Sydney-Perth,Sydney,Perth,Qantas,June,195,190,5,138,136,52,54,72.6,71.6,2.6
Melbourne-Perth,Melbourne,Perth,Qantas,June,196,190,6,149,128,41,62,78.4,67.4,3.1
Melbourne-Sydney,Melbourne,Sydney,Rex Airlines,June,196,192,4,170,167,22,25,88.5,87,2
Perth-Melbourne,Perth,Melbourne,Qantas,June,196,190,6,150,161,40,29,78.9,84.7,3.1
Sydney-Melbourne,Sydney,Melbourne,Rex Airlines,June,196,192,4,156,155,36,37,81.3,80.7,2
Perth-Melbourne,Perth,Melbourne,Virgin Australia,June,198,194,4,165,159,29,35,85.1,82,2
Gold Coast-Melbourne,Gold Coast,Melbourne,Virgin Australia,June,222,222,0,142,151,80,71,64,68,0
Melbourne-Canberra,Melbourne,Canberra,Qantas,June,222,204,18,134,137,70,67,65.7,67.2,8.1
Melbourne-Gold Coast,Melbourne,Gold Coast,Virgin Australia,June,222,222,0,177,177,45,45,79.7,79.7,0
Canberra-Melbourne,Canberra,Melbourne,Qantas,June,223,206,17,143,147,63,59,69.4,71.4,7.6
Adelaide-Melbourne,Adelaide,Melbourne,Virgin Australia,June,229,228,1,179,176,49,52,78.5,77.2,0.4
Melbourne-Adelaide,Melbourne,Adelaide,Virgin Australia,June,229,228,1,183,181,45,47,80.3,79.4,0.4
Adelaide-Sydney,Adelaide,Sydney,Qantas,June,232,229,3,191,200,38,29,83.4,87.3,1.3
Sydney-Adelaide,Sydney,Adelaide,Qantas,June,232,230,2,194,188,36,42,84.3,81.7,0.9
Gold Coast-Sydney,Gold Coast,Sydney,Jetstar,June,233,229,4,192,196,37,33,83.8,85.6,1.7
Sydney-Gold Coast,Sydney,Gold Coast,Jetstar,June,233,229,4,189,188,40,41,82.5,82.1,1.7
Canberra-Sydney,Canberra,Sydney,Virgin Australia,June,239,230,9,173,175,57,55,75.2,76.1,3.8
Sydney-Canberra,Sydney,Canberra,Virgin Australia,June,239,230,9,177,185,53,45,77,80.4,3.8
Adelaide-Melbourne,Adelaide,Melbourne,Qantas,June,252,249,3,200,208,49,41,80.3,83.5,1.2
Melbourne-Adelaide,Melbourne,Adelaide,Qantas,June,252,248,4,198,197,50,51,79.8,79.4,1.6
Gold Coast-Sydney,Gold Coast,Sydney,Virgin Australia,June,293,290,3,213,211,77,79,73.4,72.8,1
Sydney-Gold Coast,Sydney,Gold Coast,Virgin Australia,June,293,290,3,239,217,51,73,82.4,74.8,1
Canberra-Sydney,Canberra,Sydney,Qantas,June,356,328,28,256,260,72,68,78,79.3,7.9
Sydney-Canberra,Sydney,Canberra,Qantas,June,356,335,21,278,276,57,59,83,82.4,5.9
Brisbane-Melbourne,Brisbane,Melbourne,Virgin Australia,June,361,358,3,264,250,94,108,73.7,69.8,0.8
Melbourne-Brisbane,Melbourne,Brisbane,Virgin Australia,June,365,363,2,298,269,65,94,82.1,74.1,0.5
Brisbane-Melbourne,Brisbane,Melbourne,Qantas,June,366,356,10,282,281,74,75,79.2,78.9,2.7
Melbourne-Brisbane,Melbourne,Brisbane,Qantas,June,366,357,9,283,286,74,71,79.3,80.1,2.5
Sydney-Brisbane,Sydney,Brisbane,Virgin Australia,June,425,412,13,349,341,63,71,84.7,82.8,3.1
Brisbane-Sydney,Brisbane,Sydney,Virgin Australia,June,430,419,11,338,311,81,108,80.7,74.2,2.6
Sydney-Melbourne,Sydney,Melbourne,Jetstar,June,431,410,21,305,306,105,104,74.4,74.6,4.9
Melbourne-Sydney,Melbourne,Sydney,Jetstar,June,433,411,22,291,316,120,95,70.8,76.9,5.1
Brisbane-Sydney,Brisbane,Sydney,Qantas,June,516,503,13,430,418,73,85,85.5,83.1,2.5
Sydney-Brisbane,Sydney,Brisbane,Qantas,June,520,506,14,411,384,95,122,81.2,75.9,2.7
Sydney-Melbourne,Sydney,Melbourne,Virgin Australia,June,683,651,32,541,506,110,145,83.1,77.7,4.7
Melbourne-Sydney,Melbourne,Sydney,Virgin Australia,June,694,660,34,557,511,103,149,84.4,77.4,4.9
Melbourne-Sydney,Melbourne,Sydney,Qantas,June,897,824,73,689,655,135,169,83.6,79.5,8.1
Sydney-Melbourne,Sydney,Melbourne,Qantas,June,898,826,72,685,676,141,150,82.9,81.8,8
Brisbane-Mount Isa,Brisbane,Mount Isa,Qantas,July,4,4,0,4,4,0,0,100,100,0
Mount Isa-Brisbane,Mount Isa,Brisbane,Qantas,July,4,4,0,3,3,1,1,75,75,0
Karratha-Perth,Karratha,Perth,Qantas,July,5,5,0,5,5,0,0,100,100,0
Perth-Karratha,Perth,Karratha,Qantas,July,5,5,0,5,5,0,0,100,100,0
Brisbane-Mackay,Brisbane,Mackay,Qantas,July,8,8,0,7,6,1,2,87.5,75,0
Adelaide-Gold Coast,Adelaide,Gold Coast,Qantas,July,9,9,0,6,7,3,2,66.7,77.8,0
Cairns-Brisbane,Cairns,Brisbane,Rex Airlines,July,9,9,0,8,9,1,0,88.9,100,0
Gold Coast-Adelaide,Gold Coast,Adelaide,Qantas,July,9,9,0,5,5,4,4,55.6,55.6,0
Brisbane-Cairns,Brisbane,Cairns,Rex Airlines,July,10,9,1,6,5,3,4,66.7,55.6,10
Hobart-Sydney,Hobart,Sydney,Qantas,July,10,10,0,9,9,1,1,90,90,0
Sydney-Hobart,Sydney,Hobart,Qantas,July,10,9,1,9,9,0,0,100,100,10
Broome-Perth,Broome,Perth,Virgin Australia,July,12,12,0,1,2,11,10,8.3,16.7,0
Perth-Broome,Perth,Broome,Virgin Australia,July,12,12,0,8,11,4,1,66.7,91.7,0
Adelaide-Perth,Adelaide,Perth,Rex Airlines,July,13,13,0,7,6,6,7,53.8,46.2,0
Cairns-Townsville,Cairns,Townsville,Rex Airlines,July,13,13,0,11,11,2,2,84.6,84.6,0
Canberra-Melbourne,Canberra,Melbourne,Qantas,July,13,13,0,9,7,4,6,69.2,53.8,0
Karratha-Perth,Karratha,Perth,Virgin Australia,July,13,12,1,7,8,5,4,58.3,66.7,7.7
Mackay-Brisbane,Mackay,Brisbane,Qantas,July,13,13,0,8,11,5,2,61.5,84.6,0
Melbourne-Canberra,Melbourne,Canberra,Qantas,July,13,13,0,9,8,4,5,69.2,61.5,0
Perth-Adelaide,Perth,Adelaide,Rex Airlines,July,13,13,0,8,7,5,6,61.5,53.8,0
Perth-Karratha,Perth,Karratha,Virgin Australia,July,13,12,1,9,9,3,3,75,75,7.7
Townsville-Cairns,Townsville,Cairns,Rex Airlines,July,13,13,0,12,11,1,2,92.3,84.6,0
Adelaide-Alice Springs,Adelaide,Alice Springs,Virgin Australia,July,14,14,0,14,13,0,1,100,92.9,0
Adelaide-Melbourne,Adelaide,Melbourne,Qantas,July,14,13,1,9,8,4,5,69.2,61.5,7.1
Alice Springs-Adelaide,Alice Springs,Adelaide,Virgin Australia,July,14,14,0,8,10,6,4,57.1,71.4,0
Brisbane-Mount Isa,Brisbane,Mount Isa,Virgin Australia,July,14,14,0,12,7,2,7,85.7,50,0
Melbourne-Adelaide,Melbourne,Adelaide,Qantas,July,14,14,0,11,12,3,2,78.6,85.7,0
Mount Isa-Brisbane,Mount Isa,Brisbane,Virgin Australia,July,14,14,0,8,9,6,5,57.1,64.3,0
Newman-Perth,Newman,Perth,Virgin Australia,July,14,13,1,13,12,0,1,100,92.3,7.1
Perth-Newman,Perth,Newman,Virgin Australia,July,14,13,1,12,13,1,0,92.3,100,7.1
Gold Coast-Canberra,Gold Coast,Canberra,Jetstar,July,16,16,0,11,13,5,3,68.8,81.3,0
Adelaide-Canberra,Adelaide,Canberra,Virgin Australia,July,17,16,1,15,16,1,0,93.8,100,5.9
Brisbane-Hobart,Brisbane,Hobart,Qantas,July,17,17,0,12,13,5,4,70.6,76.5,0
Brisbane-Launceston,Brisbane,Launceston,Virgin Australia,July,17,17,0,13,13,4,4,76.5,76.5,0
Brisbane-Proserpine,Brisbane,Proserpine,Qantas,July,17,17,0,8,13,9,4,47.1,76.5,0
Canberra-Adelaide,Canberra,Adelaide,Virgin Australia,July,17,16,1,15,15,1,1,93.8,93.8,5.9
Hobart-Brisbane,Hobart,Brisbane,Qantas,July,17,17,0,12,13,5,4,70.6,76.5,0
Launceston-Brisbane,Launceston,Brisbane,Virgin Australia,July,17,17,0,12,13,5,4,70.6,76.5,0
Proserpine-Brisbane,Proserpine,Brisbane,Qantas,July,17,17,0,9,12,8,5,52.9,70.6,0
Canberra-Gold Coast,Canberra,Gold Coast,Jetstar,July,18,17,1,10,10,7,7,58.8,58.8,5.6
Kalgoorlie-Perth,Kalgoorlie,Perth,Qantas,July,18,17,1,12,13,5,4,70.6,76.5,5.6
Perth-Kalgoorlie,Perth,Kalgoorlie,Qantas,July,18,17,1,15,13,2,4,88.2,76.5,5.6
Cairns-Sydney,Cairns,Sydney,Qantas,July,19,19,0,17,16,2,3,89.5,84.2,0
Sydney-Cairns,Sydney,Cairns,Qantas,July,19,19,0,14,14,5,5,73.7,73.7,0
Sydney-Hamilton Island,Sydney,Hamilton Island,Jetstar,July,19,19,0,14,13,5,6,73.7,68.4,0
Hamilton Island-Sydney,Hamilton Island,Sydney,Jetstar,July,20,20,0,8,10,12,10,40,50,0
Newman-Perth,Newman,Perth,Qantas,July,20,20,0,18,18,2,2,90,90,0
Perth-Newman,Perth,Newman,Qantas,July,20,20,0,20,20,0,0,100,100,0
Melbourne-Perth,Melbourne,Perth,Rex Airlines,July,22,21,1,15,15,6,6,71.4,71.4,4.5
Perth-Melbourne,Perth,Melbourne,Rex Airlines,July,22,22,0,18,17,4,5,81.8,77.3,0
Brisbane-Melbourne,Brisbane,Melbourne,Qantas,July,23,20,3,6,8,14,12,30,40,13
Brisbane-Townsville,Brisbane,Townsville,Qantas,July,23,23,0,18,19,5,4,78.3,82.6,0
Darwin-Perth,Darwin,Perth,Virgin Australia,July,23,23,0,14,8,9,15,60.9,34.8,0
Melbourne-Brisbane,Melbourne,Brisbane,Qantas,July,23,20,3,13,9,7,11,65,45,13
Perth-Darwin,Perth,Darwin,Virgin Australia,July,23,23,0,12,13,11,10,52.2,56.5,0
Townsville-Brisbane,Townsville,Brisbane,Qantas,July,23,23,0,15,18,8,5,65.2,78.3,0
Brisbane-Launceston,Brisbane,Launceston,Jetstar,July,24,24,0,15,19,9,5,62.5,79.2,0
Kalgoorlie-Perth,Kalgoorlie,Perth,Virgin Australia,July,24,23,1,11,13,12,10,47.8,56.5,4.2
Perth-Kalgoorlie,Perth,Kalgoorlie,Virgin Australia,July,24,23,1,16,15,7,8,69.6,65.2,4.2
Sydney-Launceston,Sydney,Launceston,Qantas,July,24,23,1,20,19,3,4,87,82.6,4.2
Brisbane-Darwin,Brisbane,Darwin,Qantas,July,25,25,0,14,12,11,13,56,48,0
Brisbane-Darwin,Brisbane,Darwin,Qantas,July,25,25,0,19,9,6,16,76,36,0
Brisbane-Hobart,Brisbane,Hobart,Jetstar,July,25,25,0,18,19,7,6,72,76,0
Darwin-Brisbane,Darwin,Brisbane,Qantas,July,25,25,0,4,11,21,14,16,44,0
Launceston-Brisbane,Launceston,Brisbane,Jetstar,July,25,24,1,14,11,10,13,58.3,45.8,4
Launceston-Sydney,Launceston,Sydney,Qantas,July,25,24,1,21,21,3,3,87.5,87.5,4
Brisbane-Hamilton Island,Brisbane,Hamilton Island,Qantas,July,26,26,0,18,14,8,12,69.2,53.8,0
Hamilton Island-Brisbane,Hamilton Island,Brisbane,Qantas,July,26,26,0,11,12,15,14,42.3,46.2,0
Hobart-Brisbane,Hobart,Brisbane,Jetstar,July,26,26,0,16,18,10,8,61.5,69.2,0
Brisbane-Emerald,Brisbane,Emerald,Virgin Australia,July,27,27,0,18,17,9,10,66.7,63,0
Darwin-Brisbane,Darwin,Brisbane,Qantas,July,27,27,0,8,9,19,18,29.6,33.3,0
Emerald-Brisbane,Emerald,Brisbane,Virgin Australia,July,27,27,0,19,20,8,7,70.4,74.1,0
Perth-Port Hedland,Perth,Port Hedland,Virgin Australia,July,27,27,0,22,23,5,4,81.5,85.2,0
Port Hedland-Perth,Port Hedland,Perth,Virgin Australia,July,27,27,0,17,14,10,13,63,51.9,0
Adelaide-Perth,Adelaide,Perth,Virgin Australia,July,28,26,2,11,9,15,17,42.3,34.6,7.1
Gold Coast-Sydney,Gold Coast,Sydney,Rex Airlines,July,28,27,1,19,22,8,5,70.4,81.5,3.6
Perth-Adelaide,Perth,Adelaide,Virgin Australia,July,28,26,2,12,16,14,10,46.2,61.5,7.1
Perth-Brisbane,Perth,Brisbane,Jetstar,July,28,26,2,10,15,16,11,38.5,57.7,7.1
Sydney-Gold Coast,Sydney,Gold Coast,Rex Airlines,July,28,27,1,21,20,6,7,77.8,74.1,3.6
Brisbane-Perth,Brisbane,Perth,Jetstar,July,29,27,2,8,19,19,8,29.6,70.4,6.9
Adelaide-Brisbane,Adelaide,Brisbane,Rex Airlines,July,30,29,1,27,28,2,1,93.1,96.6,3.3
Brisbane-Adelaide,Brisbane,Adelaide,Rex Airlines,July,30,29,1,27,26,2,3,93.1,89.7,3.3
Darwin-Brisbane,Darwin,Brisbane,Jetstar,July,30,29,1,16,20,13,9,55.2,69,3.3
Adelaide-Gold Coast,Adelaide,Gold Coast,Jetstar,July,31,30,1,27,24,3,6,90,80,3.2
Adelaide-Gold Coast,Adelaide,Gold Coast,Virgin Australia,July,31,31,0,22,24,9,7,71,77.4,0
Adelaide-Perth,Adelaide,Perth,Jetstar,July,31,29,2,24,22,5,7,82.8,75.9,6.5
Adelaide-Sydney,Adelaide,Sydney,Rex Airlines,July,31,30,1,24,23,6,7,80,76.7,3.2
Brisbane-Canberra,Brisbane,Canberra,Jetstar,July,31,31,0,23,25,8,6,74.2,80.6,0
Brisbane-Darwin,Brisbane,Darwin,Jetstar,July,31,30,1,28,21,2,9,93.3,70,3.2
Brisbane-Mackay,Brisbane,Mackay,Jetstar,July,31,30,1,14,13,16,17,46.7,43.3,3.2
Brisbane-Proserpine,Brisbane,Proserpine,Jetstar,July,31,31,0,21,18,10,13,67.7,58.1,0
Cairns-Melbourne,Cairns,Melbourne,Qantas,July,31,31,0,12,16,19,15,38.7,51.6,0
Canberra-Gold Coast,Canberra,Gold Coast,Virgin Australia,July,31,31,0,19,18,12,13,61.3,58.1,0
Canberra-Melbourne,Canberra,Melbourne,Jetstar,July,31,31,0,20,21,11,10,64.5,67.7,0
Canberra-Melbourne,Canberra,Melbourne,Rex Airlines,July,31,30,1,16,16,14,14,53.3,53.3,3.2
Darwin-Melbourne,Darwin,Melbourne,Jetstar,July,31,29,2,20,22,9,7,69,75.9,6.5
Darwin-Melbourne,Darwin,Melbourne,Qantas,July,31,31,0,12,18,19,13,38.7,58.1,0
Gold Coast-Adelaide,Gold Coast,Adelaide,Jetstar,July,31,30,1,28,28,2,2,93.3,93.3,3.2
Gold Coast-Adelaide,Gold Coast,Adelaide,Virgin Australia,July,31,31,0,18,22,13,9,58.1,71,0
Gold Coast-Canberra,Gold Coast,Canberra,Virgin Australia,July,31,31,0,16,17,15,14,51.6,54.8,0
Gold Coast-Melbourne,Gold Coast,Melbourne,Rex Airlines,July,31,30,1,20,13,10,17,66.7,43.3,3.2
Hamilton Island-Sydney,Hamilton Island,Sydney,Qantas,July,31,31,0,14,14,17,17,45.2,45.2,0
Hamilton Island-Sydney,Hamilton Island,Sydney,Virgin Australia,July,31,31,0,19,18,12,13,61.3,58.1,0
Hobart-Melbourne,Hobart,Melbourne,Rex Airlines,July,31,30,1,23,23,7,7,76.7,76.7,3.2
Launceston-Sydney,Launceston,Sydney,Virgin Australia,July,31,31,0,24,17,7,14,77.4,54.8,0
Mackay-Brisbane,Mackay,Brisbane,Jetstar,July,31,30,1,13,12,17,18,43.3,40,3.2
Melbourne-Cairns,Melbourne,Cairns,Qantas,July,31,31,0,20,14,11,17,64.5,45.2,0
Melbourne-Canberra,Melbourne,Canberra,Jetstar,July,31,31,0,20,21,11,10,64.5,67.7,0
Melbourne-Canberra,Melbourne,Canberra,Rex Airlines,July,31,30,1,15,16,15,14,50,53.3,3.2
Melbourne-Darwin,Melbourne,Darwin,Jetstar,July,31,29,2,23,24,6,5,79.3,82.8,6.5
Melbourne-Darwin,Melbourne,Darwin,Qantas,July,31,31,0,16,21,15,10,51.6,67.7,0
Melbourne-Darwin,Melbourne,Darwin,Virgin Australia,July,31,31,0,21,20,10,11,67.7,64.5,0
Melbourne-Gold Coast,Melbourne,Gold Coast,Rex Airlines,July,31,30,1,26,21,4,9,86.7,70,3.2
Melbourne-Hobart,Melbourne,Hobart,Rex Airlines,July,31,30,1,24,23,6,7,80,76.7,3.2
Perth-Adelaide,Perth,Adelaide,Jetstar,July,31,29,2,20,24,9,5,69,82.8,6.5
Sydney-Adelaide,Sydney,Adelaide,Rex Airlines,July,31,30,1,18,20,12,10,60,66.7,3.2
Sydney-Hamilton Island,Sydney,Hamilton Island,Qantas,July,31,31,0,19,15,12,16,61.3,48.4,0
Sydney-Hamilton Island,Sydney,Hamilton Island,Virgin Australia,July,31,31,0,23,23,8,8,74.2,74.2,0
Sydney-Launceston,Sydney,Launceston,Virgin Australia,July,31,31,0,20,27,11,4,64.5,87.1,0
Brisbane-Hamilton Island,Brisbane,Hamilton Island,Virgin Australia,July,32,32,0,27,27,5,5,84.4,84.4,0
Canberra-Brisbane,Canberra,Brisbane,Jetstar,July,32,31,1,24,24,7,7,77.4,77.4,3.1
Darwin-Melbourne,Darwin,Melbourne,Virgin Australia,July,32,31,1,13,11,18,20,41.9,35.5,3.1
Hamilton Island-Brisbane,Hamilton Island,Brisbane,Virgin Australia,July,32,32,0,26,26,6,6,81.3,81.3,0
Perth-Port Hedland,Perth,Port Hedland,Virgin Australia,July,32,28,4,24,23,4,5,85.7,82.1,12.5
Port Hedland-Perth,Port Hedland,Perth,Virgin Australia,July,32,28,4,19,14,9,14,67.9,50,12.5
Proserpine-Brisbane,Proserpine,Brisbane,Jetstar,July,32,32,0,15,15,17,17,46.9,46.9,0
Melbourne-Sunshine Coast,Melbourne,Sunshine Coast,Qantas,July,33,33,0,20,18,13,15,60.6,54.5,0
Sunshine Coast-Melbourne,Sunshine Coast,Melbourne,Qantas,July,33,33,0,6,14,27,19,18.2,42.4,0
Adelaide-Brisbane,Adelaide,Brisbane,Jetstar,July,35,34,1,25,24,9,10,73.5,70.6,2.9
Brisbane-Adelaide,Brisbane,Adelaide,Jetstar,July,35,34,1,15,23,19,11,44.1,67.6,2.9
Brisbane-Proserpine,Brisbane,Proserpine,Virgin Australia,July,35,35,0,27,23,8,12,77.1,65.7,0
Proserpine-Brisbane,Proserpine,Brisbane,Virgin Australia,July,35,35,0,16,21,19,14,45.7,60,0
Brisbane-Gladstone,Brisbane,Gladstone,Virgin Australia,July,36,36,0,21,23,15,13,58.3,63.9,0
Gladstone-Brisbane,Gladstone,Brisbane,Virgin Australia,July,36,36,0,25,24,11,12,69.4,66.7,0
Brisbane-Hobart,Brisbane,Hobart,Virgin Australia,July,39,39,0,33,34,6,5,84.6,87.2,0
Hobart-Brisbane,Hobart,Brisbane,Virgin Australia,July,39,39,0,31,27,8,12,79.5,69.2,0
Gold Coast-Melbourne,Gold Coast,Melbourne,Qantas,July,41,41,0,20,23,21,18,48.8,56.1,0
Melbourne-Gold Coast,Melbourne,Gold Coast,Qantas,July,41,41,0,29,29,12,12,70.7,70.7,0
Broome-Perth,Broome,Perth,Virgin Australia,July,42,42,0,30,31,12,11,71.4,73.8,0
Perth-Broome,Perth,Broome,Virgin Australia,July,42,42,0,32,35,10,7,76.2,83.3,0
Melbourne-Newcastle,Melbourne,Newcastle,Virgin Australia,July,43,43,0,35,28,8,15,81.4,65.1,0
Newcastle-Melbourne,Newcastle,Melbourne,Virgin Australia,July,44,43,1,30,31,13,12,69.8,72.1,2.3
Cairns-Sydney,Cairns,Sydney,Qantas,July,45,45,0,27,28,18,17,60,62.2,0
Sydney-Cairns,Sydney,Cairns,Qantas,July,45,45,0,36,30,9,15,80,66.7,0
Canberra-Sydney,Canberra,Sydney,Qantas,July,46,44,2,36,34,8,10,81.8,77.3,4.3
Darwin-Perth,Darwin,Perth,Qantas,July,46,43,3,19,16,24,27,44.2,37.2,6.5
Launceston-Sydney,Launceston,Sydney,Jetstar,July,46,45,1,25,25,20,20,55.6,55.6,2.2
Newman-Perth,Newman,Perth,Virgin Australia,July,46,46,0,36,31,10,15,78.3,67.4,0
Perth-Adelaide,Perth,Adelaide,Virgin Australia,July,46,46,0,39,38,7,8,84.8,82.6,0
Perth-Newman,Perth,Newman,Virgin Australia,July,46,46,0,42,40,4,6,91.3,87,0
Sydney-Canberra,Sydney,Canberra,Qantas,July,46,44,2,38,36,6,8,86.4,81.8,4.3
Sydney-Launceston,Sydney,Launceston,Jetstar,July,46,45,1,27,31,18,14,60,68.9,2.2
Adelaide-Perth,Adelaide,Perth,Virgin Australia,July,47,47,0,34,29,13,18,72.3,61.7,0
Ballina-Sydney,Ballina,Sydney,Virgin Australia,July,47,47,0,35,29,12,18,74.5,61.7,0
Sydney-Ballina,Sydney,Ballina,Virgin Australia,July,47,47,0,38,33,9,14,80.9,70.2,0
Perth-Darwin,Perth,Darwin,Qantas,July,48,45,3,31,23,14,22,68.9,51.1,6.3
Brisbane-Mount Isa,Brisbane,Mount Isa,Qantas,July,50,50,0,43,44,7,6,86,88,0
Devonport-Melbourne,Devonport,Melbourne,Rex Airlines,July,50,48,2,31,28,17,20,64.6,58.3,4
Melbourne-Devonport,Melbourne,Devonport,Rex Airlines,July,50,48,2,36,35,12,13,75,72.9,4
Mount Isa-Brisbane,Mount Isa,Brisbane,Qantas,July,50,50,0,40,41,10,9,80,82,0
Brisbane-Darwin,Brisbane,Darwin,Virgin Australia,July,52,52,0,30,28,22,24,57.7,53.8,0
Darwin-Brisbane,Darwin,Brisbane,Virgin Australia,July,52,52,0,26,30,26,22,50,57.7,0
Port Macquarie-Sydney,Port Macquarie,Sydney,Rex Airlines,July,52,49,3,34,32,15,17,69.4,65.3,5.8
Sydney-Port Macquarie,Sydney,Port Macquarie,Rex Airlines,July,52,50,2,33,35,17,15,66,70,3.8
Newcastle-Melbourne,Newcastle,Melbourne,Qantas,July,53,53,0,47,45,6,8,88.7,84.9,0
Adelaide-Alice Springs,Adelaide,Alice Springs,Qantas,July,54,54,0,44,46,10,8,81.5,85.2,0
Alice Springs-Adelaide,Alice Springs,Adelaide,Qantas,July,54,54,0,46,45,8,9,85.2,83.3,0
Melbourne-Newcastle,Melbourne,Newcastle,Qantas,July,54,54,0,41,33,13,21,75.9,61.1,0
Ballina-Sydney,Ballina,Sydney,Qantas,July,58,57,1,55,54,2,3,96.5,94.7,1.7
Brisbane-Melbourne,Brisbane,Melbourne,Rex Airlines,July,58,56,2,34,33,22,23,60.7,58.9,3.4
Melbourne-Brisbane,Melbourne,Brisbane,Rex Airlines,July,58,56,2,40,37,16,19,71.4,66.1,3.4
Sunshine Coast-Sydney,Sunshine Coast,Sydney,Qantas,July,58,58,0,36,36,22,22,62.1,62.1,0
Sydney-Ballina,Sydney,Ballina,Qantas,July,58,57,1,51,54,6,3,89.5,94.7,1.7
Sydney-Sunshine Coast,Sydney,Sunshine Coast,Qantas,July,58,58,0,32,40,26,18,55.2,69,0
Brisbane-Newcastle,Brisbane,Newcastle,Jetstar,July,59,58,1,39,37,19,21,67.2,63.8,1.7
Newcastle-Brisbane,Newcastle,Brisbane,Jetstar,July,59,58,1,39,41,19,17,67.2,70.7,1.7
Perth-Sydney,Perth,Sydney,Jetstar,July,59,56,3,26,31,30,25,46.4,55.4,5.1
Sydney-Perth,Sydney,Perth,Jetstar,July,59,57,2,32,38,25,19,56.1,66.7,3.4
Adelaide-Melbourne,Adelaide,Melbourne,Rex Airlines,July,62,60,2,51,46,9,14,85,76.7,3.2
Melbourne-Adelaide,Melbourne,Adelaide,Rex Airlines,July,62,60,2,50,45,10,15,83.3,75,3.2
Melbourne-Newcastle,Melbourne,Newcastle,Jetstar,July,62,61,1,43,44,18,17,70.5,72.1,1.6
Newcastle-Melbourne,Newcastle,Melbourne,Jetstar,July,62,61,1,37,41,24,20,60.7,67.2,1.6
Brisbane-Townsville,Brisbane,Townsville,Jetstar,July,63,61,2,42,34,19,27,68.9,55.7,3.2
Townsville-Brisbane,Townsville,Brisbane,Jetstar,July,63,61,2,28,29,33,32,45.9,47.5,3.2
Melbourne-Sunshine Coast,Melbourne,Sunshine Coast,Virgin Australia,July,66,66,0,49,52,17,14,74.2,78.8,0
Sunshine Coast-Melbourne,Sunshine Coast,Melbourne,Virgin Australia,July,66,66,0,41,49,25,17,62.1,74.2,0
Sunshine Coast-Sydney,Sunshine Coast,Sydney,Virgin Australia,July,69,69,0,51,33,18,36,73.9,47.8,0
Sydney-Sunshine Coast,Sydney,Sunshine Coast,Virgin Australia,July,69,69,0,56,52,13,17,81.2,75.4,0
Brisbane-Cairns,Brisbane,Cairns,Qantas,July,71,71,0,52,47,19,24,73.2,66.2,0
Cairns-Brisbane,Cairns,Brisbane,Qantas,July,71,71,0,41,50,30,21,57.7,70.4,0
Kalgoorlie-Perth,Kalgoorlie,Perth,Qantas,July,73,67,6,52,44,15,23,77.6,65.7,8.2
Perth-Kalgoorlie,Perth,Kalgoorlie,Qantas,July,73,67,6,53,52,14,15,79.1,77.6,8.2
Hobart-Sydney,Hobart,Sydney,Jetstar,July,74,73,1,44,47,29,26,60.3,64.4,1.4
Karratha-Perth,Karratha,Perth,Virgin Australia,July,74,72,2,60,49,12,23,83.3,68.1,2.7
Sydney-Hobart,Sydney,Hobart,Jetstar,July,74,73,1,52,52,21,21,71.2,71.2,1.4
Hobart-Sydney,Hobart,Sydney,Qantas,July,75,75,0,62,61,13,14,82.7,81.3,0
Perth-Karratha,Perth,Karratha,Virgin Australia,July,75,73,2,62,58,11,15,84.9,79.5,2.7
Sydney-Hobart,Sydney,Hobart,Qantas,July,75,75,0,55,60,20,15,73.3,80,0
Hobart-Sydney,Hobart,Sydney,Virgin Australia,July,78,78,0,65,59,13,19,83.3,75.6,0
Sydney-Hobart,Sydney,Hobart,Virgin Australia,July,78,78,0,68,69,10,9,87.2,88.5,0
Melbourne-Sunshine Coast,Melbourne,Sunshine Coast,Jetstar,July,80,80,0,56,56,24,24,70,70,0
Sunshine Coast-Melbourne,Sunshine Coast,Melbourne,Jetstar,July,80,80,0,42,52,38,28,52.5,65,0
Sydney-Ballina,Sydney,Ballina,Jetstar,July,82,80,2,62,63,18,17,77.5,78.8,2.4
Ballina-Sydney,Ballina,Sydney,Jetstar,July,83,80,3,52,54,28,26,65,67.5,3.6
Launceston-Melbourne,Launceston,Melbourne,Jetstar,July,83,81,2,36,40,45,41,44.4,49.4,2.4
Melbourne-Launceston,Melbourne,Launceston,Jetstar,July,83,81,2,44,39,37,42,54.3,48.1,2.4
Broome-Perth,Broome,Perth,Qantas,July,84,83,1,55,47,28,36,66.3,56.6,1.2
Adelaide-Canberra,Adelaide,Canberra,Qantas,July,85,84,1,66,63,18,21,78.6,75,1.2
Albury-Sydney,Albury,Sydney,Rex Airlines,July,85,84,1,63,55,21,29,75,65.5,1.2
Brisbane-Newcastle,Brisbane,Newcastle,Qantas,July,85,85,0,63,59,22,26,74.1,69.4,0
Brisbane-Newcastle,Brisbane,Newcastle,Virgin Australia,July,85,85,0,46,41,39,44,54.1,48.2,0
Cairns-Melbourne,Cairns,Melbourne,Virgin Australia,July,85,85,0,48,54,37,31,56.5,63.5,0
Canberra-Adelaide,Canberra,Adelaide,Qantas,July,85,83,2,60,64,23,19,72.3,77.1,2.4
Melbourne-Cairns,Melbourne,Cairns,Virgin Australia,July,85,85,0,70,66,15,19,82.4,77.6,0
Newcastle-Brisbane,Newcastle,Brisbane,Qantas,July,85,84,1,65,59,19,25,77.4,70.2,1.2
Newcastle-Brisbane,Newcastle,Brisbane,Virgin Australia,July,85,85,0,53,48,32,37,62.4,56.5,0
Perth-Broome,Perth,Broome,Qantas,July,85,85,0,54,64,31,21,63.5,75.3,0
Sydney-Albury,Sydney,Albury,Rex Airlines,July,85,84,1,62,61,22,23,73.8,72.6,1.2
Kalgoorlie-Perth,Kalgoorlie,Perth,Virgin Australia,July,86,79,7,46,46,33,33,58.2,58.2,8.1
Perth-Kalgoorlie,Perth,Kalgoorlie,Virgin Australia,July,86,79,7,66,59,13,20,83.5,74.7,8.1
Melbourne-Perth,Melbourne,Perth,Jetstar,July,88,83,5,59,64,24,19,71.1,77.1,5.7
Perth-Melbourne,Perth,Melbourne,Jetstar,July,89,83,6,51,62,32,21,61.4,74.7,6.7
Sydney-Sunshine Coast,Sydney,Sunshine Coast,Jetstar,July,90,87,3,69,70,18,17,79.3,80.5,3.3
Sunshine Coast-Sydney,Sunshine Coast,Sydney,Jetstar,July,91,85,6,59,61,26,24,69.4,71.8,6.6
Coffs Harbour-Sydney,Coffs Harbour,Sydney,Rex Airlines,July,92,90,2,62,55,28,35,68.9,61.1,2.2
Launceston-Melbourne,Launceston,Melbourne,Virgin Australia,July,92,92,0,73,70,19,22,79.3,76.1,0
Melbourne-Launceston,Melbourne,Launceston,Virgin Australia,July,92,92,0,71,66,21,26,77.2,71.7,0
Sydney-Coffs Harbour,Sydney,Coffs Harbour,Rex Airlines,July,92,91,1,53,62,38,29,58.2,68.1,1.1
Sydney-Wagga Wagga,Sydney,Wagga Wagga,Rex Airlines,July,93,92,1,58,60,34,32,63,65.2,1.1
Adelaide-Perth,Adelaide,Perth,Qantas,July,94,94,0,79,78,15,16,84,83,0
Cairns-Sydney,Cairns,Sydney,Virgin Australia,July,94,94,0,76,73,18,21,80.9,77.7,0
Perth-Adelaide,Perth,Adelaide,Qantas,July,94,94,0,69,75,25,19,73.4,79.8,0
Sydney-Cairns,Sydney,Cairns,Virgin Australia,July,94,94,0,80,80,14,14,85.1,85.1,0
Wagga Wagga-Sydney,Wagga Wagga,Sydney,Rex Airlines,July,94,91,3,64,58,27,33,70.3,63.7,3.2
Launceston-Melbourne,Launceston,Melbourne,Qantas,July,97,82,15,51,53,31,29,62.2,64.6,15.5
Melbourne-Launceston,Melbourne,Launceston,Qantas,July,97,85,12,50,48,35,37,58.8,56.5,12.4
Brisbane-Cairns,Brisbane,Cairns,Jetstar,July,99,98,1,74,68,24,30,75.5,69.4,1
Cairns-Brisbane,Cairns,Brisbane,Jetstar,July,99,98,1,71,79,27,19,72.4,80.6,1
Gold Coast-Sydney,Gold Coast,Sydney,Qantas,July,103,103,0,72,75,31,28,69.9,72.8,0
Sydney-Gold Coast,Sydney,Gold Coast,Qantas,July,103,103,0,74,81,29,22,71.8,78.6,0
Melbourne-Mildura,Melbourne,Mildura,Rex Airlines,July,104,102,2,55,55,47,47,53.9,53.9,1.9
Mildura-Melbourne,Mildura,Melbourne,Rex Airlines,July,104,102,2,45,45,57,57,44.1,44.1,1.9
Adelaide-Melbourne,Adelaide,Melbourne,Jetstar,July,105,101,4,67,60,34,41,66.3,59.4,3.8
Melbourne-Adelaide,Melbourne,Adelaide,Jetstar,July,105,102,3,71,72,31,30,69.6,70.6,2.9
Newman-Perth,Newman,Perth,Qantas,July,105,103,2,80,59,23,44,77.7,57.3,1.9
Perth-Newman,Perth,Newman,Qantas,July,105,104,1,85,85,19,19,81.7,81.7,1
Brisbane-Cairns,Brisbane,Cairns,Qantas,July,107,107,0,56,45,51,62,52.3,42.1,0
Cairns-Brisbane,Cairns,Brisbane,Qantas,July,107,106,1,52,57,54,49,49.1,53.8,0.9
Albury-Sydney,Albury,Sydney,Qantas,July,111,111,0,81,71,30,40,73,64,0
Sydney-Albury,Sydney,Albury,Qantas,July,111,111,0,80,84,31,27,72.1,75.7,0
Brisbane-Mackay,Brisbane,Mackay,Qantas,July,112,111,1,84,82,27,29,75.7,73.9,0.9
Hobart-Melbourne,Hobart,Melbourne,Qantas,July,112,98,14,62,57,36,41,63.3,58.2,12.5
Mackay-Brisbane,Mackay,Brisbane,Qantas,July,112,110,2,76,84,34,26,69.1,76.4,1.8
Melbourne-Hobart,Melbourne,Hobart,Qantas,July,112,100,12,54,51,46,49,54,51,10.7
Melbourne-Mildura,Melbourne,Mildura,Qantas,July,112,108,4,72,67,36,41,66.7,62,3.6
Mildura-Melbourne,Mildura,Melbourne,Qantas,July,112,108,4,65,72,43,36,60.2,66.7,3.6
Brisbane-Canberra,Brisbane,Canberra,Virgin Australia,July,115,115,0,78,82,37,33,67.8,71.3,0
Canberra-Brisbane,Canberra,Brisbane,Virgin Australia,July,115,115,0,81,79,34,36,70.4,68.7,0
Coffs Harbour-Sydney,Coffs Harbour,Sydney,Qantas,July,116,116,0,88,90,28,26,75.9,77.6,0
Dubbo-Sydney,Dubbo,Sydney,Qantas,July,116,111,5,90,81,21,30,81.1,73,4.3
Port Macquarie-Sydney,Port Macquarie,Sydney,Qantas,July,116,112,4,84,82,28,30,75,73.2,3.4
Sydney-Coffs Harbour,Sydney,Coffs Harbour,Qantas,July,116,116,0,74,85,42,31,63.8,73.3,0
Sydney-Dubbo,Sydney,Dubbo,Qantas,July,116,111,5,86,94,25,17,77.5,84.7,4.3
Sydney-Port Macquarie,Sydney,Port Macquarie,Qantas,July,116,111,5,87,92,24,19,78.4,82.9,4.3
Sydney-Wagga Wagga,Sydney,Wagga Wagga,Qantas,July,116,112,4,91,91,21,21,81.3,81.3,3.4
Wagga Wagga-Sydney,Wagga Wagga,Sydney,Qantas,July,116,110,6,83,88,27,22,75.5,80,5.2
Melbourne-Devonport,Melbourne,Devonport,Qantas,July,119,118,1,84,80,34,38,71.2,67.8,0.8
Cairns-Melbourne,Cairns,Melbourne,Jetstar,July,120,118,2,63,70,55,48,53.4,59.3,1.7
Canberra-Melbourne,Canberra,Melbourne,Virgin Australia,July,120,120,0,76,74,44,46,63.3,61.7,0
Devonport-Melbourne,Devonport,Melbourne,Qantas,July,120,118,2,83,81,35,37,70.3,68.6,1.7
Melbourne-Cairns,Melbourne,Cairns,Jetstar,July,120,119,1,65,72,54,47,54.6,60.5,0.8
Melbourne-Canberra,Melbourne,Canberra,Virgin Australia,July,120,120,0,84,75,36,45,70,62.5,0
Hobart-Melbourne,Hobart,Melbourne,Virgin Australia,July,122,122,0,90,95,32,27,73.8,77.9,0
Melbourne-Hobart,Melbourne,Hobart,Virgin Australia,July,122,122,0,95,86,27,36,77.9,70.5,0
Cairns-Sydney,Cairns,Sydney,Jetstar,July,124,122,2,88,97,34,25,72.1,79.5,1.6
Sydney-Cairns,Sydney,Cairns,Jetstar,July,124,123,1,81,76,42,47,65.9,61.8,0.8
Perth-Brisbane,Perth,Brisbane,Virgin Australia,July,126,126,0,88,117,38,9,69.8,92.9,0
Brisbane-Perth,Brisbane,Perth,Virgin Australia,July,127,126,1,91,98,35,28,72.2,77.8,0.8
Dubbo-Sydney,Dubbo,Sydney,Rex Airlines,July,128,122,6,72,61,50,61,59,50,4.7
Adelaide-Brisbane,Adelaide,Brisbane,Virgin Australia,July,130,130,0,97,101,33,29,74.6,77.7,0
Brisbane-Adelaide,Brisbane,Adelaide,Virgin Australia,July,130,130,0,102,110,28,20,78.5,84.6,0
Sydney-Dubbo,Sydney,Dubbo,Rex Airlines,July,130,124,6,58,66,66,58,46.8,53.2,4.6
Brisbane-Emerald,Brisbane,Emerald,Qantas,July,140,134,6,118,112,16,22,88.1,83.6,4.3
Brisbane-Gladstone,Brisbane,Gladstone,Qantas,July,140,137,3,108,98,29,39,78.8,71.5,2.1
Emerald-Brisbane,Emerald,Brisbane,Qantas,July,140,134,6,112,120,22,14,83.6,89.6,4.3
Gladstone-Brisbane,Gladstone,Brisbane,Qantas,July,140,137,3,106,105,31,32,77.4,76.6,2.1
Adelaide-Port Lincoln,Adelaide,Port Lincoln,Qantas,July,143,140,3,135,132,5,8,96.4,94.3,2.1
Adelaide-Sydney,Adelaide,Sydney,Jetstar,July,143,131,12,87,80,44,51,66.4,61.1,8.4
Port Lincoln-Adelaide,Port Lincoln,Adelaide,Qantas,July,143,140,3,130,130,10,10,92.9,92.9,2.1
Sydney-Adelaide,Sydney,Adelaide,Jetstar,July,143,131,12,76,83,55,48,58,63.4,8.4
Townsville-Brisbane,Townsville,Brisbane,Virgin Australia,July,143,143,0,79,90,64,53,55.2,62.9,0
Brisbane-Mackay,Brisbane,Mackay,Virgin Australia,July,144,144,0,100,96,44,48,69.4,66.7,0
Brisbane-Townsville,Brisbane,Townsville,Virgin Australia,July,144,144,0,97,83,47,61,67.4,57.6,0
Mackay-Brisbane,Mackay,Brisbane,Virgin Australia,July,144,144,0,101,110,43,34,70.1,76.4,0
Cairns-Townsville,Cairns,Townsville,Qantas,July,146,145,1,120,129,25,16,82.8,89,0.7
Townsville-Cairns,Townsville,Cairns,Qantas,July,146,143,3,130,125,13,18,90.9,87.4,2.1
Port Hedland-Perth,Port Hedland,Perth,Qantas,July,148,145,3,101,76,44,69,69.7,52.4,2
Brisbane-Canberra,Brisbane,Canberra,Qantas,July,149,148,1,108,113,40,35,73,76.4,0.7
Canberra-Brisbane,Canberra,Brisbane,Qantas,July,149,146,3,96,91,50,55,65.8,62.3,2
Perth-Port Hedland,Perth,Port Hedland,Qantas,July,151,148,3,114,119,34,29,77,80.4,2
Adelaide-Brisbane,Adelaide,Brisbane,Qantas,July,152,151,1,127,129,24,22,84.1,85.4,0.7
Brisbane-Adelaide,Brisbane,Adelaide,Qantas,July,152,151,1,125,128,26,23,82.8,84.8,0.7
Karratha-Perth,Karratha,Perth,Qantas,July,153,146,7,95,88,51,58,65.1,60.3,4.6
Brisbane-Perth,Brisbane,Perth,Qantas,July,154,154,0,119,113,35,41,77.3,73.4,0
Perth-Karratha,Perth,Karratha,Qantas,July,154,150,4,114,122,36,28,76,81.3,2.6
Brisbane-Sydney,Brisbane,Sydney,Rex Airlines,July,155,150,5,120,115,30,35,80,76.7,3.2
Perth-Brisbane,Perth,Brisbane,Qantas,July,155,155,0,122,132,33,23,78.7,85.2,0
Sydney-Brisbane,Sydney,Brisbane,Rex Airlines,July,155,150,5,124,114,26,36,82.7,76,3.2
Adelaide-Port Lincoln,Adelaide,Port Lincoln,Rex Airlines,July,158,150,8,104,100,46,50,69.3,66.7,5.1
Perth-Sydney,Perth,Sydney,Virgin Australia,July,158,154,4,110,131,44,23,71.4,85.1,2.5
Port Lincoln-Adelaide,Port Lincoln,Adelaide,Rex Airlines,July,158,150,8,101,104,49,46,67.3,69.3,5.1
Brisbane-Townsville,Brisbane,Townsville,Qantas,July,159,159,0,118,96,41,63,74.2,60.4,0
Townsville-Brisbane,Townsville,Brisbane,Qantas,July,159,159,0,95,105,64,54,59.7,66,0
Brisbane-Cairns,Brisbane,Cairns,Virgin Australia,July,161,161,0,126,112,35,49,78.3,69.6,0
Cairns-Brisbane,Cairns,Brisbane,Virgin Australia,July,161,161,0,97,126,64,35,60.2,78.3,0
Brisbane-Rockhampton,Brisbane,Rockhampton,Virgin Australia,July,166,166,0,103,76,63,90,62,45.8,0
Rockhampton-Brisbane,Rockhampton,Brisbane,Virgin Australia,July,166,165,1,88,81,77,84,53.3,49.1,0.6
Melbourne-Hobart,Melbourne,Hobart,Jetstar,July,167,164,3,114,110,50,54,69.5,67.1,1.8
Hobart-Melbourne,Hobart,Melbourne,Jetstar,July,168,164,4,97,101,67,63,59.1,61.6,2.4
Brisbane-Melbourne,Brisbane,Melbourne,Jetstar,July,170,156,14,74,85,82,71,47.4,54.5,8.2
Melbourne-Brisbane,Melbourne,Brisbane,Jetstar,July,170,159,11,73,65,86,94,45.9,40.9,6.5
Adelaide-Sydney,Adelaide,Sydney,Virgin Australia,July,171,168,3,134,122,34,46,79.8,72.6,1.8
Sydney-Adelaide,Sydney,Adelaide,Virgin Australia,July,171,168,3,119,119,49,49,70.8,70.8,1.8
Sydney-Perth,Sydney,Perth,Virgin Australia,July,172,171,1,135,119,36,52,78.9,69.6,0.6
Canberra-Melbourne,Canberra,Melbourne,Qantas,July,187,175,12,115,111,60,64,65.7,63.4,6.4
Melbourne-Canberra,Melbourne,Canberra,Qantas,July,187,174,13,123,123,51,51,70.7,70.7,7
Brisbane-Rockhampton,Brisbane,Rockhampton,Qantas,July,197,195,2,154,155,41,40,79,79.5,1
Rockhampton-Brisbane,Rockhampton,Brisbane,Qantas,July,197,192,5,151,149,41,43,78.6,77.6,2.5
Sydney-Perth,Sydney,Perth,Qantas,July,202,201,1,120,135,81,66,59.7,67.2,0.5
Perth-Sydney,Perth,Sydney,Qantas,July,203,202,1,125,142,77,60,61.9,70.3,0.5
Brisbane-Sydney,Brisbane,Sydney,Jetstar,July,209,200,9,137,134,63,66,68.5,67,4.3
Melbourne-Perth,Melbourne,Perth,Qantas,July,209,205,4,143,130,62,75,69.8,63.4,1.9
Perth-Melbourne,Perth,Melbourne,Qantas,July,209,203,6,150,156,53,47,73.9,76.8,2.9
Sydney-Brisbane,Sydney,Brisbane,Jetstar,July,210,201,9,126,123,75,78,62.7,61.2,4.3
Melbourne-Perth,Melbourne,Perth,Virgin Australia,July,214,211,3,148,153,63,58,70.1,72.5,1.4
Melbourne-Sydney,Melbourne,Sydney,Rex Airlines,July,214,204,10,167,158,37,46,81.9,77.5,4.7
Sydney-Melbourne,Sydney,Melbourne,Rex Airlines,July,214,204,10,161,154,43,50,78.9,75.5,4.7
Perth-Melbourne,Perth,Melbourne,Virgin Australia,July,224,221,3,170,182,51,39,76.9,82.4,1.3
Gold Coast-Melbourne,Gold Coast,Melbourne,Virgin Australia,July,236,236,0,121,140,115,96,51.3,59.3,0
Melbourne-Gold Coast,Melbourne,Gold Coast,Virgin Australia,July,237,237,0,169,159,68,78,71.3,67.1,0
Melbourne-Gold Coast,Melbourne,Gold Coast,Jetstar,July,240,229,11,143,151,86,78,62.4,65.9,4.6
Gold Coast-Melbourne,Gold Coast,Melbourne,Jetstar,July,241,227,14,154,159,73,68,67.8,70,5.8
Sydney-Adelaide,Sydney,Adelaide,Qantas,July,244,235,9,174,180,61,55,74,76.6,3.7
Adelaide-Melbourne,Adelaide,Melbourne,Virgin Australia,July,245,243,2,172,165,71,78,70.8,67.9,0.8
Adelaide-Sydney,Adelaide,Sydney,Qantas,July,245,232,13,175,175,57,57,75.4,75.4,5.3
Melbourne-Adelaide,Melbourne,Adelaide,Virgin Australia,July,246,244,2,186,171,58,73,76.2,70.1,0.8
Adelaide-Melbourne,Adelaide,Melbourne,Qantas,July,257,257,0,158,163,99,94,61.5,63.4,0
Melbourne-Adelaide,Melbourne,Adelaide,Qantas,July,257,256,1,172,156,84,100,67.2,60.9,0.4
Canberra-Sydney,Canberra,Sydney,Virgin Australia,July,262,246,16,207,195,39,51,84.1,79.3,6.1
Sydney-Canberra,Sydney,Canberra,Virgin Australia,July,262,245,17,182,195,63,50,74.3,79.6,6.5
Sydney-Gold Coast,Sydney,Gold Coast,Jetstar,July,287,277,10,200,200,77,77,72.2,72.2,3.5
Gold Coast-Sydney,Gold Coast,Sydney,Jetstar,July,289,276,13,225,226,51,50,81.5,81.9,4.5
Gold Coast-Sydney,Gold Coast,Sydney,Virgin Australia,July,322,318,4,215,212,103,106,67.6,66.7,1.2
Sydney-Gold Coast,Sydney,Gold Coast,Virgin Australia,July,322,320,2,242,227,78,93,75.6,70.9,0.6
Melbourne-Brisbane,Melbourne,Brisbane,Qantas,July,381,372,9,252,234,120,138,67.7,62.9,2.4
Sydney-Canberra,Sydney,Canberra,Qantas,July,381,358,23,289,290,69,68,80.7,81,6
Canberra-Sydney,Canberra,Sydney,Qantas,July,382,351,31,279,269,72,82,79.5,76.6,8.1
Brisbane-Melbourne,Brisbane,Melbourne,Qantas,July,383,374,9,268,267,106,107,71.7,71.4,2.3
Brisbane-Melbourne,Brisbane,Melbourne,Virgin Australia,July,390,389,1,288,271,101,118,74,69.7,0.3
Melbourne-Brisbane,Melbourne,Brisbane,Virgin Australia,July,394,393,1,297,262,96,131,75.6,66.7,0.3
Melbourne-Sydney,Melbourne,Sydney,Jetstar,July,446,412,34,289,283,123,129,70.1,68.7,7.6
Sydney-Melbourne,Sydney,Melbourne,Jetstar,July,447,415,32,281,291,134,124,67.7,70.1,7.2
Sydney-Brisbane,Sydney,Brisbane,Virgin Australia,July,464,453,11,371,350,82,103,81.9,77.3,2.4
Brisbane-Sydney,Brisbane,Sydney,Virgin Australia,July,468,456,12,367,325,89,131,80.5,71.3,2.6
Brisbane-Sydney,Brisbane,Sydney,Qantas,July,554,539,15,411,403,128,136,76.3,74.8,2.7
Sydney-Brisbane,Sydney,Brisbane,Qantas,July,554,544,10,374,337,170,207,68.8,61.9,1.8
Sydney-Melbourne,Sydney,Melbourne,Virgin Australia,July,741,678,63,507,473,171,205,74.8,69.8,8.5
Melbourne-Sydney,Melbourne,Sydney,Virgin Australia,July,749,688,61,560,472,128,216,81.4,68.6,8.1
Melbourne-Sydney,Melbourne,Sydney,Qantas,July,943,842,101,666,582,176,260,79.1,69.1,10.7
Sydney-Melbourne,Sydney,Melbourne,Qantas,July,948,848,100,586,585,262,263,69.1,69,10.5
Brisbane-Cairns,Brisbane,Cairns,Rex Airlines,August,3,0,3,0,0,0,0,#DIV/0!,#DIV/0!,100
Brisbane-Mackay,Brisbane,Mackay,Qantas,August,4,3,1,2,2,1,1,66.7,66.7,25
Cairns-Brisbane,Cairns,Brisbane,Rex Airlines,August,4,0,4,0,0,0,0,#DIV/0!,#DIV/0!,100
Canberra-Melbourne,Canberra,Melbourne,Qantas,August,4,3,1,2,3,1,0,66.7,100,25
Karratha-Perth,Karratha,Perth,Qantas,August,4,4,0,3,3,1,1,75,75,0
Melbourne-Canberra,Melbourne,Canberra,Qantas,August,4,3,1,2,2,1,1,66.7,66.7,25
Melbourne-Perth,Melbourne,Perth,Rex Airlines,August,4,0,4,0,0,0,0,#DIV/0!,#DIV/0!,100
Perth-Karratha,Perth,Karratha,Qantas,August,4,4,0,3,3,1,1,75,75,0
Adelaide-Brisbane,Adelaide,Brisbane,Rex Airlines,August,5,0,5,0,0,0,0,#DIV/0!,#DIV/0!,100
Adelaide-Sydney,Adelaide,Sydney,Rex Airlines,August,5,0,5,0,0,0,0,#DIV/0!,#DIV/0!,100
Brisbane-Adelaide,Brisbane,Adelaide,Rex Airlines,August,5,0,5,0,0,0,0,#DIV/0!,#DIV/0!,100
Brisbane-Canberra,Brisbane,Canberra,Qantas,August,5,5,0,5,5,0,0,100,100,0
Brisbane-Mount Isa,Brisbane,Mount Isa,Qantas,August,5,5,0,5,5,0,0,100,100,0
Broome-Perth,Broome,Perth,Qantas,August,5,5,0,4,2,1,3,80,40,0
Canberra-Brisbane,Canberra,Brisbane,Qantas,August,5,5,0,5,4,0,1,100,80,0
Canberra-Melbourne,Canberra,Melbourne,Rex Airlines,August,5,0,5,0,0,0,0,#DIV/0!,#DIV/0!,100
Gold Coast-Melbourne,Gold Coast,Melbourne,Rex Airlines,August,5,0,5,0,0,0,0,#DIV/0!,#DIV/0!,100
Gold Coast-Sydney,Gold Coast,Sydney,Rex Airlines,August,5,0,5,0,0,0,0,#DIV/0!,#DIV/0!,100
Hobart-Melbourne,Hobart,Melbourne,Rex Airlines,August,5,0,5,0,0,0,0,#DIV/0!,#DIV/0!,100
Melbourne-Canberra,Melbourne,Canberra,Rex Airlines,August,5,0,5,0,0,0,0,#DIV/0!,#DIV/0!,100
Melbourne-Gold Coast,Melbourne,Gold Coast,Rex Airlines,August,5,0,5,0,0,0,0,#DIV/0!,#DIV/0!,100
Melbourne-Hobart,Melbourne,Hobart,Rex Airlines,August,5,0,5,0,0,0,0,#DIV/0!,#DIV/0!,100
Mount Isa-Brisbane,Mount Isa,Brisbane,Qantas,August,5,5,0,4,2,1,3,80,40,0
Perth-Broome,Perth,Broome,Qantas,August,5,5,0,4,3,1,2,80,60,0
Perth-Melbourne,Perth,Melbourne,Rex Airlines,August,5,0,5,0,0,0,0,#DIV/0!,#DIV/0!,100
Sydney-Adelaide,Sydney,Adelaide,Rex Airlines,August,5,0,5,0,0,0,0,#DIV/0!,#DIV/0!,100
Sydney-Gold Coast,Sydney,Gold Coast,Rex Airlines,August,5,0,5,0,0,0,0,#DIV/0!,#DIV/0!,100
Adelaide-Perth,Adelaide,Perth,Rex Airlines,August,6,1,5,1,1,0,0,100,100,83.3
Perth-Adelaide,Perth,Adelaide,Rex Airlines,August,6,1,5,1,1,0,0,100,100,83.3
Sydney-Hobart,Sydney,Hobart,Qantas,August,7,7,0,4,4,3,3,57.1,57.1,0
Hobart-Sydney,Hobart,Sydney,Qantas,August,8,7,1,6,4,1,3,85.7,57.1,12.5
Mackay-Brisbane,Mackay,Brisbane,Qantas,August,8,6,2,4,4,2,2,66.7,66.7,25
Brisbane-Melbourne,Brisbane,Melbourne,Rex Airlines,August,9,0,9,0,0,0,0,#DIV/0!,#DIV/0!,100
Melbourne-Adelaide,Melbourne,Adelaide,Rex Airlines,August,9,0,9,0,0,0,0,#DIV/0!,#DIV/0!,100
Melbourne-Brisbane,Melbourne,Brisbane,Rex Airlines,August,9,0,9,0,0,0,0,#DIV/0!,#DIV/0!,100
Adelaide-Melbourne,Adelaide,Melbourne,Rex Airlines,August,10,0,10,0,0,0,0,#DIV/0!,#DIV/0!,100
Brisbane-Launceston,Brisbane,Launceston,Virgin Australia,August,10,10,0,8,6,2,4,80,60,0
Launceston-Brisbane,Launceston,Brisbane,Virgin Australia,August,10,10,0,5,5,5,5,50,50,0
Adelaide-Alice Springs,Adelaide,Alice Springs,Virgin Australia,August,13,13,0,10,10,3,3,76.9,76.9,0
Adelaide-Melbourne,Adelaide,Melbourne,Qantas,August,13,10,3,9,10,1,0,90,100,23.1
Alice Springs-Adelaide,Alice Springs,Adelaide,Virgin Australia,August,13,12,1,8,8,4,4,66.7,66.7,7.7
Cairns-Townsville,Cairns,Townsville,Rex Airlines,August,13,13,0,13,13,0,0,100,100,0
Canberra-Gold Coast,Canberra,Gold Coast,Jetstar,August,13,13,0,10,11,3,2,76.9,84.6,0
Gold Coast-Canberra,Gold Coast,Canberra,Jetstar,August,13,13,0,9,10,4,3,69.2,76.9,0
Melbourne-Adelaide,Melbourne,Adelaide,Qantas,August,13,11,2,11,11,0,0,100,100,15.4
Townsville-Cairns,Townsville,Cairns,Rex Airlines,August,13,12,1,11,10,1,2,91.7,83.3,7.7
Brisbane-Mount Isa,Brisbane,Mount Isa,Virgin Australia,August,14,14,0,10,7,4,7,71.4,50,0
Mount Isa-Brisbane,Mount Isa,Brisbane,Virgin Australia,August,14,14,0,7,5,7,9,50,35.7,0
Broome-Perth,Broome,Perth,Virgin Australia,August,15,15,0,2,6,13,9,13.3,40,0
Karratha-Perth,Karratha,Perth,Virgin Australia,August,15,15,0,10,9,5,6,66.7,60,0
Perth-Karratha,Perth,Karratha,Virgin Australia,August,15,15,0,10,9,5,6,66.7,60,0
Newman-Perth,Newman,Perth,Qantas,August,16,16,0,15,15,1,1,93.8,93.8,0
Newman-Perth,Newman,Perth,Virgin Australia,August,16,16,0,11,9,5,7,68.8,56.3,0
Perth-Broome,Perth,Broome,Virgin Australia,August,16,16,0,9,13,7,3,56.3,81.3,0
Perth-Newman,Perth,Newman,Qantas,August,16,16,0,15,15,1,1,93.8,93.8,0
Perth-Newman,Perth,Newman,Virgin Australia,August,16,16,0,12,11,4,5,75,68.8,0
Cairns-Sydney,Cairns,Sydney,Qantas,August,17,17,0,13,14,4,3,76.5,82.4,0
Sydney-Cairns,Sydney,Cairns,Qantas,August,17,17,0,14,15,3,2,82.4,88.2,0
Adelaide-Canberra,Adelaide,Canberra,Virgin Australia,August,18,17,1,9,9,8,8,52.9,52.9,5.6
Brisbane-Hobart,Brisbane,Hobart,Qantas,August,18,18,0,17,16,1,2,94.4,88.9,0
Brisbane-Proserpine,Brisbane,Proserpine,Qantas,August,18,18,0,14,17,4,1,77.8,94.4,0
Canberra-Adelaide,Canberra,Adelaide,Virgin Australia,August,18,17,1,12,12,5,5,70.6,70.6,5.6
Hamilton Island-Sydney,Hamilton Island,Sydney,Jetstar,August,18,18,0,9,11,9,7,50,61.1,0
Hobart-Brisbane,Hobart,Brisbane,Qantas,August,18,18,0,16,17,2,1,88.9,94.4,0
Proserpine-Brisbane,Proserpine,Brisbane,Qantas,August,18,18,0,15,16,3,2,83.3,88.9,0
Sydney-Hamilton Island,Sydney,Hamilton Island,Jetstar,August,18,18,0,14,14,4,4,77.8,77.8,0
Brisbane-Townsville,Brisbane,Townsville,Qantas,August,20,20,0,14,16,6,4,70,80,0
Darwin-Perth,Darwin,Perth,Virgin Australia,August,20,18,2,12,12,6,6,66.7,66.7,10
Kalgoorlie-Perth,Kalgoorlie,Perth,Virgin Australia,August,20,20,0,13,16,7,4,65,80,0
Perth-Darwin,Perth,Darwin,Virgin Australia,August,20,18,2,14,13,4,5,77.8,72.2,10
Perth-Kalgoorlie,Perth,Kalgoorlie,Qantas,August,20,20,0,19,19,1,1,95,95,0
Perth-Kalgoorlie,Perth,Kalgoorlie,Virgin Australia,August,20,20,0,15,14,5,6,75,70,0
Perth-Port Hedland,Perth,Port Hedland,Virgin Australia,August,20,20,0,12,13,8,7,60,65,0
Port Hedland-Perth,Port Hedland,Perth,Virgin Australia,August,20,20,0,7,10,13,10,35,50,0
Townsville-Brisbane,Townsville,Brisbane,Qantas,August,20,20,0,13,10,7,10,65,50,0
Kalgoorlie-Perth,Kalgoorlie,Perth,Qantas,August,21,21,0,18,18,3,3,85.7,85.7,0
Brisbane-Darwin,Brisbane,Darwin,Qantas,August,22,22,0,13,15,9,7,59.1,68.2,0
Brisbane-Hobart,Brisbane,Hobart,Jetstar,August,22,22,0,18,18,4,4,81.8,81.8,0
Brisbane-Launceston,Brisbane,Launceston,Jetstar,August,22,22,0,7,7,15,15,31.8,31.8,0
Hobart-Brisbane,Hobart,Brisbane,Jetstar,August,22,22,0,16,17,6,5,72.7,77.3,0
Darwin-Brisbane,Darwin,Brisbane,Qantas,August,23,23,0,4,9,19,14,17.4,39.1,0
Launceston-Brisbane,Launceston,Brisbane,Jetstar,August,23,22,1,4,3,18,19,18.2,13.6,4.3
Brisbane-Sydney,Brisbane,Sydney,Rex Airlines,August,25,0,25,0,0,0,0,#DIV/0!,#DIV/0!,100
Sydney-Brisbane,Sydney,Brisbane,Rex Airlines,August,25,0,25,0,0,0,0,#DIV/0!,#DIV/0!,100
Brisbane-Emerald,Brisbane,Emerald,Virgin Australia,August,26,26,0,18,15,8,11,69.2,57.7,0
Emerald-Brisbane,Emerald,Brisbane,Virgin Australia,August,26,26,0,16,17,10,9,61.5,65.4,0
Brisbane-Melbourne,Brisbane,Melbourne,Qantas,August,27,23,4,9,6,14,17,39.1,26.1,14.8
Brisbane-Perth,Brisbane,Perth,Jetstar,August,27,26,1,14,17,12,9,53.8,65.4,3.7
Hamilton Island-Sydney,Hamilton Island,Sydney,Virgin Australia,August,27,27,0,13,10,14,17,48.1,37,0
Melbourne-Brisbane,Melbourne,Brisbane,Qantas,August,27,23,4,15,12,8,11,65.2,52.2,14.8
Perth-Brisbane,Perth,Brisbane,Jetstar,August,27,26,1,10,13,16,13,38.5,50,3.7
Sydney-Hamilton Island,Sydney,Hamilton Island,Virgin Australia,August,27,27,0,24,23,3,4,88.9,85.2,0
Adelaide-Perth,Adelaide,Perth,Virgin Australia,August,28,28,0,8,6,20,22,28.6,21.4,0
Brisbane-Hamilton Island,Brisbane,Hamilton Island,Qantas,August,28,27,1,24,23,3,4,88.9,85.2,3.6
Hamilton Island-Brisbane,Hamilton Island,Brisbane,Qantas,August,28,27,1,23,21,4,6,85.2,77.8,3.6
Perth-Adelaide,Perth,Adelaide,Virgin Australia,August,28,28,0,15,16,13,12,53.6,57.1,0
Sydney-Hamilton Island,Sydney,Hamilton Island,Qantas,August,30,30,0,21,20,9,10,70,66.7,0
Adelaide-Gold Coast,Adelaide,Gold Coast,Jetstar,August,31,31,0,25,25,6,6,80.6,80.6,0
Adelaide-Gold Coast,Adelaide,Gold Coast,Virgin Australia,August,31,31,0,23,27,8,4,74.2,87.1,0
Adelaide-Perth,Adelaide,Perth,Jetstar,August,31,31,0,20,17,11,14,64.5,54.8,0
Brisbane-Canberra,Brisbane,Canberra,Jetstar,August,31,31,0,27,25,4,6,87.1,80.6,0
Brisbane-Darwin,Brisbane,Darwin,Qantas,August,31,31,0,24,19,7,12,77.4,61.3,0
Brisbane-Darwin,Brisbane,Darwin,Virgin Australia,August,31,31,0,23,24,8,7,74.2,77.4,0
Brisbane-Hamilton Island,Brisbane,Hamilton Island,Virgin Australia,August,31,31,0,26,27,5,4,83.9,87.1,0
Brisbane-Mackay,Brisbane,Mackay,Jetstar,August,31,31,0,23,23,8,8,74.2,74.2,0
Brisbane-Proserpine,Brisbane,Proserpine,Jetstar,August,31,31,0,21,21,10,10,67.7,67.7,0
Brisbane-Proserpine,Brisbane,Proserpine,Virgin Australia,August,31,31,0,20,24,11,7,64.5,77.4,0
Cairns-Melbourne,Cairns,Melbourne,Qantas,August,31,30,1,14,16,16,14,46.7,53.3,3.2
Canberra-Gold Coast,Canberra,Gold Coast,Virgin Australia,August,31,31,0,27,25,4,6,87.1,80.6,0
Canberra-Melbourne,Canberra,Melbourne,Jetstar,August,31,31,0,25,23,6,8,80.6,74.2,0
Darwin-Brisbane,Darwin,Brisbane,Qantas,August,31,30,1,10,10,20,20,33.3,33.3,3.2
Darwin-Brisbane,Darwin,Brisbane,Virgin Australia,August,31,31,0,23,13,8,18,74.2,41.9,0
Darwin-Melbourne,Darwin,Melbourne,Jetstar,August,31,31,0,20,27,11,4,64.5,87.1,0
Darwin-Melbourne,Darwin,Melbourne,Qantas,August,31,31,0,11,13,20,18,35.5,41.9,0
Darwin-Melbourne,Darwin,Melbourne,Virgin Australia,August,31,31,0,17,14,14,17,54.8,45.2,0
Gold Coast-Adelaide,Gold Coast,Adelaide,Jetstar,August,31,31,0,24,22,7,9,77.4,71,0
Gold Coast-Adelaide,Gold Coast,Adelaide,Virgin Australia,August,31,31,0,18,16,13,15,58.1,51.6,0
Gold Coast-Canberra,Gold Coast,Canberra,Virgin Australia,August,31,31,0,21,21,10,10,67.7,67.7,0
Hamilton Island-Brisbane,Hamilton Island,Brisbane,Virgin Australia,August,31,30,1,22,23,8,7,73.3,76.7,3.2
Hamilton Island-Sydney,Hamilton Island,Sydney,Qantas,August,31,30,1,13,13,17,17,43.3,43.3,3.2
Launceston-Sydney,Launceston,Sydney,Jetstar,August,31,31,0,17,19,14,12,54.8,61.3,0
Launceston-Sydney,Launceston,Sydney,Qantas,August,31,31,0,29,29,2,2,93.5,93.5,0
Launceston-Sydney,Launceston,Sydney,Virgin Australia,August,31,31,0,18,16,13,15,58.1,51.6,0
Mackay-Brisbane,Mackay,Brisbane,Jetstar,August,31,31,0,22,22,9,9,71,71,0
Melbourne-Cairns,Melbourne,Cairns,Qantas,August,31,30,1,22,20,8,10,73.3,66.7,3.2
Melbourne-Canberra,Melbourne,Canberra,Jetstar,August,31,31,0,23,25,8,6,74.2,80.6,0
Melbourne-Darwin,Melbourne,Darwin,Jetstar,August,31,31,0,25,28,6,3,80.6,90.3,0
Melbourne-Darwin,Melbourne,Darwin,Qantas,August,31,31,0,14,19,17,12,45.2,61.3,0
Melbourne-Darwin,Melbourne,Darwin,Virgin Australia,August,31,31,0,17,20,14,11,54.8,64.5,0
Perth-Adelaide,Perth,Adelaide,Jetstar,August,31,31,0,18,23,13,8,58.1,74.2,0
Proserpine-Brisbane,Proserpine,Brisbane,Jetstar,August,31,31,0,19,18,12,13,61.3,58.1,0
Proserpine-Brisbane,Proserpine,Brisbane,Virgin Australia,August,31,31,0,20,19,11,12,64.5,61.3,0
Sunshine Coast-Melbourne,Sunshine Coast,Melbourne,Qantas,August,31,31,0,12,7,19,24,38.7,22.6,0
Sydney-Launceston,Sydney,Launceston,Jetstar,August,31,31,0,25,25,6,6,80.6,80.6,0
Sydney-Launceston,Sydney,Launceston,Qantas,August,31,31,0,27,28,4,3,87.1,90.3,0
Sydney-Launceston,Sydney,Launceston,Virgin Australia,August,31,31,0,18,21,13,10,58.1,67.7,0
Brisbane-Darwin,Brisbane,Darwin,Jetstar,August,32,31,1,27,28,4,3,87.1,90.3,3.1
Canberra-Brisbane,Canberra,Brisbane,Jetstar,August,32,31,1,24,26,7,5,77.4,83.9,3.1
Darwin-Brisbane,Darwin,Brisbane,Jetstar,August,32,31,1,20,17,11,14,64.5,54.8,3.1
Gold Coast-Melbourne,Gold Coast,Melbourne,Qantas,August,32,32,0,21,20,11,12,65.6,62.5,0
Melbourne-Sunshine Coast,Melbourne,Sunshine Coast,Qantas,August,32,32,0,19,19,13,13,59.4,59.4,0
Melbourne-Gold Coast,Melbourne,Gold Coast,Qantas,August,33,33,0,28,28,5,5,84.8,84.8,0
Brisbane-Gladstone,Brisbane,Gladstone,Virgin Australia,August,35,35,0,19,20,16,15,54.3,57.1,0
Gladstone-Brisbane,Gladstone,Brisbane,Virgin Australia,August,35,35,0,21,22,14,13,60,62.9,0
Melbourne-Sydney,Melbourne,Sydney,Rex Airlines,August,35,0,35,0,0,0,0,#DIV/0!,#DIV/0!,100
Sydney-Melbourne,Sydney,Melbourne,Rex Airlines,August,35,0,35,0,0,0,0,#DIV/0!,#DIV/0!,100
Adelaide-Brisbane,Adelaide,Brisbane,Jetstar,August,37,37,0,31,30,6,7,83.8,81.1,0
Brisbane-Adelaide,Brisbane,Adelaide,Jetstar,August,37,37,0,23,23,14,14,62.2,62.2,0
Brisbane-Hobart,Brisbane,Hobart,Virgin Australia,August,37,37,0,27,29,10,8,73,78.4,0
Hobart-Brisbane,Hobart,Brisbane,Virgin Australia,August,37,37,0,23,22,14,15,62.2,59.5,0
Perth-Port Hedland,Perth,Port Hedland,Virgin Australia,August,37,35,2,27,22,8,13,77.1,62.9,5.4
Port Hedland-Perth,Port Hedland,Perth,Virgin Australia,August,37,35,2,15,13,20,22,42.9,37.1,5.4
Perth-Broome,Perth,Broome,Virgin Australia,August,39,39,0,28,30,11,9,71.8,76.9,0
Broome-Perth,Broome,Perth,Virgin Australia,August,40,40,0,23,26,17,14,57.5,65,0
Newman-Perth,Newman,Perth,Virgin Australia,August,40,40,0,28,24,12,16,70,60,0
Perth-Newman,Perth,Newman,Virgin Australia,August,40,40,0,32,30,8,10,80,75,0
Melbourne-Newcastle,Melbourne,Newcastle,Virgin Australia,August,41,41,0,32,30,9,11,78,73.2,0
Newcastle-Melbourne,Newcastle,Melbourne,Virgin Australia,August,42,41,1,30,30,11,11,73.2,73.2,2.4
Cairns-Sydney,Cairns,Sydney,Qantas,August,45,45,0,21,25,24,20,46.7,55.6,0
Sydney-Cairns,Sydney,Cairns,Qantas,August,45,45,0,29,31,16,14,64.4,68.9,0
Adelaide-Perth,Adelaide,Perth,Virgin Australia,August,46,43,3,23,18,20,25,53.5,41.9,6.5
Perth-Adelaide,Perth,Adelaide,Virgin Australia,August,47,45,2,37,35,8,10,82.2,77.8,4.3
Brisbane-Mount Isa,Brisbane,Mount Isa,Qantas,August,48,48,0,38,40,10,8,79.2,83.3,0
Mount Isa-Brisbane,Mount Isa,Brisbane,Qantas,August,48,48,0,37,34,11,14,77.1,70.8,0
Darwin-Perth,Darwin,Perth,Qantas,August,49,49,0,19,17,30,32,38.8,34.7,0
Perth-Darwin,Perth,Darwin,Qantas,August,49,49,0,38,37,11,12,77.6,75.5,0
Sydney-Ballina,Sydney,Ballina,Virgin Australia,August,49,49,0,41,39,8,10,83.7,79.6,0
Ballina-Sydney,Ballina,Sydney,Virgin Australia,August,50,49,1,36,35,13,14,73.5,71.4,2
Devonport-Melbourne,Devonport,Melbourne,Rex Airlines,August,52,50,2,44,44,6,6,88,88,3.8
Melbourne-Devonport,Melbourne,Devonport,Rex Airlines,August,52,50,2,44,45,6,5,88,90,3.8
Melbourne-Newcastle,Melbourne,Newcastle,Qantas,August,52,50,2,35,32,15,18,70,64,3.8
Adelaide-Alice Springs,Adelaide,Alice Springs,Qantas,August,53,53,0,48,47,5,6,90.6,88.7,0
Alice Springs-Adelaide,Alice Springs,Adelaide,Qantas,August,53,53,0,47,47,6,6,88.7,88.7,0
Newcastle-Melbourne,Newcastle,Melbourne,Qantas,August,53,51,2,47,46,4,5,92.2,90.2,3.8
Brisbane-Newcastle,Brisbane,Newcastle,Jetstar,August,54,54,0,35,36,19,18,64.8,66.7,0
Newcastle-Brisbane,Newcastle,Brisbane,Jetstar,August,54,54,0,32,32,22,22,59.3,59.3,0
Perth-Sydney,Perth,Sydney,Jetstar,August,54,51,3,23,28,28,23,45.1,54.9,5.6
Port Macquarie-Sydney,Port Macquarie,Sydney,Rex Airlines,August,54,52,2,37,36,15,16,71.2,69.2,3.7
Sydney-Perth,Sydney,Perth,Jetstar,August,54,52,2,36,28,16,24,69.2,53.8,3.7
Sydney-Port Macquarie,Sydney,Port Macquarie,Rex Airlines,August,54,52,2,41,40,11,12,78.8,76.9,3.7
Sydney-Ballina,Sydney,Ballina,Qantas,August,56,55,1,54,53,1,2,98.2,96.4,1.8
Ballina-Sydney,Ballina,Sydney,Qantas,August,57,55,2,53,50,2,5,96.4,90.9,3.5
Melbourne-Sunshine Coast,Melbourne,Sunshine Coast,Virgin Australia,August,58,58,0,51,52,7,6,87.9,89.7,0
Sunshine Coast-Melbourne,Sunshine Coast,Melbourne,Virgin Australia,August,58,58,0,40,40,18,18,69,69,0
Sydney-Sunshine Coast,Sydney,Sunshine Coast,Qantas,August,59,59,0,41,42,18,17,69.5,71.2,0
Sunshine Coast-Sydney,Sunshine Coast,Sydney,Qantas,August,60,59,1,42,37,17,22,71.2,62.7,1.7
Brisbane-Townsville,Brisbane,Townsville,Jetstar,August,62,62,0,46,46,16,16,74.2,74.2,0
Hobart-Sydney,Hobart,Sydney,Jetstar,August,62,62,0,45,46,17,16,72.6,74.2,0
Sunshine Coast-Sydney,Sunshine Coast,Sydney,Virgin Australia,August,62,62,0,45,34,17,28,72.6,54.8,0
Sydney-Hobart,Sydney,Hobart,Jetstar,August,62,62,0,50,49,12,13,80.6,79,0
Sydney-Sunshine Coast,Sydney,Sunshine Coast,Virgin Australia,August,62,62,0,53,53,9,9,85.5,85.5,0
Townsville-Brisbane,Townsville,Brisbane,Jetstar,August,62,62,0,38,31,24,31,61.3,50,0
Melbourne-Newcastle,Melbourne,Newcastle,Jetstar,August,63,62,1,49,49,13,13,79,79,1.6
Newcastle-Melbourne,Newcastle,Melbourne,Jetstar,August,63,62,1,46,45,16,17,74.2,72.6,1.6
Canberra-Sydney,Canberra,Sydney,Qantas,August,66,60,6,44,46,16,14,73.3,76.7,9.1
Karratha-Perth,Karratha,Perth,Virgin Australia,August,66,65,1,55,49,10,16,84.6,75.4,1.5
Melbourne-Sunshine Coast,Melbourne,Sunshine Coast,Jetstar,August,66,66,0,55,56,11,10,83.3,84.8,0
Sunshine Coast-Melbourne,Sunshine Coast,Melbourne,Jetstar,August,66,66,0,48,50,18,16,72.7,75.8,0
Sydney-Canberra,Sydney,Canberra,Qantas,August,66,59,7,51,50,8,9,86.4,84.7,10.6
Perth-Karratha,Perth,Karratha,Virgin Australia,August,67,66,1,60,51,6,15,90.9,77.3,1.5
Cairns-Melbourne,Cairns,Melbourne,Virgin Australia,August,69,69,0,49,44,20,25,71,63.8,0
Melbourne-Cairns,Melbourne,Cairns,Virgin Australia,August,69,69,0,59,58,10,11,85.5,84.1,0
Brisbane-Cairns,Brisbane,Cairns,Qantas,August,70,70,0,49,52,21,18,70,74.3,0
Cairns-Brisbane,Cairns,Brisbane,Qantas,August,70,70,0,48,51,22,19,68.6,72.9,0
Ballina-Sydney,Ballina,Sydney,Jetstar,August,71,71,0,61,59,10,12,85.9,83.1,0
Sydney-Ballina,Sydney,Ballina,Jetstar,August,71,71,0,66,66,5,5,93,93,0
Cairns-Sydney,Cairns,Sydney,Virgin Australia,August,73,73,0,54,52,19,21,74,71.2,0
Hobart-Sydney,Hobart,Sydney,Virgin Australia,August,73,73,0,62,62,11,11,84.9,84.9,0
Sydney-Cairns,Sydney,Cairns,Virgin Australia,August,73,73,0,65,66,8,7,89,90.4,0
Sydney-Hobart,Sydney,Hobart,Virgin Australia,August,73,73,0,65,63,8,10,89,86.3,0
Kalgoorlie-Perth,Kalgoorlie,Perth,Qantas,August,75,70,5,51,40,19,30,72.9,57.1,6.7
Perth-Kalgoorlie,Perth,Kalgoorlie,Qantas,August,75,71,4,59,53,12,18,83.1,74.6,5.3
Sydney-Hobart,Sydney,Hobart,Qantas,August,75,75,0,51,57,24,18,68,76,0
Hobart-Sydney,Hobart,Sydney,Qantas,August,76,76,0,61,66,15,10,80.3,86.8,0
Launceston-Melbourne,Launceston,Melbourne,Jetstar,August,80,80,0,36,44,44,36,45,55,0
Melbourne-Launceston,Melbourne,Launceston,Jetstar,August,80,80,0,46,47,34,33,57.5,58.8,0
Melbourne-Perth,Melbourne,Perth,Jetstar,August,80,78,2,57,45,21,33,73.1,57.7,2.5
Perth-Melbourne,Perth,Melbourne,Jetstar,August,80,78,2,39,59,39,19,50,75.6,2.5
Brisbane-Newcastle,Brisbane,Newcastle,Virgin Australia,August,83,83,0,43,36,40,47,51.8,43.4,0
Broome-Perth,Broome,Perth,Qantas,August,83,83,0,52,43,31,40,62.7,51.8,0
Perth-Broome,Perth,Broome,Qantas,August,83,83,0,49,55,34,28,59,66.3,0
Albury-Sydney,Albury,Sydney,Rex Airlines,August,84,83,1,69,64,14,19,83.1,77.1,1.2
Brisbane-Newcastle,Brisbane,Newcastle,Qantas,August,84,84,0,60,56,24,28,71.4,66.7,0
Newcastle-Brisbane,Newcastle,Brisbane,Qantas,August,84,84,0,62,59,22,25,73.8,70.2,0
Newcastle-Brisbane,Newcastle,Brisbane,Virgin Australia,August,84,84,0,46,42,38,42,54.8,50,0
Sydney-Albury,Sydney,Albury,Rex Airlines,August,84,83,1,68,67,15,16,81.9,80.7,1.2
Sydney-Sunshine Coast,Sydney,Sunshine Coast,Jetstar,August,85,85,0,70,71,15,14,82.4,83.5,0
Sunshine Coast-Sydney,Sunshine Coast,Sydney,Jetstar,August,86,84,2,68,65,16,19,81,77.4,2.3
Canberra-Adelaide,Canberra,Adelaide,Qantas,August,88,87,1,78,74,9,13,89.7,85.1,1.1
Kalgoorlie-Perth,Kalgoorlie,Perth,Virgin Australia,August,88,87,1,63,61,24,26,72.4,70.1,1.1
Perth-Kalgoorlie,Perth,Kalgoorlie,Virgin Australia,August,88,87,1,73,71,14,16,83.9,81.6,1.1
Adelaide-Canberra,Adelaide,Canberra,Qantas,August,89,88,1,78,81,10,7,88.6,92,1.1
Melbourne-Launceston,Melbourne,Launceston,Virgin Australia,August,90,90,0,61,57,29,33,67.8,63.3,0
Launceston-Melbourne,Launceston,Melbourne,Virgin Australia,August,91,90,1,67,69,23,21,74.4,76.7,1.1
Adelaide-Perth,Adelaide,Perth,Qantas,August,92,92,0,74,63,18,29,80.4,68.5,0
Gold Coast-Sydney,Gold Coast,Sydney,Qantas,August,92,91,1,66,66,25,25,72.5,72.5,1.1
Perth-Adelaide,Perth,Adelaide,Qantas,August,92,92,0,61,69,31,23,66.3,75,0
Brisbane-Cairns,Brisbane,Cairns,Jetstar,August,93,93,0,62,69,31,24,66.7,74.2,0
Coffs Harbour-Sydney,Coffs Harbour,Sydney,Rex Airlines,August,93,92,1,73,65,19,27,79.3,70.7,1.1
Sydney-Coffs Harbour,Sydney,Coffs Harbour,Rex Airlines,August,93,92,1,76,78,16,14,82.6,84.8,1.1
Sydney-Gold Coast,Sydney,Gold Coast,Qantas,August,93,93,0,62,66,31,27,66.7,71,0
Sydney-Wagga Wagga,Sydney,Wagga Wagga,Rex Airlines,August,93,92,1,72,69,20,23,78.3,75,1.1
Wagga Wagga-Sydney,Wagga Wagga,Sydney,Rex Airlines,August,93,92,1,71,66,21,26,77.2,71.7,1.1
Cairns-Brisbane,Cairns,Brisbane,Jetstar,August,94,92,2,72,69,20,23,78.3,75,2.1
Melbourne-Launceston,Melbourne,Launceston,Qantas,August,96,89,7,65,65,24,24,73,73,7.3
Launceston-Melbourne,Launceston,Melbourne,Qantas,August,98,91,7,70,69,21,22,76.9,75.8,7.1
Perth-Newman,Perth,Newman,Qantas,August,100,100,0,79,74,21,26,79,74,0
Newman-Perth,Newman,Perth,Qantas,August,101,101,0,80,63,21,38,79.2,62.4,0
Melbourne-Mildura,Melbourne,Mildura,Rex Airlines,August,105,105,0,91,87,14,18,86.7,82.9,0
Brisbane-Cairns,Brisbane,Cairns,Qantas,August,106,106,0,51,57,55,49,48.1,53.8,0
Cairns-Brisbane,Cairns,Brisbane,Qantas,August,106,106,0,52,51,54,55,49.1,48.1,0
Mildura-Melbourne,Mildura,Melbourne,Rex Airlines,August,106,106,0,85,82,21,24,80.2,77.4,0
Brisbane-Canberra,Brisbane,Canberra,Virgin Australia,August,109,106,3,63,63,43,43,59.4,59.4,2.8
Canberra-Brisbane,Canberra,Brisbane,Virgin Australia,August,109,105,4,70,69,35,36,66.7,65.7,3.7
Brisbane-Mackay,Brisbane,Mackay,Qantas,August,110,110,0,80,87,30,23,72.7,79.1,0
Melbourne-Mildura,Melbourne,Mildura,Qantas,August,110,110,0,89,78,21,32,80.9,70.9,0
Mildura-Melbourne,Mildura,Melbourne,Qantas,August,110,110,0,78,84,32,26,70.9,76.4,0
Albury-Sydney,Albury,Sydney,Qantas,August,111,110,1,74,77,36,33,67.3,70,0.9
Coffs Harbour-Sydney,Coffs Harbour,Sydney,Qantas,August,111,110,1,86,91,24,19,78.2,82.7,0.9
Mackay-Brisbane,Mackay,Brisbane,Qantas,August,111,111,0,86,76,25,35,77.5,68.5,0
Sydney-Albury,Sydney,Albury,Qantas,August,111,109,2,86,79,23,30,78.9,72.5,1.8
Dubbo-Sydney,Dubbo,Sydney,Qantas,August,112,111,1,93,94,18,17,83.8,84.7,0.9
Sydney-Coffs Harbour,Sydney,Coffs Harbour,Qantas,August,112,111,1,83,87,28,24,74.8,78.4,0.9
Sydney-Dubbo,Sydney,Dubbo,Qantas,August,112,112,0,88,92,24,20,78.6,82.1,0
Sydney-Wagga Wagga,Sydney,Wagga Wagga,Qantas,August,112,111,1,91,94,20,17,82,84.7,0.9
Wagga Wagga-Sydney,Wagga Wagga,Sydney,Qantas,August,112,111,1,96,100,15,11,86.5,90.1,0.9
Brisbane-Perth,Brisbane,Perth,Virgin Australia,August,113,113,0,70,77,43,36,61.9,68.1,0
Hobart-Melbourne,Hobart,Melbourne,Qantas,August,114,106,8,66,73,40,33,62.3,68.9,7
Perth-Brisbane,Perth,Brisbane,Virgin Australia,August,114,112,2,69,85,43,27,61.6,75.9,1.8
Sydney-Port Macquarie,Sydney,Port Macquarie,Qantas,August,114,112,2,86,92,26,20,76.8,82.1,1.8
Adelaide-Melbourne,Adelaide,Melbourne,Jetstar,August,115,114,1,77,83,37,31,67.5,72.8,0.9
Hobart-Melbourne,Hobart,Melbourne,Virgin Australia,August,115,114,1,92,93,22,21,80.7,81.6,0.9
Melbourne-Adelaide,Melbourne,Adelaide,Jetstar,August,115,114,1,84,85,30,29,73.7,74.6,0.9
Melbourne-Hobart,Melbourne,Hobart,Qantas,August,115,106,9,64,60,42,46,60.4,56.6,7.8
Melbourne-Hobart,Melbourne,Hobart,Virgin Australia,August,115,115,0,83,78,32,37,72.2,67.8,0
Port Macquarie-Sydney,Port Macquarie,Sydney,Qantas,August,115,113,2,89,87,24,26,78.8,77,1.7
Melbourne-Brisbane,Melbourne,Brisbane,Jetstar,August,117,114,3,65,60,49,54,57,52.6,2.6
Brisbane-Melbourne,Brisbane,Melbourne,Jetstar,August,118,115,3,58,54,57,61,50.4,47,2.5
Devonport-Melbourne,Devonport,Melbourne,Qantas,August,120,114,6,97,97,17,17,85.1,85.1,5
Melbourne-Cairns,Melbourne,Cairns,Jetstar,August,120,119,1,75,77,44,42,63,64.7,0.8
Melbourne-Devonport,Melbourne,Devonport,Qantas,August,120,113,7,99,100,14,13,87.6,88.5,5.8
Cairns-Sydney,Cairns,Sydney,Jetstar,August,121,118,3,90,86,28,32,76.3,72.9,2.5
Sydney-Cairns,Sydney,Cairns,Jetstar,August,121,119,2,88,91,31,28,73.9,76.5,1.7
Cairns-Melbourne,Cairns,Melbourne,Jetstar,August,122,119,3,75,78,44,41,63,65.5,2.5
Adelaide-Sydney,Adelaide,Sydney,Jetstar,August,125,120,5,90,93,30,27,75,77.5,4
Sydney-Adelaide,Sydney,Adelaide,Jetstar,August,125,120,5,95,86,25,34,79.2,71.7,4
Hobart-Melbourne,Hobart,Melbourne,Jetstar,August,126,126,0,74,80,52,46,58.7,63.5,0
Melbourne-Hobart,Melbourne,Hobart,Jetstar,August,126,126,0,84,80,42,46,66.7,63.5,0
Adelaide-Brisbane,Adelaide,Brisbane,Virgin Australia,August,127,125,2,91,99,34,26,72.8,79.2,1.6
Brisbane-Adelaide,Brisbane,Adelaide,Virgin Australia,August,127,124,3,85,91,39,33,68.5,73.4,2.4
Canberra-Melbourne,Canberra,Melbourne,Virgin Australia,August,131,131,0,94,85,37,46,71.8,64.9,0
Dubbo-Sydney,Dubbo,Sydney,Rex Airlines,August,131,125,6,86,87,39,38,68.8,69.6,4.6
Melbourne-Canberra,Melbourne,Canberra,Virgin Australia,August,131,131,0,97,97,34,34,74,74,0
Sydney-Dubbo,Sydney,Dubbo,Rex Airlines,August,134,129,5,85,86,44,43,65.9,66.7,3.7
Brisbane-Emerald,Brisbane,Emerald,Qantas,August,136,130,6,106,104,24,26,81.5,80,4.4
Brisbane-Mackay,Brisbane,Mackay,Virgin Australia,August,136,136,0,88,94,48,42,64.7,69.1,0
Emerald-Brisbane,Emerald,Brisbane,Qantas,August,136,129,7,97,99,32,30,75.2,76.7,5.1
Mackay-Brisbane,Mackay,Brisbane,Virgin Australia,August,136,136,0,93,94,43,42,68.4,69.1,0
Brisbane-Townsville,Brisbane,Townsville,Virgin Australia,August,140,140,0,85,80,55,60,60.7,57.1,0
Townsville-Brisbane,Townsville,Brisbane,Virgin Australia,August,140,140,0,74,73,66,67,52.9,52.1,0
Adelaide-Port Lincoln,Adelaide,Port Lincoln,Qantas,August,141,132,9,117,113,15,19,88.6,85.6,6.4
Brisbane-Gladstone,Brisbane,Gladstone,Qantas,August,141,137,4,104,102,33,35,75.9,74.5,2.8
Port Lincoln-Adelaide,Port Lincoln,Adelaide,Qantas,August,141,130,11,111,115,19,15,85.4,88.5,7.8
Gladstone-Brisbane,Gladstone,Brisbane,Qantas,August,142,137,5,107,103,30,34,78.1,75.2,3.5
Port Hedland-Perth,Port Hedland,Perth,Qantas,August,142,141,1,102,83,39,58,72.3,58.9,0.7
Cairns-Townsville,Cairns,Townsville,Qantas,August,144,143,1,116,119,27,24,81.1,83.2,0.7
Perth-Port Hedland,Perth,Port Hedland,Qantas,August,144,143,1,114,115,29,28,79.7,80.4,0.7
Townsville-Cairns,Townsville,Cairns,Qantas,August,146,143,3,120,118,23,25,83.9,82.5,2.1
Brisbane-Canberra,Brisbane,Canberra,Qantas,August,148,145,3,104,105,41,40,71.7,72.4,2
Canberra-Brisbane,Canberra,Brisbane,Qantas,August,148,145,3,100,97,45,48,69,66.9,2
Karratha-Perth,Karratha,Perth,Qantas,August,151,149,2,101,103,48,46,67.8,69.1,1.3
Perth-Karratha,Perth,Karratha,Qantas,August,152,150,2,104,111,46,39,69.3,74,1.3
Perth-Sydney,Perth,Sydney,Virgin Australia,August,153,153,0,93,131,60,22,60.8,85.6,0
Brisbane-Adelaide,Brisbane,Adelaide,Qantas,August,154,153,1,115,104,38,49,75.2,68,0.6
Brisbane-Perth,Brisbane,Perth,Qantas,August,154,154,0,123,102,31,52,79.9,66.2,0
Adelaide-Brisbane,Adelaide,Brisbane,Qantas,August,155,151,4,108,114,43,37,71.5,75.5,2.6
Brisbane-Cairns,Brisbane,Cairns,Virgin Australia,August,155,155,0,104,109,51,46,67.1,70.3,0
Cairns-Brisbane,Cairns,Brisbane,Virgin Australia,August,155,155,0,96,104,59,51,61.9,67.1,0
Perth-Brisbane,Perth,Brisbane,Qantas,August,156,156,0,114,118,42,38,73.1,75.6,0
Adelaide-Port Lincoln,Adelaide,Port Lincoln,Rex Airlines,August,158,147,11,115,104,32,43,78.2,70.7,7
Port Lincoln-Adelaide,Port Lincoln,Adelaide,Rex Airlines,August,158,147,11,114,112,33,35,77.6,76.2,7
Brisbane-Townsville,Brisbane,Townsville,Qantas,August,160,160,0,110,108,50,52,68.8,67.5,0
Townsville-Brisbane,Townsville,Brisbane,Qantas,August,160,160,0,96,92,64,68,60,57.5,0
Brisbane-Rockhampton,Brisbane,Rockhampton,Virgin Australia,August,162,162,0,86,78,76,84,53.1,48.1,0
Rockhampton-Brisbane,Rockhampton,Brisbane,Virgin Australia,August,163,163,0,83,73,80,90,50.9,44.8,0
Sydney-Perth,Sydney,Perth,Virgin Australia,August,165,164,1,116,87,48,77,70.7,53,0.6
Adelaide-Sydney,Adelaide,Sydney,Virgin Australia,August,168,165,3,117,117,48,48,70.9,70.9,1.8
Sydney-Adelaide,Sydney,Adelaide,Virgin Australia,August,168,165,3,132,109,33,56,80,66.1,1.8
Melbourne-Gold Coast,Melbourne,Gold Coast,Jetstar,August,177,176,1,108,127,68,49,61.4,72.2,0.6
Gold Coast-Melbourne,Gold Coast,Melbourne,Jetstar,August,178,175,3,112,114,63,61,64,65.1,1.7
Brisbane-Sydney,Brisbane,Sydney,Jetstar,August,181,174,7,113,116,61,58,64.9,66.7,3.9
Sydney-Brisbane,Sydney,Brisbane,Jetstar,August,181,174,7,102,107,72,67,58.6,61.5,3.9
Brisbane-Rockhampton,Brisbane,Rockhampton,Qantas,August,193,186,7,136,133,50,53,73.1,71.5,3.6
Rockhampton-Brisbane,Rockhampton,Brisbane,Qantas,August,194,184,10,129,121,55,63,70.1,65.8,5.2
Sydney-Perth,Sydney,Perth,Qantas,August,197,193,4,125,88,68,105,64.8,45.6,2
Perth-Sydney,Perth,Sydney,Qantas,August,198,192,6,98,129,94,63,51,67.2,3
Gold Coast-Melbourne,Gold Coast,Melbourne,Virgin Australia,August,203,203,0,133,132,70,71,65.5,65,0
Melbourne-Gold Coast,Melbourne,Gold Coast,Virgin Australia,August,203,203,0,152,159,51,44,74.9,78.3,0
Melbourne-Perth,Melbourne,Perth,Qantas,August,207,199,8,151,104,48,95,75.9,52.3,3.9
Perth-Melbourne,Perth,Melbourne,Qantas,August,207,197,10,129,157,68,40,65.5,79.7,4.8
Melbourne-Perth,Melbourne,Perth,Virgin Australia,August,208,204,4,134,118,70,86,65.7,57.8,1.9
Canberra-Melbourne,Canberra,Melbourne,Qantas,August,212,196,16,149,150,47,46,76,76.5,7.5
Melbourne-Canberra,Melbourne,Canberra,Qantas,August,213,199,14,155,155,44,44,77.9,77.9,6.6
Perth-Melbourne,Perth,Melbourne,Virgin Australia,August,223,218,5,166,188,52,30,76.1,86.2,2.2
Melbourne-Adelaide,Melbourne,Adelaide,Virgin Australia,August,239,239,0,183,161,56,78,76.6,67.4,0
Adelaide-Melbourne,Adelaide,Melbourne,Virgin Australia,August,240,239,1,176,181,63,58,73.6,75.7,0.4
Gold Coast-Sydney,Gold Coast,Sydney,Jetstar,August,248,244,4,203,203,41,41,83.2,83.2,1.6
Sydney-Gold Coast,Sydney,Gold Coast,Jetstar,August,248,244,4,192,198,52,46,78.7,81.1,1.6
Adelaide-Sydney,Adelaide,Sydney,Qantas,August,256,235,21,164,176,71,59,69.8,74.9,8.2
Canberra-Sydney,Canberra,Sydney,Virgin Australia,August,256,246,10,205,207,41,39,83.3,84.1,3.9
Sydney-Adelaide,Sydney,Adelaide,Qantas,August,256,236,20,169,149,67,87,71.6,63.1,7.8
Sydney-Canberra,Sydney,Canberra,Virgin Australia,August,256,245,11,207,213,38,32,84.5,86.9,4.3
Melbourne-Adelaide,Melbourne,Adelaide,Qantas,August,266,263,3,187,157,76,106,71.1,59.7,1.1
Adelaide-Melbourne,Adelaide,Melbourne,Qantas,August,267,264,3,175,191,89,73,66.3,72.3,1.1
Sydney-Gold Coast,Sydney,Gold Coast,Virgin Australia,August,285,284,1,214,196,70,88,75.4,69,0.4
Gold Coast-Sydney,Gold Coast,Sydney,Virgin Australia,August,286,285,1,208,208,77,77,73,73,0.3
Canberra-Sydney,Canberra,Sydney,Qantas,August,359,334,25,280,286,54,48,83.8,85.6,7
Sydney-Canberra,Sydney,Canberra,Qantas,August,359,337,22,277,280,60,57,82.2,83.1,6.1
Brisbane-Melbourne,Brisbane,Melbourne,Qantas,August,370,364,6,269,246,95,118,73.9,67.6,1.6
Melbourne-Brisbane,Melbourne,Brisbane,Qantas,August,373,367,6,255,250,112,117,69.5,68.1,1.6
Brisbane-Melbourne,Brisbane,Melbourne,Virgin Australia,August,385,381,4,258,226,123,155,67.7,59.3,1
Melbourne-Brisbane,Melbourne,Brisbane,Virgin Australia,August,389,387,2,295,277,92,110,76.2,71.6,0.5
Melbourne-Sydney,Melbourne,Sydney,Jetstar,August,395,376,19,269,290,107,86,71.5,77.1,4.8
Sydney-Melbourne,Sydney,Melbourne,Jetstar,August,396,383,13,294,294,89,89,76.8,76.8,3.3
Sydney-Brisbane,Sydney,Brisbane,Virgin Australia,August,476,466,10,364,346,102,120,78.1,74.2,2.1
Brisbane-Sydney,Brisbane,Sydney,Virgin Australia,August,480,471,9,338,327,133,144,71.8,69.4,1.9
Sydney-Brisbane,Sydney,Brisbane,Qantas,August,547,537,10,370,333,167,204,68.9,62,1.8
Brisbane-Sydney,Brisbane,Sydney,Qantas,August,554,544,10,412,384,132,160,75.7,70.6,1.8
Sydney-Melbourne,Sydney,Melbourne,Virgin Australia,August,745,720,25,575,510,145,210,79.9,70.8,3.4
Melbourne-Sydney,Melbourne,Sydney,Virgin Australia,August,750,726,24,570,542,156,184,78.5,74.7,3.2
Melbourne-Sydney,Melbourne,Sydney,Qantas,August,950,855,95,656,636,199,219,76.7,74.4,10
Sydney-Melbourne,Sydney,Melbourne,Qantas,August,960,862,98,628,590,234,272,72.9,68.4,10.2
Broome-Perth,Broome,Perth,Qantas,September,1,1,0,0,1,1,0,0,100,0
Perth-Broome,Perth,Broome,Qantas,September,1,1,0,1,1,0,0,100,100,0
Brisbane-Canberra,Brisbane,Canberra,Qantas,September,4,4,0,3,3,1,1,75,75,0
Brisbane-Mount Isa,Brisbane,Mount Isa,Qantas,September,4,4,0,4,4,0,0,100,100,0
Canberra-Brisbane,Canberra,Brisbane,Qantas,September,4,4,0,3,4,1,0,75,100,0
Mount Isa-Brisbane,Mount Isa,Brisbane,Qantas,September,4,4,0,4,2,0,2,100,50,0
Darwin-Perth,Darwin,Perth,Qantas,September,6,6,0,3,4,3,2,50,66.7,0
Perth-Darwin,Perth,Darwin,Qantas,September,6,6,0,6,6,0,0,100,100,0
Hobart-Sydney,Hobart,Sydney,Qantas,September,7,7,0,4,4,3,3,57.1,57.1,0
Sydney-Hobart,Sydney,Hobart,Qantas,September,7,6,1,5,4,1,2,83.3,66.7,14.3
Canberra-Melbourne,Canberra,Melbourne,Qantas,September,10,10,0,7,7,3,3,70,70,0
Melbourne-Canberra,Melbourne,Canberra,Qantas,September,10,10,0,6,7,4,3,60,70,0
Newman-Perth,Newman,Perth,Virgin Australia,September,11,11,0,8,8,3,3,72.7,72.7,0
Perth-Newman,Perth,Newman,Virgin Australia,September,11,11,0,9,9,2,2,81.8,81.8,0
Adelaide-Alice Springs,Adelaide,Alice Springs,Virgin Australia,September,13,13,0,9,10,4,3,69.2,76.9,0
Adelaide-Melbourne,Adelaide,Melbourne,Qantas,September,13,13,0,8,9,5,4,61.5,69.2,0
Alice Springs-Adelaide,Alice Springs,Adelaide,Virgin Australia,September,13,13,0,8,8,5,5,61.5,61.5,0
Brisbane-Mount Isa,Brisbane,Mount Isa,Virgin Australia,September,13,13,0,7,7,6,6,53.8,53.8,0
Cairns-Townsville,Cairns,Townsville,Rex Airlines,September,13,12,1,11,10,1,2,91.7,83.3,7.7
Darwin-Brisbane,Darwin,Brisbane,Qantas,September,13,13,0,6,11,7,2,46.2,84.6,0
Melbourne-Adelaide,Melbourne,Adelaide,Qantas,September,13,13,0,11,11,2,2,84.6,84.6,0
Mount Isa-Brisbane,Mount Isa,Brisbane,Virgin Australia,September,13,13,0,7,8,6,5,53.8,61.5,0
Townsville-Cairns,Townsville,Cairns,Rex Airlines,September,13,12,1,11,11,1,1,91.7,91.7,7.7
Brisbane-Darwin,Brisbane,Darwin,Qantas,September,14,14,0,8,10,6,4,57.1,71.4,0
Broome-Perth,Broome,Perth,Virgin Australia,September,14,14,0,1,6,13,8,7.1,42.9,0
Karratha-Perth,Karratha,Perth,Virgin Australia,September,14,14,0,4,7,10,7,28.6,50,0
Perth-Broome,Perth,Broome,Virgin Australia,September,14,14,0,10,11,4,3,71.4,78.6,0
Perth-Karratha,Perth,Karratha,Virgin Australia,September,14,14,0,8,6,6,8,57.1,42.9,0
Cairns-Sydney,Cairns,Sydney,Qantas,September,15,15,0,11,13,4,2,73.3,86.7,0
Sydney-Cairns,Sydney,Cairns,Qantas,September,15,15,0,12,13,3,2,80,86.7,0
Canberra-Adelaide,Canberra,Adelaide,Virgin Australia,September,16,16,0,16,14,0,2,100,87.5,0
Canberra-Gold Coast,Canberra,Gold Coast,Jetstar,September,16,16,0,13,12,3,4,81.3,75,0
Gold Coast-Canberra,Gold Coast,Canberra,Jetstar,September,16,16,0,12,13,4,3,75,81.3,0
Karratha-Perth,Karratha,Perth,Qantas,September,16,16,0,15,15,1,1,93.8,93.8,0
Perth-Karratha,Perth,Karratha,Qantas,September,16,16,0,15,15,1,1,93.8,93.8,0
Newman-Perth,Newman,Perth,Qantas,September,17,17,0,16,16,1,1,94.1,94.1,0
Perth-Newman,Perth,Newman,Qantas,September,17,17,0,15,16,2,1,88.2,94.1,0
Adelaide-Canberra,Adelaide,Canberra,Virgin Australia,September,18,18,0,15,16,3,2,83.3,88.9,0
Brisbane-Hobart,Brisbane,Hobart,Qantas,September,18,17,1,14,13,3,4,82.4,76.5,5.6
Brisbane-Launceston,Brisbane,Launceston,Virgin Australia,September,18,18,0,14,13,4,5,77.8,72.2,0
Brisbane-Proserpine,Brisbane,Proserpine,Qantas,September,18,18,0,13,15,5,3,72.2,83.3,0
Darwin-Perth,Darwin,Perth,Virgin Australia,September,18,18,0,6,9,12,9,33.3,50,0
Hobart-Brisbane,Hobart,Brisbane,Qantas,September,18,17,1,11,10,6,7,64.7,58.8,5.6
Launceston-Brisbane,Launceston,Brisbane,Virgin Australia,September,18,18,0,13,13,5,5,72.2,72.2,0
Perth-Darwin,Perth,Darwin,Virgin Australia,September,18,18,0,8,8,10,10,44.4,44.4,0
Proserpine-Brisbane,Proserpine,Brisbane,Qantas,September,18,18,0,15,16,3,2,83.3,88.9,0
Hamilton Island-Sydney,Hamilton Island,Sydney,Jetstar,September,19,19,0,9,12,10,7,47.4,63.2,0
Kalgoorlie-Perth,Kalgoorlie,Perth,Qantas,September,19,19,0,16,18,3,1,84.2,94.7,0
Perth-Kalgoorlie,Perth,Kalgoorlie,Qantas,September,19,19,0,18,18,1,1,94.7,94.7,0
Sydney-Hamilton Island,Sydney,Hamilton Island,Jetstar,September,19,19,0,18,17,1,2,94.7,89.5,0
Kalgoorlie-Perth,Kalgoorlie,Perth,Virgin Australia,September,24,22,2,13,13,9,9,59.1,59.1,8.3
Perth-Kalgoorlie,Perth,Kalgoorlie,Virgin Australia,September,24,22,2,14,13,8,9,63.6,59.1,8.3
Townsville-Brisbane,Townsville,Brisbane,Qantas,September,25,25,0,20,19,5,6,80,76,0
Brisbane-Emerald,Brisbane,Emerald,Virgin Australia,September,26,25,1,16,16,9,9,64,64,3.8
Brisbane-Hobart,Brisbane,Hobart,Jetstar,September,26,26,0,24,24,2,2,92.3,92.3,0
Brisbane-Launceston,Brisbane,Launceston,Jetstar,September,26,26,0,18,17,8,9,69.2,65.4,0
Brisbane-Townsville,Brisbane,Townsville,Qantas,September,26,26,0,21,21,5,5,80.8,80.8,0
Emerald-Brisbane,Emerald,Brisbane,Virgin Australia,September,26,25,1,18,18,7,7,72,72,3.8
Hobart-Brisbane,Hobart,Brisbane,Jetstar,September,26,26,0,18,23,8,3,69.2,88.5,0
Launceston-Brisbane,Launceston,Brisbane,Jetstar,September,26,26,0,10,6,16,20,38.5,23.1,0
Perth-Port Hedland,Perth,Port Hedland,Virgin Australia,September,26,26,0,19,16,7,10,73.1,61.5,0
Port Hedland-Perth,Port Hedland,Perth,Virgin Australia,September,26,26,0,11,13,15,13,42.3,50,0
Brisbane-Hamilton Island,Brisbane,Hamilton Island,Qantas,September,28,28,0,16,14,12,14,57.1,50,0
Brisbane-Perth,Brisbane,Perth,Jetstar,September,28,28,0,13,21,15,7,46.4,75,0
Hamilton Island-Brisbane,Hamilton Island,Brisbane,Qantas,September,28,28,0,12,10,16,18,42.9,35.7,0
Launceston-Sydney,Launceston,Sydney,Qantas,September,28,26,2,21,20,5,6,80.8,76.9,7.1
Perth-Brisbane,Perth,Brisbane,Jetstar,September,28,28,0,13,12,15,16,46.4,42.9,0
Sydney-Launceston,Sydney,Launceston,Qantas,September,28,26,2,20,19,6,7,76.9,73.1,7.1
Gold Coast-Adelaide,Gold Coast,Adelaide,Jetstar,September,29,29,0,23,24,6,5,79.3,82.8,0
Perth-Port Hedland,Perth,Port Hedland,Virgin Australia,September,29,28,1,23,20,5,8,82.1,71.4,3.4
Port Hedland-Perth,Port Hedland,Perth,Virgin Australia,September,29,28,1,16,16,12,12,57.1,57.1,3.4
Adelaide-Gold Coast,Adelaide,Gold Coast,Jetstar,September,30,30,0,25,22,5,8,83.3,73.3,0
Adelaide-Perth,Adelaide,Perth,Jetstar,September,30,30,0,17,18,13,12,56.7,60,0
Brisbane-Canberra,Brisbane,Canberra,Jetstar,September,30,30,0,28,27,2,3,93.3,90,0
Brisbane-Mackay,Brisbane,Mackay,Jetstar,September,30,30,0,18,18,12,12,60,60,0
Brisbane-Mackay,Brisbane,Mackay,Qantas,September,30,23,7,11,10,12,13,47.8,43.5,23.3
Brisbane-Proserpine,Brisbane,Proserpine,Jetstar,September,30,30,0,23,24,7,6,76.7,80,0
Cairns-Melbourne,Cairns,Melbourne,Qantas,September,30,30,0,12,21,18,9,40,70,0
Canberra-Brisbane,Canberra,Brisbane,Jetstar,September,30,30,0,23,23,7,7,76.7,76.7,0
Canberra-Gold Coast,Canberra,Gold Coast,Virgin Australia,September,30,30,0,22,26,8,4,73.3,86.7,0
Canberra-Melbourne,Canberra,Melbourne,Jetstar,September,30,30,0,24,22,6,8,80,73.3,0
Darwin-Melbourne,Darwin,Melbourne,Jetstar,September,30,30,0,19,22,11,8,63.3,73.3,0
Darwin-Melbourne,Darwin,Melbourne,Qantas,September,30,30,0,17,21,13,9,56.7,70,0
Darwin-Melbourne,Darwin,Melbourne,Virgin Australia,September,30,30,0,17,16,13,14,56.7,53.3,0
Gold Coast-Canberra,Gold Coast,Canberra,Virgin Australia,September,30,30,0,25,27,5,3,83.3,90,0
Hamilton Island-Sydney,Hamilton Island,Sydney,Qantas,September,30,30,0,15,17,15,13,50,56.7,0
Hamilton Island-Sydney,Hamilton Island,Sydney,Virgin Australia,September,30,30,0,17,17,13,13,56.7,56.7,0
Launceston-Sydney,Launceston,Sydney,Virgin Australia,September,30,30,0,20,18,10,12,66.7,60,0
Mackay-Brisbane,Mackay,Brisbane,Jetstar,September,30,30,0,16,17,14,13,53.3,56.7,0
Melbourne-Cairns,Melbourne,Cairns,Qantas,September,30,30,0,25,17,5,13,83.3,56.7,0
Melbourne-Canberra,Melbourne,Canberra,Jetstar,September,30,30,0,22,23,8,7,73.3,76.7,0
Melbourne-Darwin,Melbourne,Darwin,Jetstar,September,30,30,0,21,24,9,6,70,80,0
Melbourne-Darwin,Melbourne,Darwin,Qantas,September,30,30,0,16,22,14,8,53.3,73.3,0
Melbourne-Darwin,Melbourne,Darwin,Virgin Australia,September,30,30,0,16,21,14,9,53.3,70,0
Perth-Adelaide,Perth,Adelaide,Jetstar,September,30,29,1,19,16,10,13,65.5,55.2,3.3
Proserpine-Brisbane,Proserpine,Brisbane,Jetstar,September,30,30,0,22,21,8,9,73.3,70,0
Sydney-Hamilton Island,Sydney,Hamilton Island,Qantas,September,30,30,0,23,18,7,12,76.7,60,0
Sydney-Hamilton Island,Sydney,Hamilton Island,Virgin Australia,September,30,30,0,27,27,3,3,90,90,0
Sydney-Launceston,Sydney,Launceston,Virgin Australia,September,30,30,0,22,24,8,6,73.3,80,0
Brisbane-Darwin,Brisbane,Darwin,Jetstar,September,31,31,0,28,24,3,7,90.3,77.4,0
Darwin-Brisbane,Darwin,Brisbane,Jetstar,September,31,31,0,21,22,10,9,67.7,71,0
Adelaide-Gold Coast,Adelaide,Gold Coast,Virgin Australia,September,32,32,0,26,28,6,4,81.3,87.5,0
Gold Coast-Adelaide,Gold Coast,Adelaide,Virgin Australia,September,32,32,0,23,21,9,11,71.9,65.6,0
Mackay-Brisbane,Mackay,Brisbane,Qantas,September,32,27,5,14,11,13,16,51.9,40.7,15.6
Melbourne-Sunshine Coast,Melbourne,Sunshine Coast,Qantas,September,33,33,0,29,21,4,12,87.9,63.6,0
Sunshine Coast-Melbourne,Sunshine Coast,Melbourne,Qantas,September,33,33,0,15,18,18,15,45.5,54.5,0
Gold Coast-Melbourne,Gold Coast,Melbourne,Qantas,September,34,34,0,20,24,14,10,58.8,70.6,0
Melbourne-Gold Coast,Melbourne,Gold Coast,Qantas,September,34,34,0,27,30,7,4,79.4,88.2,0
Adelaide-Perth,Adelaide,Perth,Virgin Australia,September,35,35,0,10,18,25,17,28.6,51.4,0
Brisbane-Gladstone,Brisbane,Gladstone,Virgin Australia,September,35,35,0,14,18,21,17,40,51.4,0
Gladstone-Brisbane,Gladstone,Brisbane,Virgin Australia,September,35,35,0,20,19,15,16,57.1,54.3,0
Perth-Adelaide,Perth,Adelaide,Virgin Australia,September,35,35,0,22,15,13,20,62.9,42.9,0
Brisbane-Hamilton Island,Brisbane,Hamilton Island,Virgin Australia,September,36,36,0,28,32,8,4,77.8,88.9,0
Brisbane-Proserpine,Brisbane,Proserpine,Virgin Australia,September,36,36,0,24,28,12,8,66.7,77.8,0
Hamilton Island-Brisbane,Hamilton Island,Brisbane,Virgin Australia,September,36,36,0,29,30,7,6,80.6,83.3,0
Proserpine-Brisbane,Proserpine,Brisbane,Virgin Australia,September,36,36,0,24,24,12,12,66.7,66.7,0
Brisbane-Darwin,Brisbane,Darwin,Qantas,September,37,35,2,24,23,11,12,68.6,65.7,5.4
Broome-Perth,Broome,Perth,Virgin Australia,September,37,37,0,16,21,21,16,43.2,56.8,0
Darwin-Brisbane,Darwin,Brisbane,Qantas,September,37,35,2,18,12,17,23,51.4,34.3,5.4
Perth-Broome,Perth,Broome,Virgin Australia,September,37,37,0,21,25,16,12,56.8,67.6,0
Brisbane-Darwin,Brisbane,Darwin,Virgin Australia,September,38,38,0,15,23,23,15,39.5,60.5,0
Adelaide-Brisbane,Adelaide,Brisbane,Jetstar,September,39,39,0,34,33,5,6,87.2,84.6,0
Brisbane-Adelaide,Brisbane,Adelaide,Jetstar,September,39,39,0,30,32,9,7,76.9,82.1,0
Darwin-Brisbane,Darwin,Brisbane,Virgin Australia,September,39,39,0,20,25,19,14,51.3,64.1,0
Devonport-Melbourne,Devonport,Melbourne,Rex Airlines,September,39,37,2,33,30,4,7,89.2,81.1,5.1
Melbourne-Devonport,Melbourne,Devonport,Rex Airlines,September,39,37,2,33,33,4,4,89.2,89.2,5.1
Adelaide-Perth,Adelaide,Perth,Virgin Australia,September,40,39,1,24,26,15,13,61.5,66.7,2.5
Cairns-Sydney,Cairns,Sydney,Qantas,September,40,40,0,23,23,17,17,57.5,57.5,0
Sydney-Cairns,Sydney,Cairns,Qantas,September,40,40,0,28,27,12,13,70,67.5,0
Launceston-Sydney,Launceston,Sydney,Jetstar,September,41,41,0,28,30,13,11,68.3,73.2,0
Perth-Adelaide,Perth,Adelaide,Virgin Australia,September,41,41,0,33,29,8,12,80.5,70.7,0
Sydney-Launceston,Sydney,Launceston,Jetstar,September,41,41,0,31,31,10,10,75.6,75.6,0
Darwin-Perth,Darwin,Perth,Qantas,September,42,42,0,28,23,14,19,66.7,54.8,0
Perth-Darwin,Perth,Darwin,Qantas,September,42,42,0,32,32,10,10,76.2,76.2,0
Brisbane-Hobart,Brisbane,Hobart,Virgin Australia,September,43,43,0,32,29,11,14,74.4,67.4,0
Hobart-Brisbane,Hobart,Brisbane,Virgin Australia,September,43,43,0,25,24,18,19,58.1,55.8,0
Melbourne-Newcastle,Melbourne,Newcastle,Virgin Australia,September,43,43,0,38,38,5,5,88.4,88.4,0
Newcastle-Melbourne,Newcastle,Melbourne,Virgin Australia,September,43,43,0,37,36,6,7,86,83.7,0
Newman-Perth,Newman,Perth,Virgin Australia,September,44,44,0,37,33,7,11,84.1,75,0
Perth-Newman,Perth,Newman,Virgin Australia,September,44,44,0,38,37,6,7,86.4,84.1,0
Brisbane-Mount Isa,Brisbane,Mount Isa,Qantas,September,46,46,0,40,40,6,6,87,87,0
Mount Isa-Brisbane,Mount Isa,Brisbane,Qantas,September,47,47,0,36,38,11,9,76.6,80.9,0
Hobart-Melbourne,Hobart,Melbourne,Qantas,September,48,47,1,40,39,7,8,85.1,83,2.1
Ballina-Sydney,Ballina,Sydney,Virgin Australia,September,49,47,2,28,28,19,19,59.6,59.6,4.1
Melbourne-Hobart,Melbourne,Hobart,Qantas,September,49,49,0,37,38,12,11,75.5,77.6,0
Sydney-Ballina,Sydney,Ballina,Virgin Australia,September,49,47,2,35,31,12,16,74.5,66,4.1
Melbourne-Hobart,Melbourne,Hobart,Qantas,September,50,49,1,32,29,17,20,65.3,59.2,2
Adelaide-Alice Springs,Adelaide,Alice Springs,Qantas,September,51,51,0,43,44,8,7,84.3,86.3,0
Alice Springs-Adelaide,Alice Springs,Adelaide,Qantas,September,51,51,0,43,40,8,11,84.3,78.4,0
Hobart-Melbourne,Hobart,Melbourne,Qantas,September,51,49,2,26,27,23,22,53.1,55.1,3.9
Melbourne-Newcastle,Melbourne,Newcastle,Qantas,September,51,51,0,38,32,13,19,74.5,62.7,0
Newcastle-Melbourne,Newcastle,Melbourne,Qantas,September,51,51,0,47,47,4,4,92.2,92.2,0
Port Macquarie-Sydney,Port Macquarie,Sydney,Rex Airlines,September,51,51,0,36,34,15,17,70.6,66.7,0
Sydney-Port Macquarie,Sydney,Port Macquarie,Rex Airlines,September,51,51,0,40,40,11,11,78.4,78.4,0
Sydney-Ballina,Sydney,Ballina,Qantas,September,54,51,3,45,42,6,9,88.2,82.4,5.6
Ballina-Sydney,Ballina,Sydney,Qantas,September,55,49,6,40,41,9,8,81.6,83.7,10.9
Brisbane-Newcastle,Brisbane,Newcastle,Jetstar,September,55,55,0,48,51,7,4,87.3,92.7,0
Newcastle-Brisbane,Newcastle,Brisbane,Jetstar,September,55,55,0,49,46,6,9,89.1,83.6,0
Perth-Sydney,Perth,Sydney,Jetstar,September,55,55,0,30,33,25,22,54.5,60,0
Sunshine Coast-Sydney,Sunshine Coast,Sydney,Qantas,September,55,55,0,37,40,18,15,67.3,72.7,0
Sydney-Perth,Sydney,Perth,Jetstar,September,55,55,0,39,41,16,14,70.9,74.5,0
Sydney-Sunshine Coast,Sydney,Sunshine Coast,Qantas,September,56,56,0,34,35,22,21,60.7,62.5,0
Brisbane-Townsville,Brisbane,Townsville,Jetstar,September,60,60,0,49,51,11,9,81.7,85,0
Melbourne-Newcastle,Melbourne,Newcastle,Jetstar,September,60,59,1,44,45,15,14,74.6,76.3,1.7
Newcastle-Melbourne,Newcastle,Melbourne,Jetstar,September,60,59,1,41,38,18,21,69.5,64.4,1.7
Townsville-Brisbane,Townsville,Brisbane,Jetstar,September,60,60,0,48,44,12,16,80,73.3,0
Canberra-Sydney,Canberra,Sydney,Qantas,September,63,62,1,54,50,8,12,87.1,80.6,1.6
Kalgoorlie-Perth,Kalgoorlie,Perth,Qantas,September,63,63,0,45,45,18,18,71.4,71.4,0
Perth-Kalgoorlie,Perth,Kalgoorlie,Qantas,September,63,63,0,49,47,14,16,77.8,74.6,0
Sunshine Coast-Sydney,Sunshine Coast,Sydney,Virgin Australia,September,63,63,0,45,31,18,32,71.4,49.2,0
Sydney-Canberra,Sydney,Canberra,Qantas,September,63,62,1,56,52,6,10,90.3,83.9,1.6
Sydney-Sunshine Coast,Sydney,Sunshine Coast,Virgin Australia,September,63,63,0,47,47,16,16,74.6,74.6,0
Karratha-Perth,Karratha,Perth,Virgin Australia,September,67,66,1,53,49,13,17,80.3,74.2,1.5
Perth-Karratha,Perth,Karratha,Virgin Australia,September,67,66,1,52,51,14,15,78.8,77.3,1.5
Melbourne-Sunshine Coast,Melbourne,Sunshine Coast,Virgin Australia,September,68,68,0,53,57,15,11,77.9,83.8,0
Sunshine Coast-Melbourne,Sunshine Coast,Melbourne,Virgin Australia,September,68,68,0,51,52,17,16,75,76.5,0
Brisbane-Cairns,Brisbane,Cairns,Qantas,September,69,69,0,55,54,14,15,79.7,78.3,0
Cairns-Brisbane,Cairns,Brisbane,Qantas,September,69,69,0,50,56,19,13,72.5,81.2,0
Hobart-Sydney,Hobart,Sydney,Jetstar,September,71,70,1,54,59,16,11,77.1,84.3,1.4
Sydney-Ballina,Sydney,Ballina,Jetstar,September,71,71,0,60,59,11,12,84.5,83.1,0
Sydney-Hobart,Sydney,Hobart,Jetstar,September,71,70,1,63,57,7,13,90,81.4,1.4
Ballina-Sydney,Ballina,Sydney,Jetstar,September,73,72,1,48,50,24,22,66.7,69.4,1.4
Hobart-Sydney,Hobart,Sydney,Qantas,September,74,74,0,57,59,17,15,77,79.7,0
Sydney-Hobart,Sydney,Hobart,Qantas,September,75,75,0,59,59,16,16,78.7,78.7,0
Cairns-Sydney,Cairns,Sydney,Virgin Australia,September,77,77,0,62,62,15,15,80.5,80.5,0
Hobart-Sydney,Hobart,Sydney,Virgin Australia,September,77,75,2,57,57,18,18,76,76,2.6
Kalgoorlie-Perth,Kalgoorlie,Perth,Virgin Australia,September,77,75,2,55,52,20,23,73.3,69.3,2.6
Melbourne-Sunshine Coast,Melbourne,Sunshine Coast,Jetstar,September,77,77,0,62,65,15,12,80.5,84.4,0
Perth-Kalgoorlie,Perth,Kalgoorlie,Virgin Australia,September,77,75,2,64,61,11,14,85.3,81.3,2.6
Sunshine Coast-Melbourne,Sunshine Coast,Melbourne,Jetstar,September,77,77,0,57,58,20,19,74,75.3,0
Sydney-Cairns,Sydney,Cairns,Virgin Australia,September,77,77,0,60,65,17,12,77.9,84.4,0
Sydney-Hobart,Sydney,Hobart,Virgin Australia,September,77,76,1,65,63,11,13,85.5,82.9,1.3
Cairns-Melbourne,Cairns,Melbourne,Virgin Australia,September,78,78,0,58,60,20,18,74.4,76.9,0
Melbourne-Cairns,Melbourne,Cairns,Virgin Australia,September,78,78,0,70,61,8,17,89.7,78.2,0
Brisbane-Melbourne,Brisbane,Melbourne,Qantas,September,80,74,6,35,23,39,51,47.3,31.1,7.5
Brisbane-Newcastle,Brisbane,Newcastle,Qantas,September,80,76,4,55,53,21,23,72.4,69.7,5
Melbourne-Perth,Melbourne,Perth,Jetstar,September,80,79,1,51,48,28,31,64.6,60.8,1.3
Perth-Melbourne,Perth,Melbourne,Jetstar,September,80,78,2,34,50,44,28,43.6,64.1,2.5
Albury-Sydney,Albury,Sydney,Rex Airlines,September,81,80,1,74,70,6,10,92.5,87.5,1.2
Melbourne-Brisbane,Melbourne,Brisbane,Qantas,September,81,76,5,43,33,33,43,56.6,43.4,6.2
Newcastle-Brisbane,Newcastle,Brisbane,Qantas,September,81,76,5,62,55,14,21,81.6,72.4,6.2
Newcastle-Brisbane,Newcastle,Brisbane,Virgin Australia,September,81,81,0,55,52,26,29,67.9,64.2,0
Sydney-Albury,Sydney,Albury,Rex Airlines,September,81,80,1,68,68,12,12,85,85,1.2
Brisbane-Newcastle,Brisbane,Newcastle,Virgin Australia,September,82,82,0,46,49,36,33,56.1,59.8,0
Broome-Perth,Broome,Perth,Qantas,September,86,86,0,61,60,25,26,70.9,69.8,0
Launceston-Melbourne,Launceston,Melbourne,Jetstar,September,86,86,0,53,55,33,31,61.6,64,0
Melbourne-Launceston,Melbourne,Launceston,Jetstar,September,86,86,0,55,53,31,33,64,61.6,0
Perth-Broome,Perth,Broome,Qantas,September,86,86,0,66,69,20,17,76.7,80.2,0
Sunshine Coast-Sydney,Sunshine Coast,Sydney,Jetstar,September,86,85,1,64,62,21,23,75.3,72.9,1.2
Sydney-Sunshine Coast,Sydney,Sunshine Coast,Jetstar,September,86,85,1,69,72,16,13,81.2,84.7,1.2
Coffs Harbour-Sydney,Coffs Harbour,Sydney,Rex Airlines,September,89,89,0,72,68,17,21,80.9,76.4,0
Launceston-Melbourne,Launceston,Melbourne,Virgin Australia,September,89,89,0,68,66,21,23,76.4,74.2,0
Sydney-Coffs Harbour,Sydney,Coffs Harbour,Rex Airlines,September,89,89,0,72,74,17,15,80.9,83.1,0
Melbourne-Launceston,Melbourne,Launceston,Virgin Australia,September,90,89,1,66,63,23,26,74.2,70.8,1.1
Sydney-Wagga Wagga,Sydney,Wagga Wagga,Rex Airlines,September,90,90,0,75,77,15,13,83.3,85.6,0
Wagga Wagga-Sydney,Wagga Wagga,Sydney,Rex Airlines,September,90,90,0,77,74,13,16,85.6,82.2,0
Adelaide-Perth,Adelaide,Perth,Qantas,September,91,91,0,71,68,20,23,78,74.7,0
Gold Coast-Sydney,Gold Coast,Sydney,Qantas,September,91,91,0,71,71,20,20,78,78,0
Perth-Adelaide,Perth,Adelaide,Qantas,September,91,91,0,64,59,27,32,70.3,64.8,0
Sydney-Gold Coast,Sydney,Gold Coast,Qantas,September,91,91,0,65,76,26,15,71.4,83.5,0
Adelaide-Canberra,Adelaide,Canberra,Qantas,September,94,94,0,78,79,16,15,83,84,0
Launceston-Melbourne,Launceston,Melbourne,Qantas,September,94,84,10,73,71,11,13,86.9,84.5,10.6
Mackay-Brisbane,Mackay,Brisbane,Qantas,September,94,93,1,70,69,23,24,75.3,74.2,1.1
Brisbane-Mackay,Brisbane,Mackay,Qantas,September,95,94,1,75,81,19,13,79.8,86.2,1.1
Canberra-Adelaide,Canberra,Adelaide,Qantas,September,95,94,1,78,81,16,13,83,86.2,1.1
Melbourne-Launceston,Melbourne,Launceston,Qantas,September,95,87,8,66,66,21,21,75.9,75.9,8.4
Newman-Perth,Newman,Perth,Qantas,September,96,95,1,77,66,18,29,81.1,69.5,1
Perth-Newman,Perth,Newman,Qantas,September,96,95,1,80,76,15,19,84.2,80,1
Brisbane-Cairns,Brisbane,Cairns,Jetstar,September,99,99,0,73,77,26,22,73.7,77.8,0
Brisbane-Cairns,Brisbane,Cairns,Qantas,September,99,97,2,43,42,54,55,44.3,43.3,2
Cairns-Brisbane,Cairns,Brisbane,Jetstar,September,99,99,0,84,82,15,17,84.8,82.8,0
Cairns-Brisbane,Cairns,Brisbane,Qantas,September,99,93,6,49,46,44,47,52.7,49.5,6.1
Mildura-Melbourne,Mildura,Melbourne,Rex Airlines,September,101,101,0,93,90,8,11,92.1,89.1,0
Albury-Sydney,Albury,Sydney,Qantas,September,102,100,2,71,71,29,29,71,71,2
Melbourne-Mildura,Melbourne,Mildura,Rex Airlines,September,102,102,0,93,92,9,10,91.2,90.2,0
Port Macquarie-Sydney,Port Macquarie,Sydney,Qantas,September,102,101,1,78,72,23,29,77.2,71.3,1
Sydney-Albury,Sydney,Albury,Qantas,September,102,101,1,77,73,24,28,76.2,72.3,1
Sydney-Port Macquarie,Sydney,Port Macquarie,Qantas,September,103,102,1,85,88,17,14,83.3,86.3,1
Sydney-Wagga Wagga,Sydney,Wagga Wagga,Qantas,September,104,101,3,81,84,20,17,80.2,83.2,2.9
Wagga Wagga-Sydney,Wagga Wagga,Sydney,Qantas,September,104,101,3,91,92,10,9,90.1,91.1,2.9
Dubbo-Sydney,Dubbo,Sydney,Qantas,September,106,103,3,88,85,15,18,85.4,82.5,2.8
Sydney-Dubbo,Sydney,Dubbo,Qantas,September,106,103,3,82,85,21,18,79.6,82.5,2.8
Melbourne-Mildura,Melbourne,Mildura,Qantas,September,107,106,1,79,72,27,34,74.5,67.9,0.9
Mildura-Melbourne,Mildura,Melbourne,Qantas,September,107,105,2,71,76,34,29,67.6,72.4,1.9
Coffs Harbour-Sydney,Coffs Harbour,Sydney,Qantas,September,108,105,3,79,78,26,27,75.2,74.3,2.8
Sydney-Coffs Harbour,Sydney,Coffs Harbour,Qantas,September,108,105,3,75,79,30,26,71.4,75.2,2.8
Brisbane-Canberra,Brisbane,Canberra,Virgin Australia,September,110,108,2,79,83,29,25,73.1,76.9,1.8
Canberra-Brisbane,Canberra,Brisbane,Virgin Australia,September,112,110,2,91,90,19,20,82.7,81.8,1.8
Adelaide-Melbourne,Adelaide,Melbourne,Jetstar,September,114,113,1,76,81,37,32,67.3,71.7,0.9
Hobart-Melbourne,Hobart,Melbourne,Virgin Australia,September,114,114,0,88,92,26,22,77.2,80.7,0
Melbourne-Adelaide,Melbourne,Adelaide,Jetstar,September,114,113,1,84,82,29,31,74.3,72.6,0.9
Melbourne-Hobart,Melbourne,Hobart,Virgin Australia,September,114,114,0,80,76,34,38,70.2,66.7,0
Devonport-Melbourne,Devonport,Melbourne,Qantas,September,116,113,3,93,89,20,24,82.3,78.8,2.6
Melbourne-Devonport,Melbourne,Devonport,Qantas,September,116,114,2,94,95,20,19,82.5,83.3,1.7
Sydney-Cairns,Sydney,Cairns,Jetstar,September,118,118,0,93,94,25,24,78.8,79.7,0
Cairns-Melbourne,Cairns,Melbourne,Jetstar,September,119,119,0,76,92,43,27,63.9,77.3,0
Cairns-Sydney,Cairns,Sydney,Jetstar,September,119,119,0,86,96,33,23,72.3,80.7,0
Canberra-Melbourne,Canberra,Melbourne,Virgin Australia,September,120,120,0,94,95,26,25,78.3,79.2,0
Melbourne-Cairns,Melbourne,Cairns,Jetstar,September,120,120,0,84,83,36,37,70,69.2,0
Melbourne-Canberra,Melbourne,Canberra,Virgin Australia,September,120,120,0,94,95,26,25,78.3,79.2,0
Perth-Brisbane,Perth,Brisbane,Virgin Australia,September,121,120,1,72,85,48,35,60,70.8,0.8
Brisbane-Perth,Brisbane,Perth,Virgin Australia,September,125,125,0,69,105,56,20,55.2,84,0
Dubbo-Sydney,Dubbo,Sydney,Rex Airlines,September,125,124,1,100,90,24,34,80.6,72.6,0.8
Adelaide-Brisbane,Adelaide,Brisbane,Virgin Australia,September,127,122,5,86,86,36,36,70.5,70.5,3.9
Adelaide-Sydney,Adelaide,Sydney,Jetstar,September,127,119,8,86,90,33,29,72.3,75.6,6.3
Sydney-Adelaide,Sydney,Adelaide,Jetstar,September,127,119,8,88,88,31,31,73.9,73.9,6.3
Sydney-Dubbo,Sydney,Dubbo,Rex Airlines,September,128,128,0,87,88,41,40,68,68.8,0
Brisbane-Adelaide,Brisbane,Adelaide,Virgin Australia,September,129,124,5,85,102,39,22,68.5,82.3,3.9
Brisbane-Emerald,Brisbane,Emerald,Qantas,September,130,119,11,99,96,20,23,83.2,80.7,8.5
Karratha-Perth,Karratha,Perth,Qantas,September,130,129,1,98,95,31,34,76,73.6,0.8
Brisbane-Townsville,Brisbane,Townsville,Virgin Australia,September,132,132,0,80,89,52,43,60.6,67.4,0
Emerald-Brisbane,Emerald,Brisbane,Qantas,September,132,119,13,97,97,22,22,81.5,81.5,9.8
Perth-Karratha,Perth,Karratha,Qantas,September,132,131,1,116,115,15,16,88.5,87.8,0.8
Townsville-Brisbane,Townsville,Brisbane,Virgin Australia,September,132,131,1,87,90,44,41,66.4,68.7,0.8
Brisbane-Gladstone,Brisbane,Gladstone,Qantas,September,133,126,7,96,90,30,36,76.2,71.4,5.3
Gladstone-Brisbane,Gladstone,Brisbane,Qantas,September,133,125,8,100,94,25,31,80,75.2,6
Brisbane-Mackay,Brisbane,Mackay,Virgin Australia,September,134,134,0,81,85,53,49,60.4,63.4,0
Mackay-Brisbane,Mackay,Brisbane,Virgin Australia,September,134,134,0,91,101,43,33,67.9,75.4,0
Perth-Port Hedland,Perth,Port Hedland,Qantas,September,135,135,0,119,120,16,15,88.1,88.9,0
Port Hedland-Perth,Port Hedland,Perth,Qantas,September,135,135,0,103,89,32,46,76.3,65.9,0
Adelaide-Port Lincoln,Adelaide,Port Lincoln,Qantas,September,137,134,3,123,125,11,9,91.8,93.3,2.2
Port Lincoln-Adelaide,Port Lincoln,Adelaide,Qantas,September,137,133,4,123,121,10,12,92.5,91,2.9
Cairns-Townsville,Cairns,Townsville,Qantas,September,140,138,2,119,120,19,18,86.2,87,1.4
Townsville-Cairns,Townsville,Cairns,Qantas,September,140,139,1,122,126,17,13,87.8,90.6,0.7
Canberra-Brisbane,Canberra,Brisbane,Qantas,September,143,135,8,93,88,42,47,68.9,65.2,5.6
Brisbane-Canberra,Brisbane,Canberra,Qantas,September,144,136,8,95,95,41,41,69.9,69.9,5.6
Adelaide-Brisbane,Adelaide,Brisbane,Qantas,September,145,142,3,116,111,26,31,81.7,78.2,2.1
Brisbane-Adelaide,Brisbane,Adelaide,Qantas,September,145,143,2,92,102,51,41,64.3,71.3,1.4
Hobart-Melbourne,Hobart,Melbourne,Jetstar,September,145,145,0,84,89,61,56,57.9,61.4,0
Melbourne-Hobart,Melbourne,Hobart,Jetstar,September,145,145,0,99,96,46,49,68.3,66.2,0
Perth-Brisbane,Perth,Brisbane,Qantas,September,149,148,1,118,99,30,49,79.7,66.9,0.7
Brisbane-Perth,Brisbane,Perth,Qantas,September,150,149,1,113,121,36,28,75.8,81.2,0.7
Brisbane-Townsville,Brisbane,Townsville,Qantas,September,151,146,5,78,84,68,62,53.4,57.5,3.3
Townsville-Brisbane,Townsville,Brisbane,Qantas,September,151,145,6,85,76,60,69,58.6,52.4,4
Adelaide-Port Lincoln,Adelaide,Port Lincoln,Rex Airlines,September,152,148,4,126,123,22,25,85.1,83.1,2.6
Port Lincoln-Adelaide,Port Lincoln,Adelaide,Rex Airlines,September,152,148,4,127,124,21,24,85.8,83.8,2.6
Brisbane-Cairns,Brisbane,Cairns,Virgin Australia,September,153,153,0,109,111,44,42,71.2,72.5,0
Cairns-Brisbane,Cairns,Brisbane,Virgin Australia,September,153,153,0,102,111,51,42,66.7,72.5,0
Perth-Sydney,Perth,Sydney,Virgin Australia,September,153,153,0,93,132,60,21,60.8,86.3,0
Rockhampton-Brisbane,Rockhampton,Brisbane,Virgin Australia,September,158,154,4,87,76,67,78,56.5,49.4,2.5
Brisbane-Rockhampton,Brisbane,Rockhampton,Virgin Australia,September,159,155,4,89,83,66,72,57.4,53.5,2.5
Melbourne-Brisbane,Melbourne,Brisbane,Jetstar,September,162,161,1,92,86,69,75,57.1,53.4,0.6
Brisbane-Melbourne,Brisbane,Melbourne,Jetstar,September,163,161,2,94,102,67,59,58.4,63.4,1.2
Sydney-Perth,Sydney,Perth,Virgin Australia,September,167,167,0,117,122,50,45,70.1,73.1,0
Adelaide-Sydney,Adelaide,Sydney,Virgin Australia,September,178,177,1,134,139,43,38,75.7,78.5,0.6
Sydney-Adelaide,Sydney,Adelaide,Virgin Australia,September,178,177,1,143,127,34,50,80.8,71.8,0.6
Brisbane-Rockhampton,Brisbane,Rockhampton,Qantas,September,180,175,5,108,116,67,59,61.7,66.3,2.8
Rockhampton-Brisbane,Rockhampton,Brisbane,Qantas,September,184,174,10,131,125,43,49,75.3,71.8,5.4
Brisbane-Sydney,Brisbane,Sydney,Jetstar,September,194,188,6,143,139,45,49,76.1,73.9,3.1
Sydney-Brisbane,Sydney,Brisbane,Jetstar,September,194,189,5,132,131,57,58,69.8,69.3,2.6
Perth-Sydney,Perth,Sydney,Qantas,September,195,194,1,122,140,72,54,62.9,72.2,0.5
Sydney-Perth,Sydney,Perth,Qantas,September,195,194,1,137,132,57,62,70.6,68,0.5
Melbourne-Canberra,Melbourne,Canberra,Qantas,September,198,185,13,140,137,45,48,75.7,74.1,6.6
Canberra-Melbourne,Canberra,Melbourne,Qantas,September,199,188,11,136,132,52,56,72.3,70.2,5.5
Melbourne-Perth,Melbourne,Perth,Qantas,September,203,201,2,141,136,60,65,70.1,67.7,1
Perth-Melbourne,Perth,Melbourne,Qantas,September,204,201,3,136,148,65,53,67.7,73.6,1.5
Melbourne-Perth,Melbourne,Perth,Virgin Australia,September,214,211,3,160,153,51,58,75.8,72.5,1.4
Gold Coast-Melbourne,Gold Coast,Melbourne,Jetstar,September,218,217,1,149,151,68,66,68.7,69.6,0.5
Melbourne-Gold Coast,Melbourne,Gold Coast,Jetstar,September,218,217,1,145,153,72,64,66.8,70.5,0.5
Perth-Melbourne,Perth,Melbourne,Virgin Australia,September,225,222,3,162,175,60,47,73,78.8,1.3
Gold Coast-Melbourne,Gold Coast,Melbourne,Virgin Australia,September,230,229,1,140,149,89,80,61.1,65.1,0.4
Melbourne-Gold Coast,Melbourne,Gold Coast,Virgin Australia,September,230,230,0,165,168,65,62,71.7,73,0
Adelaide-Sydney,Adelaide,Sydney,Qantas,September,243,235,8,189,190,46,45,80.4,80.9,3.3
Sydney-Adelaide,Sydney,Adelaide,Qantas,September,244,237,7,193,194,44,43,81.4,81.9,2.9
Sydney-Canberra,Sydney,Canberra,Virgin Australia,September,245,232,13,202,208,30,24,87.1,89.7,5.3
Canberra-Sydney,Canberra,Sydney,Virgin Australia,September,246,233,13,205,205,28,28,88,88,5.3
Melbourne-Adelaide,Melbourne,Adelaide,Virgin Australia,September,255,253,2,180,163,73,90,71.1,64.4,0.8
Adelaide-Melbourne,Adelaide,Melbourne,Virgin Australia,September,257,254,3,182,185,72,69,71.7,72.8,1.2
Gold Coast-Sydney,Gold Coast,Sydney,Jetstar,September,258,255,3,213,215,42,40,83.5,84.3,1.2
Sydney-Gold Coast,Sydney,Gold Coast,Jetstar,September,258,256,2,204,205,52,51,79.7,80.1,0.8
Adelaide-Melbourne,Adelaide,Melbourne,Qantas,September,259,253,6,184,196,69,57,72.7,77.5,2.3
Melbourne-Adelaide,Melbourne,Adelaide,Qantas,September,260,255,5,188,176,67,79,73.7,69,1.9
Gold Coast-Sydney,Gold Coast,Sydney,Virgin Australia,September,297,297,0,223,227,74,70,75.1,76.4,0
Sydney-Gold Coast,Sydney,Gold Coast,Virgin Australia,September,297,297,0,225,212,72,85,75.8,71.4,0
Melbourne-Brisbane,Melbourne,Brisbane,Qantas,September,329,326,3,221,225,105,101,67.8,69,0.9
Brisbane-Melbourne,Brisbane,Melbourne,Qantas,September,330,325,5,245,234,80,91,75.4,72,1.5
Canberra-Sydney,Canberra,Sydney,Qantas,September,338,307,31,242,247,65,60,78.8,80.5,9.2
Sydney-Canberra,Sydney,Canberra,Qantas,September,338,313,25,241,237,72,76,77,75.7,7.4
Brisbane-Melbourne,Brisbane,Melbourne,Virgin Australia,September,426,424,2,299,271,125,153,70.5,63.9,0.5
Melbourne-Brisbane,Melbourne,Brisbane,Virgin Australia,September,431,430,1,322,303,108,127,74.9,70.5,0.2
Melbourne-Sydney,Melbourne,Sydney,Jetstar,September,435,420,15,293,316,127,104,69.8,75.2,3.4
Sydney-Melbourne,Sydney,Melbourne,Jetstar,September,438,421,17,329,324,92,97,78.1,77,3.9
Sydney-Brisbane,Sydney,Brisbane,Virgin Australia,September,468,456,12,371,358,85,98,81.4,78.5,2.6
Brisbane-Sydney,Brisbane,Sydney,Virgin Australia,September,471,460,11,359,357,101,103,78,77.6,2.3
Brisbane-Sydney,Brisbane,Sydney,Qantas,September,542,534,8,417,400,117,134,78.1,74.9,1.5
Sydney-Brisbane,Sydney,Brisbane,Qantas,September,544,535,9,396,378,139,157,74,70.7,1.7
Sydney-Melbourne,Sydney,Melbourne,Virgin Australia,September,769,739,30,584,532,155,207,79,72,3.9
Melbourne-Sydney,Melbourne,Sydney,Virgin Australia,September,780,750,30,606,562,144,188,80.8,74.9,3.8
Melbourne-Sydney,Melbourne,Sydney,Qantas,September,928,864,64,691,654,173,210,80,75.7,6.9
Sydney-Melbourne,Sydney,Melbourne,Qantas,September,932,877,55,695,631,182,246,79.2,71.9,5.9
Canberra-Brisbane,Canberra,Brisbane,Qantas,October,4,4,0,4,4,0,0,100,100,0
Adelaide-Gold Coast,Adelaide,Gold Coast,Qantas,October,5,5,0,4,4,1,1,80,80,0
Brisbane-Canberra,Brisbane,Canberra,Qantas,October,5,5,0,5,4,0,1,100,80,0
Gold Coast-Adelaide,Gold Coast,Adelaide,Qantas,October,5,5,0,3,3,2,2,60,60,0
Hobart-Sydney,Hobart,Sydney,Qantas,October,5,5,0,4,5,1,0,80,100,0
Sydney-Hobart,Sydney,Hobart,Qantas,October,5,5,0,4,4,1,1,80,80,0
Cairns-Sydney,Cairns,Sydney,Qantas,October,8,8,0,6,6,2,2,75,75,0
Sydney-Cairns,Sydney,Cairns,Qantas,October,8,8,0,6,5,2,3,75,62.5,0
Karratha-Perth,Karratha,Perth,Qantas,October,12,12,0,11,11,1,1,91.7,91.7,0
Newman-Perth,Newman,Perth,Virgin Australia,October,12,11,1,6,8,5,3,54.5,72.7,8.3
Perth-Karratha,Perth,Karratha,Qantas,October,12,12,0,12,12,0,0,100,100,0
Perth-Newman,Perth,Newman,Virgin Australia,October,12,11,1,10,11,1,0,90.9,100,8.3
Adelaide-Alice Springs,Adelaide,Alice Springs,Virgin Australia,October,13,13,0,11,12,2,1,84.6,92.3,0
Adelaide-Melbourne,Adelaide,Melbourne,Qantas,October,13,12,1,9,10,3,2,75,83.3,7.7
Alice Springs-Adelaide,Alice Springs,Adelaide,Virgin Australia,October,13,13,0,7,7,6,6,53.8,53.8,0
Brisbane-Mount Isa,Brisbane,Mount Isa,Virgin Australia,October,13,13,0,9,10,4,3,69.2,76.9,0
Broome-Perth,Broome,Perth,Virgin Australia,October,13,13,0,6,11,7,2,46.2,84.6,0
Melbourne-Adelaide,Melbourne,Adelaide,Qantas,October,13,13,0,12,13,1,0,92.3,100,0
Mount Isa-Brisbane,Mount Isa,Brisbane,Virgin Australia,October,13,13,0,12,10,1,3,92.3,76.9,0
Perth-Broome,Perth,Broome,Virgin Australia,October,13,13,0,11,13,2,0,84.6,100,0
Cairns-Townsville,Cairns,Townsville,Rex Airlines,October,14,14,0,9,9,5,5,64.3,64.3,0
Newman-Perth,Newman,Perth,Qantas,October,14,14,0,14,14,0,0,100,100,0
Perth-Newman,Perth,Newman,Qantas,October,14,14,0,14,14,0,0,100,100,0
Townsville-Cairns,Townsville,Cairns,Rex Airlines,October,15,15,0,11,9,4,6,73.3,60,0
Brisbane-Hobart,Brisbane,Hobart,Qantas,October,16,15,1,11,12,4,3,73.3,80,6.3
Brisbane-Launceston,Brisbane,Launceston,Virgin Australia,October,16,16,0,10,11,6,5,62.5,68.8,0
Canberra-Gold Coast,Canberra,Gold Coast,Jetstar,October,16,16,0,13,12,3,4,81.3,75,0
Gold Coast-Canberra,Gold Coast,Canberra,Jetstar,October,16,16,0,13,15,3,1,81.3,93.8,0
Hobart-Brisbane,Hobart,Brisbane,Qantas,October,16,15,1,10,11,5,4,66.7,73.3,6.3
Karratha-Perth,Karratha,Perth,Virgin Australia,October,16,16,0,7,11,9,5,43.8,68.8,0
Launceston-Brisbane,Launceston,Brisbane,Virgin Australia,October,16,16,0,11,10,5,6,68.8,62.5,0
Perth-Karratha,Perth,Karratha,Virgin Australia,October,16,16,0,9,9,7,7,56.3,56.3,0
Perth-Port Hedland,Perth,Port Hedland,Virgin Australia,October,16,16,0,9,7,7,9,56.3,43.8,0
Port Hedland-Perth,Port Hedland,Perth,Virgin Australia,October,16,16,0,4,5,12,11,25,31.3,0
Adelaide-Canberra,Adelaide,Canberra,Virgin Australia,October,17,17,0,10,11,7,6,58.8,64.7,0
Brisbane-Proserpine,Brisbane,Proserpine,Qantas,October,17,17,0,11,14,6,3,64.7,82.4,0
Canberra-Adelaide,Canberra,Adelaide,Virgin Australia,October,17,17,0,11,13,6,4,64.7,76.5,0
Darwin-Perth,Darwin,Perth,Qantas,October,17,17,0,9,13,8,4,52.9,76.5,0
Darwin-Perth,Darwin,Perth,Virgin Australia,October,17,17,0,9,11,8,6,52.9,64.7,0
Perth-Darwin,Perth,Darwin,Qantas,October,17,17,0,11,10,6,7,64.7,58.8,0
Perth-Darwin,Perth,Darwin,Virgin Australia,October,17,17,0,10,9,7,8,58.8,52.9,0
Proserpine-Brisbane,Proserpine,Brisbane,Qantas,October,17,17,0,13,14,4,3,76.5,82.4,0
Kalgoorlie-Perth,Kalgoorlie,Perth,Virgin Australia,October,18,18,0,8,10,10,8,44.4,55.6,0
Perth-Kalgoorlie,Perth,Kalgoorlie,Virgin Australia,October,18,18,0,13,11,5,7,72.2,61.1,0
Brisbane-Darwin,Brisbane,Darwin,Qantas,October,19,18,1,15,15,3,3,83.3,83.3,5.3
Canberra-Melbourne,Canberra,Melbourne,Qantas,October,19,19,0,13,14,6,5,68.4,73.7,0
Hamilton Island-Sydney,Hamilton Island,Sydney,Jetstar,October,19,19,0,12,13,7,6,63.2,68.4,0
Melbourne-Canberra,Melbourne,Canberra,Qantas,October,19,19,0,14,13,5,6,73.7,68.4,0
Sydney-Hamilton Island,Sydney,Hamilton Island,Jetstar,October,19,19,0,18,18,1,1,94.7,94.7,0
Brisbane-Mount Isa,Brisbane,Mount Isa,Qantas,October,20,20,0,16,12,4,8,80,60,0
Darwin-Brisbane,Darwin,Brisbane,Qantas,October,20,19,1,17,17,2,2,89.5,89.5,5
Mount Isa-Brisbane,Mount Isa,Brisbane,Qantas,October,20,20,0,13,9,7,11,65,45,0
Brisbane-Townsville,Brisbane,Townsville,Qantas,October,21,21,0,20,21,1,0,95.2,100,0
Kalgoorlie-Perth,Kalgoorlie,Perth,Qantas,October,21,21,0,16,15,5,6,76.2,71.4,0
Perth-Kalgoorlie,Perth,Kalgoorlie,Qantas,October,21,21,0,21,20,0,1,100,95.2,0
Townsville-Brisbane,Townsville,Brisbane,Qantas,October,21,21,0,19,20,2,1,90.5,95.2,0
Darwin-Perth,Darwin,Perth,Qantas,October,22,22,0,15,16,7,6,68.2,72.7,0
Perth-Darwin,Perth,Darwin,Qantas,October,22,22,0,18,17,4,5,81.8,77.3,0
Launceston-Sydney,Launceston,Sydney,Qantas,October,23,23,0,18,20,5,3,78.3,87,0
Sydney-Launceston,Sydney,Launceston,Qantas,October,23,23,0,20,18,3,5,87,78.3,0
Launceston-Brisbane,Launceston,Brisbane,Jetstar,October,24,24,0,11,11,13,13,45.8,45.8,0
Brisbane-Hobart,Brisbane,Hobart,Jetstar,October,25,25,0,23,22,2,3,92,88,0
Brisbane-Launceston,Brisbane,Launceston,Jetstar,October,25,25,0,22,21,3,4,88,84,0
Hobart-Brisbane,Hobart,Brisbane,Jetstar,October,25,25,0,20,21,5,4,80,84,0
Brisbane-Darwin,Brisbane,Darwin,Qantas,October,26,26,0,23,19,3,7,88.5,73.1,0
Brisbane-Perth,Brisbane,Perth,Jetstar,October,26,25,1,9,16,16,9,36,64,3.8
Darwin-Brisbane,Darwin,Brisbane,Qantas,October,26,26,0,19,15,7,11,73.1,57.7,0
Brisbane-Emerald,Brisbane,Emerald,Virgin Australia,October,27,27,0,20,20,7,7,74.1,74.1,0
Brisbane-Hamilton Island,Brisbane,Hamilton Island,Qantas,October,27,27,0,20,20,7,7,74.1,74.1,0
Emerald-Brisbane,Emerald,Brisbane,Virgin Australia,October,27,27,0,22,23,5,4,81.5,85.2,0
Hamilton Island-Brisbane,Hamilton Island,Brisbane,Qantas,October,27,27,0,17,15,10,12,63,55.6,0
Perth-Brisbane,Perth,Brisbane,Jetstar,October,27,25,2,11,11,14,14,44,44,7.4
Brisbane-Darwin,Brisbane,Darwin,Jetstar,October,29,28,1,24,26,4,2,85.7,92.9,3.4
Darwin-Melbourne,Darwin,Melbourne,Jetstar,October,29,28,1,18,15,10,13,64.3,53.6,3.4
Hamilton Island-Sydney,Hamilton Island,Sydney,Virgin Australia,October,29,29,0,14,8,15,21,48.3,27.6,0
Melbourne-Darwin,Melbourne,Darwin,Jetstar,October,29,29,0,19,22,10,7,65.5,75.9,0
Sydney-Hamilton Island,Sydney,Hamilton Island,Virgin Australia,October,29,29,0,18,22,11,7,62.1,75.9,0
Adelaide-Perth,Adelaide,Perth,Virgin Australia,October,30,30,0,10,13,20,17,33.3,43.3,0
Canberra-Melbourne,Canberra,Melbourne,Jetstar,October,30,30,0,20,19,10,11,66.7,63.3,0
Darwin-Brisbane,Darwin,Brisbane,Jetstar,October,30,29,1,23,23,6,6,79.3,79.3,3.3
Hamilton Island-Sydney,Hamilton Island,Sydney,Qantas,October,30,30,0,14,15,16,15,46.7,50,0
Perth-Adelaide,Perth,Adelaide,Virgin Australia,October,30,30,0,18,18,12,12,60,60,0
Sydney-Hamilton Island,Sydney,Hamilton Island,Qantas,October,30,30,0,20,24,10,6,66.7,80,0
Adelaide-Perth,Adelaide,Perth,Jetstar,October,31,31,0,18,20,13,11,58.1,64.5,0
Brisbane-Darwin,Brisbane,Darwin,Virgin Australia,October,31,31,0,22,19,9,12,71,61.3,0
Brisbane-Mackay,Brisbane,Mackay,Jetstar,October,31,31,0,18,21,13,10,58.1,67.7,0
Brisbane-Proserpine,Brisbane,Proserpine,Jetstar,October,31,31,0,25,26,6,5,80.6,83.9,0
Canberra-Brisbane,Canberra,Brisbane,Jetstar,October,31,31,0,26,25,5,6,83.9,80.6,0
Canberra-Gold Coast,Canberra,Gold Coast,Virgin Australia,October,31,31,0,26,26,5,5,83.9,83.9,0
Darwin-Melbourne,Darwin,Melbourne,Qantas,October,31,31,0,21,26,10,5,67.7,83.9,0
Darwin-Melbourne,Darwin,Melbourne,Virgin Australia,October,31,31,0,19,16,12,15,61.3,51.6,0
Gold Coast-Adelaide,Gold Coast,Adelaide,Jetstar,October,31,31,0,26,27,5,4,83.9,87.1,0
Gold Coast-Canberra,Gold Coast,Canberra,Virgin Australia,October,31,31,0,23,24,8,7,74.2,77.4,0
Launceston-Sydney,Launceston,Sydney,Virgin Australia,October,31,31,0,20,18,11,13,64.5,58.1,0
Mackay-Brisbane,Mackay,Brisbane,Jetstar,October,31,31,0,19,18,12,13,61.3,58.1,0
Melbourne-Canberra,Melbourne,Canberra,Jetstar,October,31,31,0,25,24,6,7,80.6,77.4,0
Melbourne-Darwin,Melbourne,Darwin,Qantas,October,31,31,0,21,24,10,7,67.7,77.4,0
Melbourne-Darwin,Melbourne,Darwin,Virgin Australia,October,31,31,0,19,24,12,7,61.3,77.4,0
Perth-Adelaide,Perth,Adelaide,Jetstar,October,31,31,0,19,20,12,11,61.3,64.5,0
Proserpine-Brisbane,Proserpine,Brisbane,Jetstar,October,31,31,0,24,24,7,7,77.4,77.4,0
Sydney-Launceston,Sydney,Launceston,Virgin Australia,October,31,31,0,22,23,9,8,71,74.2,0
Adelaide-Gold Coast,Adelaide,Gold Coast,Jetstar,October,32,32,0,29,29,3,3,90.6,90.6,0
Adelaide-Gold Coast,Adelaide,Gold Coast,Virgin Australia,October,32,32,0,25,26,7,6,78.1,81.3,0
Brisbane-Canberra,Brisbane,Canberra,Jetstar,October,32,32,0,27,31,5,1,84.4,96.9,0
Cairns-Melbourne,Cairns,Melbourne,Qantas,October,32,32,0,16,22,16,10,50,68.8,0
Gold Coast-Adelaide,Gold Coast,Adelaide,Virgin Australia,October,32,32,0,19,24,13,8,59.4,75,0
Melbourne-Cairns,Melbourne,Cairns,Qantas,October,32,32,0,23,24,9,8,71.9,75,0
Melbourne-Sunshine Coast,Melbourne,Sunshine Coast,Qantas,October,32,32,0,24,21,8,11,75,65.6,0
Sunshine Coast-Melbourne,Sunshine Coast,Melbourne,Qantas,October,32,32,0,12,17,20,15,37.5,53.1,0
Darwin-Brisbane,Darwin,Brisbane,Virgin Australia,October,33,33,0,19,18,14,15,57.6,54.5,0
Brisbane-Gladstone,Brisbane,Gladstone,Virgin Australia,October,36,35,1,25,28,10,7,71.4,80,2.8
Gladstone-Brisbane,Gladstone,Brisbane,Virgin Australia,October,36,35,1,27,26,8,9,77.1,74.3,2.8
Gold Coast-Melbourne,Gold Coast,Melbourne,Qantas,October,36,36,0,19,18,17,18,52.8,50,0
Melbourne-Gold Coast,Melbourne,Gold Coast,Qantas,October,36,36,0,26,25,10,11,72.2,69.4,0
Brisbane-Hamilton Island,Brisbane,Hamilton Island,Virgin Australia,October,37,37,0,26,29,11,8,70.3,78.4,0
Hamilton Island-Brisbane,Hamilton Island,Brisbane,Virgin Australia,October,37,37,0,23,25,14,12,62.2,67.6,0
Adelaide-Brisbane,Adelaide,Brisbane,Jetstar,October,38,38,0,34,33,4,5,89.5,86.8,0
Brisbane-Proserpine,Brisbane,Proserpine,Virgin Australia,October,38,38,0,24,27,14,11,63.2,71.1,0
Proserpine-Brisbane,Proserpine,Brisbane,Virgin Australia,October,38,38,0,24,23,14,15,63.2,60.5,0
Brisbane-Adelaide,Brisbane,Adelaide,Jetstar,October,39,38,1,24,27,14,11,63.2,71.1,2.6
Launceston-Brisbane,Launceston,Brisbane,All Airlines,October,40,40,0,22,21,18,19,55,52.5,0
Brisbane-Launceston,Brisbane,Launceston,All Airlines,October,41,41,0,32,32,9,9,78,78,0
Brisbane-Mount Isa,Brisbane,Mount Isa,Qantas,October,41,41,0,34,37,7,4,82.9,90.2,0
Broome-Perth,Broome,Perth,Virgin Australia,October,41,41,0,24,25,17,16,58.5,61,0
Cairns-Sydney,Cairns,Sydney,Qantas,October,41,41,0,25,26,16,15,61,63.4,0
Melbourne-Hobart,Melbourne,Hobart,Qantas,October,41,41,0,29,26,12,15,70.7,63.4,0
Mount Isa-Brisbane,Mount Isa,Brisbane,Qantas,October,41,41,0,34,32,7,9,82.9,78,0
Perth-Broome,Perth,Broome,Virgin Australia,October,41,41,0,30,28,11,13,73.2,68.3,0
Hobart-Melbourne,Hobart,Melbourne,Qantas,October,42,42,0,32,31,10,11,76.2,73.8,0
Sydney-Cairns,Sydney,Cairns,Qantas,October,42,42,0,31,29,11,13,73.8,69,0
Launceston-Sydney,Launceston,Sydney,Jetstar,October,43,43,0,34,33,9,10,79.1,76.7,0
Melbourne-Newcastle,Melbourne,Newcastle,Virgin Australia,October,43,43,0,36,39,7,4,83.7,90.7,0
Newcastle-Melbourne,Newcastle,Melbourne,Virgin Australia,October,43,43,0,38,36,5,7,88.4,83.7,0
Perth-Port Hedland,Perth,Port Hedland,Virgin Australia,October,43,42,1,36,30,6,12,85.7,71.4,2.3
Port Hedland-Perth,Port Hedland,Perth,Virgin Australia,October,43,41,2,24,22,17,19,58.5,53.7,4.7
Sydney-Launceston,Sydney,Launceston,Jetstar,October,43,43,0,34,38,9,5,79.1,88.4,0
Adelaide-Perth,Adelaide,Perth,Virgin Australia,October,44,44,0,21,19,23,25,47.7,43.2,0
Perth-Adelaide,Perth,Adelaide,Virgin Australia,October,45,45,0,34,28,11,17,75.6,62.2,0
Adelaide-Alice Springs,Adelaide,Alice Springs,Qantas,October,47,46,1,36,38,10,8,78.3,82.6,2.1
Alice Springs-Adelaide,Alice Springs,Adelaide,Qantas,October,47,45,2,37,37,8,8,82.2,82.2,4.3
Canberra-Gold Coast,Canberra,Gold Coast,All Airlines,October,47,47,0,39,38,8,9,83,80.9,0
Gold Coast-Canberra,Gold Coast,Canberra,All Airlines,October,47,47,0,36,39,11,8,76.6,83,0
Ballina-Sydney,Ballina,Sydney,Virgin Australia,October,48,48,0,29,32,19,16,60.4,66.7,0
Newman-Perth,Newman,Perth,Virgin Australia,October,48,48,0,32,28,16,20,66.7,58.3,0
Perth-Newman,Perth,Newman,Virgin Australia,October,48,48,0,39,35,9,13,81.3,72.9,0
Sydney-Ballina,Sydney,Ballina,Virgin Australia,October,48,48,0,37,35,11,13,77.1,72.9,0
Brisbane-Hobart,Brisbane,Hobart,Virgin Australia,October,49,49,0,37,37,12,12,75.5,75.5,0
Canberra-Sydney,Canberra,Sydney,Qantas,October,49,48,1,41,40,7,8,85.4,83.3,2
Hobart-Brisbane,Hobart,Brisbane,Virgin Australia,October,49,49,0,34,34,15,15,69.4,69.4,0
Sydney-Canberra,Sydney,Canberra,Qantas,October,49,48,1,44,42,4,6,91.7,87.5,2
Devonport-Melbourne,Devonport,Melbourne,Rex Airlines,October,52,52,0,46,45,6,7,88.5,86.5,0
Melbourne-Devonport,Melbourne,Devonport,Rex Airlines,October,52,52,0,47,47,5,5,90.4,90.4,0
Ballina-Sydney,Ballina,Sydney,Qantas,October,54,53,1,44,41,9,12,83,77.4,1.9
Brisbane-Mackay,Brisbane,Mackay,Qantas,October,54,54,0,36,37,18,17,66.7,68.5,0
Mackay-Brisbane,Mackay,Brisbane,Qantas,October,54,54,0,45,43,9,11,83.3,79.6,0
Melbourne-Newcastle,Melbourne,Newcastle,Qantas,October,54,53,1,32,28,21,25,60.4,52.8,1.9
Newcastle-Melbourne,Newcastle,Melbourne,Qantas,October,54,53,1,43,40,10,13,81.1,75.5,1.9
Sydney-Ballina,Sydney,Ballina,Qantas,October,54,53,1,42,43,11,10,79.2,81.1,1.9
Brisbane-Newcastle,Brisbane,Newcastle,Jetstar,October,56,56,0,47,48,9,8,83.9,85.7,0
Darwin-Perth,Darwin,Perth,All Airlines,October,56,56,0,33,40,23,16,58.9,71.4,0
Newcastle-Brisbane,Newcastle,Brisbane,Jetstar,October,56,55,1,46,44,9,11,83.6,80,1.8
Perth-Darwin,Perth,Darwin,All Airlines,October,56,56,0,39,36,17,20,69.6,64.3,0
Sydney-Sunshine Coast,Sydney,Sunshine Coast,Qantas,October,57,57,0,29,37,28,20,50.9,64.9,0
Port Macquarie-Sydney,Port Macquarie,Sydney,Rex Airlines,October,58,58,0,46,39,12,19,79.3,67.2,0
Sunshine Coast-Sydney,Sunshine Coast,Sydney,Qantas,October,58,58,0,46,43,12,15,79.3,74.1,0
Brisbane-Cairns,Brisbane,Cairns,Qantas,October,59,59,0,47,48,12,11,79.7,81.4,0
Cairns-Brisbane,Cairns,Brisbane,Qantas,October,59,59,0,44,44,15,15,74.6,74.6,0
Sydney-Port Macquarie,Sydney,Port Macquarie,Rex Airlines,October,59,59,0,46,46,13,13,78,78,0
Adelaide-Alice Springs,Adelaide,Alice Springs,All Airlines,October,60,59,1,47,50,12,9,79.7,84.7,1.7
Alice Springs-Adelaide,Alice Springs,Adelaide,All Airlines,October,60,58,2,44,44,14,14,75.9,75.9,3.3
Brisbane-Townsville,Brisbane,Townsville,Jetstar,October,60,60,0,41,41,19,19,68.3,68.3,0
Hobart-Melbourne,Hobart,Melbourne,Qantas,October,60,58,2,28,30,30,28,48.3,51.7,3.3
Melbourne-Newcastle,Melbourne,Newcastle,Jetstar,October,60,59,1,41,40,18,19,69.5,67.8,1.7
Newcastle-Melbourne,Newcastle,Melbourne,Jetstar,October,60,59,1,34,40,25,19,57.6,67.8,1.7
Townsville-Brisbane,Townsville,Brisbane,Jetstar,October,60,59,1,40,41,19,18,67.8,69.5,1.7
Melbourne-Hobart,Melbourne,Hobart,Qantas,October,61,60,1,38,35,22,25,63.3,58.3,1.6
Perth-Sydney,Perth,Sydney,Jetstar,October,61,58,3,34,35,24,23,58.6,60.3,4.9
Sydney-Perth,Sydney,Perth,Jetstar,October,61,58,3,38,40,20,18,65.5,69,4.9
Brisbane-Hamilton Island,Brisbane,Hamilton Island,All Airlines,October,64,64,0,46,49,18,15,71.9,76.6,0
Hamilton Island-Brisbane,Hamilton Island,Brisbane,All Airlines,October,64,64,0,40,40,24,24,62.5,62.5,0
Kalgoorlie-Perth,Kalgoorlie,Perth,Qantas,October,64,58,6,40,40,18,18,69,69,9.4
Perth-Kalgoorlie,Perth,Kalgoorlie,Qantas,October,64,58,6,41,39,17,19,70.7,67.2,9.4
Melbourne-Sunshine Coast,Melbourne,Sunshine Coast,Virgin Australia,October,67,67,0,50,52,17,15,74.6,77.6,0
Sunshine Coast-Melbourne,Sunshine Coast,Melbourne,Virgin Australia,October,67,67,0,42,47,25,20,62.7,70.1,0
Sunshine Coast-Sydney,Sunshine Coast,Sydney,Virgin Australia,October,67,66,1,36,23,30,43,54.5,34.8,1.5
Sydney-Sunshine Coast,Sydney,Sunshine Coast,Virgin Australia,October,67,67,0,47,41,20,26,70.1,61.2,0
Cairns-Melbourne,Cairns,Melbourne,Virgin Australia,October,68,68,0,37,36,31,32,54.4,52.9,0
Gold Coast-Adelaide,Gold Coast,Adelaide,All Airlines,October,68,68,0,48,54,20,14,70.6,79.4,0
Melbourne-Cairns,Melbourne,Cairns,Virgin Australia,October,68,68,0,59,57,9,11,86.8,83.8,0
Adelaide-Gold Coast,Adelaide,Gold Coast,All Airlines,October,69,69,0,58,59,11,10,84.1,85.5,0
Karratha-Perth,Karratha,Perth,Virgin Australia,October,69,68,1,56,51,12,17,82.4,75,1.4
Perth-Karratha,Perth,Karratha,Virgin Australia,October,69,68,1,57,56,11,12,83.8,82.4,1.4
Melbourne-Sunshine Coast,Melbourne,Sunshine Coast,Jetstar,October,71,71,0,53,49,18,22,74.6,69,0
Sunshine Coast-Melbourne,Sunshine Coast,Melbourne,Jetstar,October,72,72,0,42,48,30,24,58.3,66.7,0
Brisbane-Mount Isa,Brisbane,Mount Isa,All Airlines,October,74,74,0,59,59,15,15,79.7,79.7,0
Mount Isa-Brisbane,Mount Isa,Brisbane,All Airlines,October,74,74,0,59,51,15,23,79.7,68.9,0
Hamilton Island-Sydney,Hamilton Island,Sydney,All Airlines,October,78,78,0,40,36,38,42,51.3,46.2,0
Hobart-Sydney,Hobart,Sydney,Jetstar,October,78,78,0,55,58,23,20,70.5,74.4,0
Sydney-Hamilton Island,Sydney,Hamilton Island,All Airlines,October,78,78,0,56,64,22,14,71.8,82.1,0
Sydney-Hobart,Sydney,Hobart,Jetstar,October,78,78,0,62,62,16,16,79.5,79.5,0
Hobart-Sydney,Hobart,Sydney,Virgin Australia,October,79,78,1,56,52,22,26,71.8,66.7,1.3
Launceston-Melbourne,Launceston,Melbourne,Qantas,October,79,72,7,54,54,18,18,75,75,8.9
Melbourne-Launceston,Melbourne,Launceston,Qantas,October,79,74,5,48,45,26,29,64.9,60.8,6.3
Sydney-Hobart,Sydney,Hobart,Virgin Australia,October,79,78,1,61,59,17,19,78.2,75.6,1.3
Hobart-Sydney,Hobart,Sydney,Qantas,October,80,80,0,52,54,28,26,65,67.5,0
Sydney-Hobart,Sydney,Hobart,Qantas,October,80,80,0,58,57,22,23,72.5,71.3,0
Ballina-Sydney,Ballina,Sydney,Jetstar,October,81,81,0,62,63,19,18,76.5,77.8,0
Sydney-Ballina,Sydney,Ballina,Jetstar,October,81,81,0,72,71,9,10,88.9,87.7,0
Albury-Sydney,Albury,Sydney,Rex Airlines,October,82,82,0,75,74,7,8,91.5,90.2,0
Melbourne-Perth,Melbourne,Perth,Jetstar,October,82,81,1,57,55,24,26,70.4,67.9,1.2
Perth-Melbourne,Perth,Melbourne,Jetstar,October,82,80,2,45,50,35,30,56.3,62.5,2.4
Sydney-Albury,Sydney,Albury,Rex Airlines,October,82,82,0,69,68,13,14,84.1,82.9,0
Brisbane-Newcastle,Brisbane,Newcastle,Qantas,October,85,82,3,60,57,22,25,73.2,69.5,3.5
Brisbane-Newcastle,Brisbane,Newcastle,Virgin Australia,October,85,84,1,41,38,43,46,48.8,45.2,1.2
Newcastle-Brisbane,Newcastle,Brisbane,Qantas,October,85,83,2,63,60,20,23,75.9,72.3,2.4
Newcastle-Brisbane,Newcastle,Brisbane,Virgin Australia,October,85,84,1,52,53,32,31,61.9,63.1,1.2
Brisbane-Proserpine,Brisbane,Proserpine,All Airlines,October,86,86,0,60,67,26,19,69.8,77.9,0
Broome-Perth,Broome,Perth,Qantas,October,86,82,4,55,51,27,31,67.1,62.2,4.7
Proserpine-Brisbane,Proserpine,Brisbane,All Airlines,October,86,86,0,61,61,25,25,70.9,70.9,0
Perth-Broome,Perth,Broome,Qantas,October,87,84,3,57,56,27,28,67.9,66.7,3.4
Cairns-Sydney,Cairns,Sydney,Virgin Australia,October,88,87,1,74,72,13,15,85.1,82.8,1.1
Melbourne-Launceston,Melbourne,Launceston,Jetstar,October,88,88,0,49,48,39,40,55.7,54.5,0
Sydney-Cairns,Sydney,Cairns,Virgin Australia,October,88,87,1,73,80,14,7,83.9,92,1.1
Launceston-Melbourne,Launceston,Melbourne,Jetstar,October,89,88,1,38,41,50,47,43.2,46.6,1.1
Melbourne-Brisbane,Melbourne,Brisbane,Qantas,October,89,73,16,47,36,26,37,64.4,49.3,18
Sydney-Wagga Wagga,Sydney,Wagga Wagga,Rex Airlines,October,89,89,0,75,75,14,14,84.3,84.3,0
Wagga Wagga-Sydney,Wagga Wagga,Sydney,Rex Airlines,October,89,89,0,76,70,13,19,85.4,78.7,0
Brisbane-Hobart,Brisbane,Hobart,All Airlines,October,90,89,1,71,71,18,18,79.8,79.8,1.1
Hobart-Brisbane,Hobart,Brisbane,All Airlines,October,90,89,1,64,66,25,23,71.9,74.2,1.1
Brisbane-Melbourne,Brisbane,Melbourne,Qantas,October,91,71,20,35,28,36,43,49.3,39.4,22
Coffs Harbour-Sydney,Coffs Harbour,Sydney,Rex Airlines,October,91,90,1,72,65,18,25,80,72.2,1.1
Darwin-Melbourne,Darwin,Melbourne,All Airlines,October,91,90,1,58,57,32,33,64.4,63.3,1.1
Kalgoorlie-Perth,Kalgoorlie,Perth,Virgin Australia,October,91,88,3,59,59,29,29,67,67,3.3
Melbourne-Darwin,Melbourne,Darwin,All Airlines,October,91,91,0,59,70,32,21,64.8,76.9,0
Perth-Kalgoorlie,Perth,Kalgoorlie,Virgin Australia,October,91,90,1,69,62,21,28,76.7,68.9,1.1
Sydney-Coffs Harbour,Sydney,Coffs Harbour,Rex Airlines,October,91,91,0,77,78,14,13,84.6,85.7,0
Adelaide-Perth,Adelaide,Perth,Qantas,October,93,93,0,75,76,18,17,80.6,81.7,0
Canberra-Adelaide,Canberra,Adelaide,Qantas,October,93,91,2,78,79,13,12,85.7,86.8,2.2
Launceston-Melbourne,Launceston,Melbourne,Virgin Australia,October,93,93,0,70,71,23,22,75.3,76.3,0
Melbourne-Launceston,Melbourne,Launceston,Virgin Australia,October,93,93,0,67,66,26,27,72,71,0
Perth-Adelaide,Perth,Adelaide,Qantas,October,93,93,0,70,67,23,26,75.3,72,0
Adelaide-Canberra,Adelaide,Canberra,Qantas,October,94,92,2,80,78,12,14,87,84.8,2.1
Brisbane-Mackay,Brisbane,Mackay,Qantas,October,95,93,2,52,58,41,35,55.9,62.4,2.1
Melbourne-Mildura,Melbourne,Mildura,Qantas,October,95,92,3,70,63,22,29,76.1,68.5,3.2
Mildura-Melbourne,Mildura,Melbourne,Qantas,October,96,93,3,65,73,28,20,69.9,78.5,3.1
Sunshine Coast-Sydney,Sunshine Coast,Sydney,Jetstar,October,96,96,0,73,72,23,24,76,75,0
Sydney-Sunshine Coast,Sydney,Sunshine Coast,Jetstar,October,96,96,0,76,78,20,18,79.2,81.3,0
Launceston-Sydney,Launceston,Sydney,All Airlines,October,97,97,0,72,71,25,26,74.2,73.2,0
Sydney-Launceston,Sydney,Launceston,All Airlines,October,97,97,0,76,79,21,18,78.4,81.4,0
Brisbane-Cairns,Brisbane,Cairns,Jetstar,October,98,98,0,75,82,23,16,76.5,83.7,0
Albury-Sydney,Albury,Sydney,Qantas,October,100,97,3,67,65,30,32,69.1,67,3
Cairns-Brisbane,Cairns,Brisbane,Jetstar,October,100,100,0,80,76,20,24,80,76,0
Mackay-Brisbane,Mackay,Brisbane,Qantas,October,100,97,3,65,52,32,45,67,53.6,3
Sydney-Albury,Sydney,Albury,Qantas,October,100,97,3,72,71,25,26,74.2,73.2,3
Gold Coast-Sydney,Gold Coast,Sydney,Qantas,October,102,102,0,83,83,19,19,81.4,81.4,0
Sydney-Gold Coast,Sydney,Gold Coast,Qantas,October,103,103,0,74,81,29,22,71.8,78.6,0
Brisbane-Darwin,Brisbane,Darwin,All Airlines,October,105,103,2,84,79,19,24,81.6,76.7,1.9
Melbourne-Mildura,Melbourne,Mildura,Rex Airlines,October,107,106,1,88,86,18,20,83,81.1,0.9
Mildura-Melbourne,Mildura,Melbourne,Rex Airlines,October,107,106,1,87,80,19,26,82.1,75.5,0.9
Brisbane-Canberra,Brisbane,Canberra,Virgin Australia,October,109,108,1,77,77,31,31,71.3,71.3,0.9
Cairns-Brisbane,Cairns,Brisbane,Qantas,October,109,108,1,59,55,49,53,54.6,50.9,0.9
Canberra-Brisbane,Canberra,Brisbane,Virgin Australia,October,109,108,1,88,88,20,20,81.5,81.5,0.9
Darwin-Brisbane,Darwin,Brisbane,All Airlines,October,109,107,2,78,73,29,34,72.9,68.2,1.8
Brisbane-Cairns,Brisbane,Cairns,Qantas,October,110,109,1,59,53,50,56,54.1,48.6,0.9
Canberra-Adelaide,Canberra,Adelaide,All Airlines,October,110,108,2,89,92,19,16,82.4,85.2,1.8
Devonport-Melbourne,Devonport,Melbourne,Qantas,October,110,106,4,92,90,14,16,86.8,84.9,3.6
Melbourne-Devonport,Melbourne,Devonport,Qantas,October,110,109,1,89,87,20,22,81.7,79.8,0.9
Adelaide-Canberra,Adelaide,Canberra,All Airlines,October,111,109,2,90,89,19,20,82.6,81.7,1.8
Perth-Newman,Perth,Newman,Qantas,October,111,107,4,83,77,24,30,77.6,72,3.6
Newman-Perth,Newman,Perth,Qantas,October,112,108,4,76,64,32,44,70.4,59.3,3.6
Sydney-Coffs Harbour,Sydney,Coffs Harbour,Qantas,October,113,107,6,74,84,33,23,69.2,78.5,5.3
Cairns-Sydney,Cairns,Sydney,Jetstar,October,114,113,1,80,79,33,34,70.8,69.9,0.9
Coffs Harbour-Sydney,Coffs Harbour,Sydney,Qantas,October,115,105,10,84,82,21,23,80,78.1,8.7
Dubbo-Sydney,Dubbo,Sydney,Qantas,October,115,113,2,96,95,17,18,85,84.1,1.7
Port Macquarie-Sydney,Port Macquarie,Sydney,Qantas,October,115,114,1,91,86,23,28,79.8,75.4,0.9
Sydney-Cairns,Sydney,Cairns,Jetstar,October,115,114,1,87,90,27,24,76.3,78.9,0.9
Sydney-Dubbo,Sydney,Dubbo,Qantas,October,115,113,2,91,91,22,22,80.5,80.5,1.7
Sydney-Port Macquarie,Sydney,Port Macquarie,Qantas,October,115,114,1,85,85,29,29,74.6,74.6,0.9
Adelaide-Melbourne,Adelaide,Melbourne,Jetstar,October,116,114,2,77,84,37,30,67.5,73.7,1.7
Sydney-Wagga Wagga,Sydney,Wagga Wagga,Qantas,October,116,115,1,95,97,20,18,82.6,84.3,0.9
Wagga Wagga-Sydney,Wagga Wagga,Sydney,Qantas,October,116,114,2,103,105,11,9,90.4,92.1,1.7
Hobart-Melbourne,Hobart,Melbourne,Virgin Australia,October,117,117,0,92,98,25,19,78.6,83.8,0
Melbourne-Adelaide,Melbourne,Adelaide,Jetstar,October,117,117,0,85,88,32,29,72.6,75.2,0
Melbourne-Hobart,Melbourne,Hobart,Virgin Australia,October,118,117,1,88,84,29,33,75.2,71.8,0.8
Cairns-Melbourne,Cairns,Melbourne,Jetstar,October,120,119,1,80,85,39,34,67.2,71.4,0.8
Melbourne-Cairns,Melbourne,Cairns,Jetstar,October,120,119,1,73,87,46,32,61.3,73.1,0.8
Canberra-Melbourne,Canberra,Melbourne,Virgin Australia,October,122,121,1,94,95,27,26,77.7,78.5,0.8
Melbourne-Canberra,Melbourne,Canberra,Virgin Australia,October,122,122,0,97,97,25,25,79.5,79.5,0
Sydney-Dubbo,Sydney,Dubbo,Rex Airlines,October,130,129,1,92,98,37,31,71.3,76,0.8
Dubbo-Sydney,Dubbo,Sydney,Rex Airlines,October,132,131,1,104,96,27,35,79.4,73.3,0.8
Adelaide-Brisbane,Adelaide,Brisbane,Virgin Australia,October,133,133,0,102,108,31,25,76.7,81.2,0
Brisbane-Adelaide,Brisbane,Adelaide,Virgin Australia,October,133,132,1,92,104,40,28,69.7,78.8,0.8
Perth-Brisbane,Perth,Brisbane,Virgin Australia,October,133,133,0,85,90,48,43,63.9,67.7,0
Brisbane-Perth,Brisbane,Perth,Virgin Australia,October,134,133,1,69,97,64,36,51.9,72.9,0.7
Brisbane-Emerald,Brisbane,Emerald,Qantas,October,135,130,5,107,107,23,23,82.3,82.3,3.7
Emerald-Brisbane,Emerald,Brisbane,Qantas,October,135,128,7,107,107,21,21,83.6,83.6,5.2
Brisbane-Gladstone,Brisbane,Gladstone,Qantas,October,138,132,6,90,87,42,45,68.2,65.9,4.3
Gladstone-Brisbane,Gladstone,Brisbane,Qantas,October,138,132,6,98,96,34,36,74.2,72.7,4.3
Adelaide-Port Lincoln,Adelaide,Port Lincoln,Qantas,October,139,136,3,128,129,8,7,94.1,94.9,2.2
Brisbane-Mackay,Brisbane,Mackay,Virgin Australia,October,139,137,2,80,92,57,45,58.4,67.2,1.4
Mackay-Brisbane,Mackay,Brisbane,Virgin Australia,October,139,137,2,98,100,39,37,71.5,73,1.4
Port Lincoln-Adelaide,Port Lincoln,Adelaide,Qantas,October,139,136,3,129,129,7,7,94.9,94.9,2.2
Adelaide-Sydney,Adelaide,Sydney,Jetstar,October,140,137,3,103,101,34,36,75.2,73.7,2.1
Broome-Perth,Broome,Perth,All Airlines,October,140,136,4,85,87,51,49,62.5,64,2.9
Sydney-Adelaide,Sydney,Adelaide,Jetstar,October,140,137,3,101,103,36,34,73.7,75.2,2.1
Brisbane-Townsville,Brisbane,Townsville,Virgin Australia,October,141,140,1,92,92,48,48,65.7,65.7,0.7
Perth-Broome,Perth,Broome,All Airlines,October,141,138,3,98,97,40,41,71,70.3,2.1
Townsville-Brisbane,Townsville,Brisbane,Virgin Australia,October,141,139,2,93,98,46,41,66.9,70.5,1.4
Cairns-Townsville,Cairns,Townsville,Qantas,October,145,140,5,112,114,28,26,80,81.4,3.4
Karratha-Perth,Karratha,Perth,Qantas,October,145,144,1,99,95,45,49,68.8,66,0.7
Perth-Port Hedland,Perth,Port Hedland,Qantas,October,145,138,7,109,101,29,37,79,73.2,4.8
Townsville-Cairns,Townsville,Cairns,Qantas,October,145,136,9,122,120,14,16,89.7,88.2,6.2
Brisbane-Canberra,Brisbane,Canberra,Qantas,October,146,143,3,102,106,41,37,71.3,74.1,2.1
Canberra-Brisbane,Canberra,Brisbane,Qantas,October,147,144,3,105,106,39,38,72.9,73.6,2
Perth-Karratha,Perth,Karratha,Qantas,October,147,146,1,102,102,44,44,69.9,69.9,0.7
Port Hedland-Perth,Port Hedland,Perth,Qantas,October,147,134,13,81,79,53,55,60.4,59,8.8
Brisbane-Cairns,Brisbane,Cairns,Virgin Australia,October,148,148,0,108,113,40,35,73,76.4,0
Cairns-Brisbane,Cairns,Brisbane,Virgin Australia,October,148,148,0,86,86,62,62,58.1,58.1,0
Adelaide-Brisbane,Adelaide,Brisbane,Qantas,October,149,148,1,112,115,36,33,75.7,77.7,0.7
Brisbane-Adelaide,Brisbane,Adelaide,Qantas,October,149,146,3,101,107,45,39,69.2,73.3,2
Adelaide-Port Lincoln,Adelaide,Port Lincoln,Rex Airlines,October,153,147,6,116,115,31,32,78.9,78.2,3.9
Port Lincoln-Adelaide,Port Lincoln,Adelaide,Rex Airlines,October,153,147,6,116,117,31,30,78.9,79.6,3.9
Melbourne-Newcastle,Melbourne,Newcastle,All Airlines,October,157,155,2,109,107,46,48,70.3,69,1.3
Newcastle-Melbourne,Newcastle,Melbourne,All Airlines,October,157,155,2,115,116,40,39,74.2,74.8,1.3
Hobart-Melbourne,Hobart,Melbourne,Jetstar,October,158,158,0,90,98,68,60,57,62,0
Melbourne-Hobart,Melbourne,Hobart,Jetstar,October,158,158,0,116,111,42,47,73.4,70.3,0
Townsville-Brisbane,Townsville,Brisbane,Qantas,October,158,151,7,99,90,52,61,65.6,59.6,4.4
Brisbane-Townsville,Brisbane,Townsville,Qantas,October,159,152,7,92,98,60,54,60.5,64.5,4.4
Cairns-Townsville,Cairns,Townsville,All Airlines,October,159,154,5,121,123,33,31,78.6,79.9,3.1
Townsville-Cairns,Townsville,Cairns,All Airlines,October,160,151,9,133,129,18,22,88.1,85.4,5.6
Brisbane-Perth,Brisbane,Perth,Qantas,October,161,160,1,116,117,44,43,72.5,73.1,0.6
Brisbane-Emerald,Brisbane,Emerald,All Airlines,October,162,157,5,127,127,30,30,80.9,80.9,3.1
Devonport-Melbourne,Devonport,Melbourne,All Airlines,October,162,158,4,138,135,20,23,87.3,85.4,2.5
Emerald-Brisbane,Emerald,Brisbane,All Airlines,October,162,155,7,129,130,26,25,83.2,83.9,4.3
Melbourne-Devonport,Melbourne,Devonport,All Airlines,October,162,161,1,136,134,25,27,84.5,83.2,0.6
Perth-Brisbane,Perth,Brisbane,Qantas,October,162,162,0,117,113,45,49,72.2,69.8,0
Perth-Sydney,Perth,Sydney,Virgin Australia,October,163,161,2,104,129,57,32,64.6,80.1,1.2
Melbourne-Brisbane,Melbourne,Brisbane,Jetstar,October,164,161,3,97,96,64,65,60.2,59.6,1.8
Brisbane-Melbourne,Brisbane,Melbourne,Jetstar,October,165,161,4,113,116,48,45,70.2,72,2.4
Brisbane-Rockhampton,Brisbane,Rockhampton,Virgin Australia,October,166,166,0,93,96,73,70,56,57.8,0
Rockhampton-Brisbane,Rockhampton,Brisbane,Virgin Australia,October,166,166,0,101,87,65,79,60.8,52.4,0
Melbourne-Sunshine Coast,Melbourne,Sunshine Coast,All Airlines,October,170,170,0,127,122,43,48,74.7,71.8,0
Sydney-Perth,Sydney,Perth,Virgin Australia,October,170,170,0,108,115,62,55,63.5,67.6,0
Sunshine Coast-Melbourne,Sunshine Coast,Melbourne,All Airlines,October,171,171,0,96,112,75,59,56.1,65.5,0
Port Macquarie-Sydney,Port Macquarie,Sydney,All Airlines,October,173,172,1,137,125,35,47,79.7,72.7,0.6
Brisbane-Gladstone,Brisbane,Gladstone,All Airlines,October,174,167,7,115,115,52,52,68.9,68.9,4
Gladstone-Brisbane,Gladstone,Brisbane,All Airlines,October,174,167,7,125,122,42,45,74.9,73.1,4
Sydney-Port Macquarie,Sydney,Port Macquarie,All Airlines,October,174,173,1,131,131,42,42,75.7,75.7,0.6
Sydney-Adelaide,Sydney,Adelaide,Virgin Australia,October,180,180,0,122,122,58,58,67.8,67.8,0
Adelaide-Sydney,Adelaide,Sydney,Virgin Australia,October,181,180,1,122,117,58,63,67.8,65,0.6
Albury-Sydney,Albury,Sydney,All Airlines,October,182,179,3,142,139,37,40,79.3,77.7,1.6
Sydney-Albury,Sydney,Albury,All Airlines,October,182,179,3,141,139,38,40,78.8,77.7,1.6
Ballina-Sydney,Ballina,Sydney,All Airlines,October,183,182,1,135,136,47,46,74.2,74.7,0.5
Brisbane-Rockhampton,Brisbane,Rockhampton,Qantas,October,183,177,6,125,139,52,38,70.6,78.5,3.3
Rockhampton-Brisbane,Rockhampton,Brisbane,Qantas,October,183,177,6,140,134,37,43,79.1,75.7,3.3
Sydney-Ballina,Sydney,Ballina,All Airlines,October,183,182,1,151,149,31,33,83,81.9,0.5
Perth-Newman,Perth,Newman,All Airlines,October,185,180,5,146,137,34,43,81.1,76.1,2.7
Newman-Perth,Newman,Perth,All Airlines,October,186,181,5,128,114,53,67,70.7,63,2.7
Brisbane-Sydney,Brisbane,Sydney,Jetstar,October,193,191,2,140,133,51,58,73.3,69.6,1
Canberra-Melbourne,Canberra,Melbourne,Qantas,October,193,181,12,136,129,45,52,75.1,71.3,6.2
Melbourne-Canberra,Melbourne,Canberra,Qantas,October,193,180,13,134,135,46,45,74.4,75,6.7
Sydney-Brisbane,Sydney,Brisbane,Jetstar,October,193,191,2,131,137,60,54,68.6,71.7,1
Kalgoorlie-Perth,Kalgoorlie,Perth,All Airlines,October,194,185,9,123,124,62,61,66.5,67,4.6
Perth-Kalgoorlie,Perth,Kalgoorlie,All Airlines,October,194,187,7,144,132,43,55,77,70.6,3.6
Adelaide-Perth,Adelaide,Perth,All Airlines,October,198,198,0,124,128,74,70,62.6,64.6,0
Perth-Adelaide,Perth,Adelaide,All Airlines,October,199,199,0,141,133,58,66,70.9,66.8,0
Perth-Sydney,Perth,Sydney,Qantas,October,201,200,1,115,114,85,86,57.5,57,0.5
Sydney-Perth,Sydney,Perth,Qantas,October,201,199,2,115,118,84,81,57.8,59.3,1
Melbourne-Mildura,Melbourne,Mildura,All Airlines,October,202,198,4,158,149,40,49,79.8,75.3,2
Mildura-Melbourne,Mildura,Melbourne,All Airlines,October,203,199,4,152,153,47,46,76.4,76.9,2
Perth-Port Hedland,Perth,Port Hedland,All Airlines,October,204,196,8,154,138,42,58,78.6,70.4,3.9
Sydney-Coffs Harbour,Sydney,Coffs Harbour,All Airlines,October,204,198,6,151,162,47,36,76.3,81.8,2.9
Sydney-Wagga Wagga,Sydney,Wagga Wagga,All Airlines,October,205,204,1,170,172,34,32,83.3,84.3,0.5
Wagga Wagga-Sydney,Wagga Wagga,Sydney,All Airlines,October,205,203,2,179,175,24,28,88.2,86.2,1
Coffs Harbour-Sydney,Coffs Harbour,Sydney,All Airlines,October,206,195,11,156,147,39,48,80,75.4,5.3
Port Hedland-Perth,Port Hedland,Perth,All Airlines,October,206,191,15,109,106,82,85,57.1,55.5,7.3
Perth-Melbourne,Perth,Melbourne,Qantas,October,209,204,5,132,150,72,54,64.7,73.5,2.4
Melbourne-Perth,Melbourne,Perth,Qantas,October,210,209,1,147,131,62,78,70.3,62.7,0.5
Cairns-Melbourne,Cairns,Melbourne,All Airlines,October,220,219,1,133,143,86,76,60.7,65.3,0.5
Melbourne-Cairns,Melbourne,Cairns,All Airlines,October,220,219,1,155,168,64,51,70.8,76.7,0.5
Melbourne-Perth,Melbourne,Perth,Virgin Australia,October,220,218,2,142,149,76,69,65.1,68.3,0.9
Sydney-Sunshine Coast,Sydney,Sunshine Coast,All Airlines,October,220,220,0,152,156,68,64,69.1,70.9,0
Sunshine Coast-Sydney,Sunshine Coast,Sydney,All Airlines,October,221,220,1,155,138,65,82,70.5,62.7,0.5
Brisbane-Newcastle,Brisbane,Newcastle,All Airlines,October,226,222,4,148,143,74,79,66.7,64.4,1.8
Melbourne-Gold Coast,Melbourne,Gold Coast,Jetstar,October,226,224,2,135,137,89,87,60.3,61.2,0.9
Newcastle-Brisbane,Newcastle,Brisbane,All Airlines,October,226,222,4,161,157,61,65,72.5,70.7,1.8
Gold Coast-Melbourne,Gold Coast,Melbourne,Jetstar,October,227,224,3,140,141,84,83,62.5,62.9,1.3
Perth-Melbourne,Perth,Melbourne,Virgin Australia,October,230,229,1,148,149,81,80,64.6,65.1,0.4
Hobart-Sydney,Hobart,Sydney,All Airlines,October,242,241,1,167,169,74,72,69.3,70.1,0.4
Karratha-Perth,Karratha,Perth,All Airlines,October,242,240,2,173,168,67,72,72.1,70,0.8
Sydney-Hobart,Sydney,Hobart,All Airlines,October,242,241,1,185,182,56,59,76.8,75.5,0.4
Perth-Karratha,Perth,Karratha,All Airlines,October,244,242,2,180,179,62,63,74.4,74,0.8
Sydney-Dubbo,Sydney,Dubbo,All Airlines,October,245,242,3,183,189,59,53,75.6,78.1,1.2
Dubbo-Sydney,Dubbo,Sydney,All Airlines,October,247,244,3,200,191,44,53,82,78.3,1.2
Adelaide-Sydney,Adelaide,Sydney,Qantas,October,248,241,7,176,174,65,67,73,72.2,2.8
Sydney-Adelaide,Sydney,Adelaide,Qantas,October,248,244,4,171,175,73,69,70.1,71.7,1.6
Cairns-Sydney,Cairns,Sydney,All Airlines,October,251,249,2,185,183,64,66,74.3,73.5,0.8
Sydney-Cairns,Sydney,Cairns,All Airlines,October,253,251,2,197,204,54,47,78.5,81.3,0.8
Melbourne-Adelaide,Melbourne,Adelaide,Virgin Australia,October,259,259,0,187,177,72,82,72.2,68.3,0
Melbourne-Launceston,Melbourne,Launceston,All Airlines,October,260,255,5,164,159,91,96,64.3,62.4,1.9
Adelaide-Melbourne,Adelaide,Melbourne,Virgin Australia,October,261,259,2,187,195,72,64,72.2,75.3,0.8
Gold Coast-Melbourne,Gold Coast,Melbourne,Virgin Australia,October,261,261,0,150,176,111,85,57.5,67.4,0
Launceston-Melbourne,Launceston,Melbourne,All Airlines,October,261,253,8,162,166,91,87,64,65.6,3.1
Canberra-Sydney,Canberra,Sydney,Virgin Australia,October,262,259,3,217,216,42,43,83.8,83.4,1.1
Melbourne-Gold Coast,Melbourne,Gold Coast,Virgin Australia,October,262,262,0,189,191,73,71,72.1,72.9,0
Sydney-Canberra,Sydney,Canberra,Virgin Australia,October,262,259,3,218,225,41,34,84.2,86.9,1.1
Adelaide-Melbourne,Adelaide,Melbourne,Qantas,October,265,264,1,203,211,61,53,76.9,79.9,0.4
Melbourne-Adelaide,Melbourne,Adelaide,Qantas,October,265,262,3,192,188,70,74,73.3,71.8,1.1
Sydney-Gold Coast,Sydney,Gold Coast,Jetstar,October,274,273,1,215,222,58,51,78.8,81.3,0.4
Gold Coast-Sydney,Gold Coast,Sydney,Jetstar,October,275,273,2,221,224,52,49,81,82.1,0.7
Canberra-Brisbane,Canberra,Brisbane,All Airlines,October,291,287,4,223,223,64,64,77.7,77.7,1.4
Adelaide-Port Lincoln,Adelaide,Port Lincoln,All Airlines,October,292,283,9,244,244,39,39,86.2,86.2,3.1
Brisbane-Canberra,Brisbane,Canberra,All Airlines,October,292,288,4,211,218,77,70,73.3,75.7,1.4
Port Lincoln-Adelaide,Port Lincoln,Adelaide,All Airlines,October,292,283,9,245,246,38,37,86.6,86.9,3.1
Sydney-Gold Coast,Sydney,Gold Coast,Virgin Australia,October,311,310,1,228,214,82,96,73.5,69,0.3
Gold Coast-Sydney,Gold Coast,Sydney,Virgin Australia,October,312,310,2,207,214,103,96,66.8,69,0.6
Brisbane-Mackay,Brisbane,Mackay,All Airlines,October,319,315,4,186,208,129,107,59,66,1.3
Adelaide-Brisbane,Adelaide,Brisbane,All Airlines,October,320,319,1,248,256,71,63,77.7,80.3,0.3
Brisbane-Adelaide,Brisbane,Adelaide,All Airlines,October,321,316,5,217,238,99,78,68.7,75.3,1.6
Brisbane-Perth,Brisbane,Perth,All Airlines,October,321,318,3,194,230,124,88,61,72.3,0.9
Perth-Brisbane,Perth,Brisbane,All Airlines,October,322,320,2,213,214,107,106,66.6,66.9,0.6
Mackay-Brisbane,Mackay,Brisbane,All Airlines,October,324,319,5,227,213,92,106,71.2,66.8,1.5
Brisbane-Melbourne,Brisbane,Melbourne,Qantas,October,326,321,5,231,228,90,93,72,71,1.5
Melbourne-Brisbane,Melbourne,Brisbane,Qantas,October,331,324,7,241,246,83,78,74.4,75.9,2.1
Brisbane-Rockhampton,Brisbane,Rockhampton,All Airlines,October,349,343,6,218,235,125,108,63.6,68.5,1.7
Rockhampton-Brisbane,Rockhampton,Brisbane,All Airlines,October,349,343,6,241,221,102,122,70.3,64.4,1.7
Canberra-Melbourne,Canberra,Melbourne,All Airlines,October,364,351,13,263,257,88,94,74.9,73.2,3.6
Melbourne-Canberra,Melbourne,Canberra,All Airlines,October,365,352,13,270,269,82,83,76.7,76.4,3.6
Hobart-Melbourne,Hobart,Melbourne,All Airlines,October,377,375,2,242,257,133,118,64.5,68.5,0.5
Melbourne-Hobart,Melbourne,Hobart,All Airlines,October,378,376,2,271,256,105,120,72.1,68.1,0.5
Canberra-Sydney,Canberra,Sydney,Qantas,October,379,354,25,274,274,80,80,77.4,77.4,6.6
Sydney-Canberra,Sydney,Canberra,Qantas,October,379,363,16,278,290,85,73,76.6,79.9,4.2
Townsville-Brisbane,Townsville,Brisbane,All Airlines,October,380,370,10,251,249,119,121,67.8,67.3,2.6
Brisbane-Townsville,Brisbane,Townsville,All Airlines,October,381,373,8,245,252,128,121,65.7,67.6,2.1
Brisbane-Cairns,Brisbane,Cairns,All Airlines,October,415,414,1,289,296,125,118,69.8,71.5,0.2
Cairns-Brisbane,Cairns,Brisbane,All Airlines,October,416,415,1,269,261,146,154,64.8,62.9,0.2
Perth-Sydney,Perth,Sydney,All Airlines,October,425,419,6,253,278,166,141,60.4,66.3,1.4
Sydney-Perth,Sydney,Perth,All Airlines,October,432,427,5,261,273,166,154,61.1,63.9,1.2
Brisbane-Melbourne,Brisbane,Melbourne,Virgin Australia,October,433,429,4,290,274,139,155,67.6,63.9,0.9
Melbourne-Sydney,Melbourne,Sydney,Jetstar,October,436,428,8,286,311,142,117,66.8,72.7,1.8
Melbourne-Brisbane,Melbourne,Brisbane,Virgin Australia,October,437,434,3,329,328,105,106,75.8,75.6,0.7
Sydney-Melbourne,Sydney,Melbourne,Jetstar,October,437,431,6,312,305,119,126,72.4,70.8,1.4
Sydney-Brisbane,Sydney,Brisbane,Virgin Australia,October,499,494,5,379,373,115,121,76.7,75.5,1
Brisbane-Sydney,Brisbane,Sydney,Virgin Australia,October,509,502,7,367,343,135,159,73.1,68.3,1.4
Melbourne-Perth,Melbourne,Perth,All Airlines,October,512,508,4,346,335,162,173,68.1,65.9,0.8
Perth-Melbourne,Perth,Melbourne,All Airlines,October,521,513,8,325,349,188,164,63.4,68,1.5
Gold Coast-Melbourne,Gold Coast,Melbourne,All Airlines,October,524,521,3,309,335,212,186,59.3,64.3,0.6
Melbourne-Gold Coast,Melbourne,Gold Coast,All Airlines,October,524,522,2,350,353,172,169,67,67.6,0.4
Sydney-Brisbane,Sydney,Brisbane,Qantas,October,561,554,7,399,399,155,155,72,72,1.2
Brisbane-Sydney,Brisbane,Sydney,Qantas,October,562,552,10,436,405,116,147,79,73.4,1.8
Sydney-Adelaide,Sydney,Adelaide,All Airlines,October,568,561,7,394,400,167,161,70.2,71.3,1.2
Adelaide-Sydney,Adelaide,Sydney,All Airlines,October,569,558,11,401,392,157,166,71.9,70.3,1.9
Melbourne-Adelaide,Melbourne,Adelaide,All Airlines,October,654,651,3,476,466,175,185,73.1,71.6,0.5
Adelaide-Melbourne,Adelaide,Melbourne,All Airlines,October,655,649,6,476,500,173,149,73.3,77,0.9
Sydney-Gold Coast,Sydney,Gold Coast,All Airlines,October,688,686,2,517,517,169,169,75.4,75.4,0.3
Gold Coast-Sydney,Gold Coast,Sydney,All Airlines,October,689,685,4,511,521,174,164,74.6,76.1,0.6
Canberra-Sydney,Canberra,Sydney,All Airlines,October,690,661,29,532,530,129,131,80.5,80.2,4.2
Sydney-Canberra,Sydney,Canberra,All Airlines,October,690,670,20,540,557,130,113,80.6,83.1,2.9
Sydney-Melbourne,Sydney,Melbourne,Virgin Australia,October,790,778,12,571,549,207,229,73.4,70.6,1.5
Melbourne-Sydney,Melbourne,Sydney,Virgin Australia,October,793,781,12,611,551,170,230,78.2,70.6,1.5
Melbourne-Sydney,Melbourne,Sydney,Qantas,October,949,912,37,718,657,194,255,78.7,72,3.9
Sydney-Melbourne,Sydney,Melbourne,Qantas,October,959,922,37,675,672,247,250,73.2,72.9,3.9
Brisbane-Melbourne,Brisbane,Melbourne,All Airlines,October,1 015,982,33,669,646,313,336,68.1,65.8,3.3
Melbourne-Brisbane,Melbourne,Brisbane,All Airlines,October,1 021,992,29,714,706,278,286,72,71.2,2.8
Sydney-Brisbane,Sydney,Brisbane,All Airlines,October,1 253,1 239,14,909,909,330,330,73.4,73.4,1.1
Brisbane-Sydney,Brisbane,Sydney,All Airlines,October,1 264,1 245,19,943,881,302,364,75.7,70.8,1.5
Melbourne-Sydney,Melbourne,Sydney,All Airlines,October,2 178,2 121,57,1 615,1 519,506,602,76.1,71.6,2.6
Sydney-Melbourne,Sydney,Melbourne,All Airlines,October,2 186,2 131,55,1 558,1 526,573,605,73.1,71.6,2.5
Adelaide-Melbourne,Adelaide,Melbourne,Qantas,November,1,1,0,1,1,0,0,100,100,0
Melbourne-Adelaide,Melbourne,Adelaide,Qantas,November,1,1,0,1,1,0,0,100,100,0
Darwin-Perth,Darwin,Perth,Qantas,November,2,2,0,2,2,0,0,100,100,0
Perth-Darwin,Perth,Darwin,Qantas,November,2,2,0,2,2,0,0,100,100,0
Newman-Perth,Newman,Perth,Qantas,November,8,8,0,7,7,1,1,87.5,87.5,0
Perth-Newman,Perth,Newman,Qantas,November,8,8,0,7,7,1,1,87.5,87.5,0
Cairns-Townsville,Cairns,Townsville,Rex Airlines,November,12,11,1,11,11,0,0,100,100,8.3
Kalgoorlie-Perth,Kalgoorlie,Perth,Qantas,November,12,12,0,10,10,2,2,83.3,83.3,0
Perth-Kalgoorlie,Perth,Kalgoorlie,Qantas,November,12,12,0,12,12,0,0,100,100,0
Townsville-Cairns,Townsville,Cairns,Rex Airlines,November,12,11,1,10,10,1,1,90.9,90.9,8.3
Adelaide-Alice Springs,Adelaide,Alice Springs,Virgin Australia,November,13,13,0,8,9,5,4,61.5,69.2,0
Alice Springs-Adelaide,Alice Springs,Adelaide,Virgin Australia,November,13,13,0,4,5,9,8,30.8,38.5,0
Brisbane-Mount Isa,Brisbane,Mount Isa,Virgin Australia,November,13,13,0,9,9,4,4,69.2,69.2,0
Canberra-Gold Coast,Canberra,Gold Coast,Jetstar,November,13,13,0,10,10,3,3,76.9,76.9,0
Gold Coast-Canberra,Gold Coast,Canberra,Jetstar,November,13,13,0,10,12,3,1,76.9,92.3,0
Mount Isa-Brisbane,Mount Isa,Brisbane,Virgin Australia,November,13,13,0,8,9,5,4,61.5,69.2,0
Adelaide-Perth,Adelaide,Perth,Virgin Australia,November,14,14,0,3,3,11,11,21.4,21.4,0
Perth-Adelaide,Perth,Adelaide,Virgin Australia,November,14,14,0,8,7,6,7,57.1,50,0
Perth-Port Hedland,Perth,Port Hedland,Virgin Australia,November,14,14,0,9,10,5,4,64.3,71.4,0
Port Hedland-Perth,Port Hedland,Perth,Virgin Australia,November,14,14,0,6,8,8,6,42.9,57.1,0
Brisbane-Cairns,Brisbane,Cairns,Qantas,November,16,16,0,13,14,3,2,81.3,87.5,0
Brisbane-Proserpine,Brisbane,Proserpine,Qantas,November,16,15,1,10,12,5,3,66.7,80,6.3
Cairns-Brisbane,Cairns,Brisbane,Qantas,November,16,16,0,14,15,2,1,87.5,93.8,0
Newman-Perth,Newman,Perth,Virgin Australia,November,16,16,0,11,9,5,7,68.8,56.3,0
Perth-Newman,Perth,Newman,Virgin Australia,November,16,16,0,15,14,1,2,93.8,87.5,0
Adelaide-Canberra,Adelaide,Canberra,Virgin Australia,November,17,17,0,9,9,8,8,52.9,52.9,0
Canberra-Adelaide,Canberra,Adelaide,Virgin Australia,November,17,17,0,11,13,6,4,64.7,76.5,0
Hamilton Island-Sydney,Hamilton Island,Sydney,Jetstar,November,17,17,0,9,10,8,7,52.9,58.8,0
Proserpine-Brisbane,Proserpine,Brisbane,Qantas,November,17,15,2,12,13,3,2,80,86.7,11.8
Sydney-Hamilton Island,Sydney,Hamilton Island,Jetstar,November,17,17,0,13,13,4,4,76.5,76.5,0
Brisbane-Darwin,Brisbane,Darwin,Jetstar,November,18,17,1,13,13,4,4,76.5,76.5,5.6
Brisbane-Hobart,Brisbane,Hobart,Qantas,November,18,18,0,12,12,6,6,66.7,66.7,0
Brisbane-Launceston,Brisbane,Launceston,Virgin Australia,November,18,18,0,10,10,8,8,55.6,55.6,0
Darwin-Brisbane,Darwin,Brisbane,Jetstar,November,18,17,1,12,12,5,5,70.6,70.6,5.6
Darwin-Perth,Darwin,Perth,Virgin Australia,November,18,18,0,12,12,6,6,66.7,66.7,0
Hobart-Brisbane,Hobart,Brisbane,Qantas,November,18,18,0,4,6,14,12,22.2,33.3,0
Launceston-Brisbane,Launceston,Brisbane,Virgin Australia,November,18,18,0,6,9,12,9,33.3,50,0
Perth-Darwin,Perth,Darwin,Virgin Australia,November,18,18,0,13,14,5,4,72.2,77.8,0
Brisbane-Mackay,Brisbane,Mackay,Qantas,November,19,19,0,12,11,7,8,63.2,57.9,0
Brisbane-Townsville,Brisbane,Townsville,Qantas,November,20,20,0,15,17,5,3,75,85,0
Townsville-Brisbane,Townsville,Brisbane,Qantas,November,20,19,1,15,15,4,4,78.9,78.9,5
Brisbane-Melbourne,Brisbane,Melbourne,Qantas,November,21,20,1,2,1,18,19,10,5,4.8
Broome-Perth,Broome,Perth,Virgin Australia,November,21,21,0,6,8,15,13,28.6,38.1,0
Melbourne-Brisbane,Melbourne,Brisbane,Qantas,November,21,20,1,9,6,11,14,45,30,4.8
Perth-Broome,Perth,Broome,Virgin Australia,November,21,21,0,11,17,10,4,52.4,81,0
Brisbane-Hobart,Brisbane,Hobart,Jetstar,November,22,22,0,18,18,4,4,81.8,81.8,0
Brisbane-Launceston,Brisbane,Launceston,Jetstar,November,22,22,0,9,11,13,11,40.9,50,0
Hobart-Brisbane,Hobart,Brisbane,Jetstar,November,22,22,0,14,12,8,10,63.6,54.5,0
Kalgoorlie-Perth,Kalgoorlie,Perth,Virgin Australia,November,22,21,1,15,15,6,6,71.4,71.4,4.5
Launceston-Brisbane,Launceston,Brisbane,Jetstar,November,22,22,0,7,8,15,14,31.8,36.4,0
Perth-Kalgoorlie,Perth,Kalgoorlie,Virgin Australia,November,22,21,1,17,16,4,5,81,76.2,4.5
Darwin-Melbourne,Darwin,Melbourne,Jetstar,November,23,22,1,11,17,11,5,50,77.3,4.3
Mackay-Brisbane,Mackay,Brisbane,Qantas,November,23,23,0,17,17,6,6,73.9,73.9,0
Melbourne-Darwin,Melbourne,Darwin,Jetstar,November,23,22,1,19,16,3,6,86.4,72.7,4.3
Hamilton Island-Sydney,Hamilton Island,Sydney,Virgin Australia,November,24,24,0,11,8,13,16,45.8,33.3,0
Karratha-Perth,Karratha,Perth,Virgin Australia,November,24,23,1,14,14,9,9,60.9,60.9,4.2
Perth-Karratha,Perth,Karratha,Virgin Australia,November,24,23,1,14,16,9,7,60.9,69.6,4.2
Sydney-Canberra,Sydney,Canberra,Qantas,November,24,23,1,14,14,9,9,60.9,60.9,4.2
Sydney-Hamilton Island,Sydney,Hamilton Island,Virgin Australia,November,24,24,0,14,12,10,12,58.3,50,0
Brisbane-Emerald,Brisbane,Emerald,Virgin Australia,November,25,25,0,16,17,9,8,64,68,0
Emerald-Brisbane,Emerald,Brisbane,Virgin Australia,November,25,25,0,19,18,6,7,76,72,0
Melbourne-Darwin,Melbourne,Darwin,Virgin Australia,November,25,24,1,17,16,7,8,70.8,66.7,4
Brisbane-Hamilton Island,Brisbane,Hamilton Island,Qantas,November,26,26,0,14,20,12,6,53.8,76.9,0
Brisbane-Perth,Brisbane,Perth,Jetstar,November,26,26,0,13,10,13,16,50,38.5,0
Darwin-Melbourne,Darwin,Melbourne,Virgin Australia,November,26,24,2,13,15,11,9,54.2,62.5,7.7
Hamilton Island-Brisbane,Hamilton Island,Brisbane,Qantas,November,26,26,0,19,19,7,7,73.1,73.1,0
Canberra-Sydney,Canberra,Sydney,Qantas,November,27,26,1,17,16,9,10,65.4,61.5,3.7
Perth-Brisbane,Perth,Brisbane,Jetstar,November,28,26,2,7,7,19,19,26.9,26.9,7.1
Brisbane-Darwin,Brisbane,Darwin,Qantas,November,29,29,0,21,24,8,5,72.4,82.8,0
Broome-Perth,Broome,Perth,Virgin Australia,November,29,29,0,16,13,13,16,55.2,44.8,0
Hamilton Island-Sydney,Hamilton Island,Sydney,Qantas,November,29,28,1,15,15,13,13,53.6,53.6,3.4
Melbourne-Sunshine Coast,Melbourne,Sunshine Coast,Qantas,November,29,29,0,19,22,10,7,65.5,75.9,0
Perth-Broome,Perth,Broome,Virgin Australia,November,29,29,0,18,18,11,11,62.1,62.1,0
Adelaide-Gold Coast,Adelaide,Gold Coast,Jetstar,November,30,30,0,28,24,2,6,93.3,80,0
Adelaide-Perth,Adelaide,Perth,Jetstar,November,30,30,0,20,19,10,11,66.7,63.3,0
Brisbane-Canberra,Brisbane,Canberra,Jetstar,November,30,30,0,18,16,12,14,60,53.3,0
Brisbane-Darwin,Brisbane,Darwin,Virgin Australia,November,30,29,1,21,20,8,9,72.4,69,3.3
Brisbane-Mackay,Brisbane,Mackay,Jetstar,November,30,30,0,13,12,17,18,43.3,40,0
Brisbane-Proserpine,Brisbane,Proserpine,Jetstar,November,30,30,0,20,18,10,12,66.7,60,0
Cairns-Melbourne,Cairns,Melbourne,Qantas,November,30,30,0,16,15,14,15,53.3,50,0
Canberra-Brisbane,Canberra,Brisbane,Jetstar,November,30,30,0,13,12,17,18,43.3,40,0
Canberra-Gold Coast,Canberra,Gold Coast,Virgin Australia,November,30,30,0,23,24,7,6,76.7,80,0
Canberra-Melbourne,Canberra,Melbourne,Jetstar,November,30,30,0,22,23,8,7,73.3,76.7,0
Darwin-Brisbane,Darwin,Brisbane,Qantas,November,30,30,0,23,18,7,12,76.7,60,0
Darwin-Brisbane,Darwin,Brisbane,Virgin Australia,November,30,29,1,9,12,20,17,31,41.4,3.3
Darwin-Melbourne,Darwin,Melbourne,Qantas,November,30,30,0,24,27,6,3,80,90,0
Darwin-Perth,Darwin,Perth,Qantas,November,30,30,0,20,20,10,10,66.7,66.7,0
Gold Coast-Adelaide,Gold Coast,Adelaide,Jetstar,November,30,30,0,26,26,4,4,86.7,86.7,0
Gold Coast-Canberra,Gold Coast,Canberra,Virgin Australia,November,30,30,0,25,26,5,4,83.3,86.7,0
Launceston-Sydney,Launceston,Sydney,Qantas,November,30,28,2,16,19,12,9,57.1,67.9,6.7
Launceston-Sydney,Launceston,Sydney,Virgin Australia,November,30,30,0,10,10,20,20,33.3,33.3,0
Mackay-Brisbane,Mackay,Brisbane,Jetstar,November,30,30,0,12,11,18,19,40,36.7,0
Melbourne-Cairns,Melbourne,Cairns,Qantas,November,30,30,0,23,21,7,9,76.7,70,0
Melbourne-Canberra,Melbourne,Canberra,Jetstar,November,30,30,0,25,26,5,4,83.3,86.7,0
Melbourne-Darwin,Melbourne,Darwin,Qantas,November,30,30,0,19,22,11,8,63.3,73.3,0
Perth-Adelaide,Perth,Adelaide,Jetstar,November,30,30,0,26,22,4,8,86.7,73.3,0
Perth-Darwin,Perth,Darwin,Qantas,November,30,30,0,23,24,7,6,76.7,80,0
Proserpine-Brisbane,Proserpine,Brisbane,Jetstar,November,30,30,0,18,20,12,10,60,66.7,0
Sunshine Coast-Melbourne,Sunshine Coast,Melbourne,Qantas,November,30,29,1,14,18,15,11,48.3,62.1,3.3
Sydney-Hamilton Island,Sydney,Hamilton Island,Qantas,November,30,29,1,13,17,16,12,44.8,58.6,3.3
Sydney-Launceston,Sydney,Launceston,Qantas,November,30,27,3,10,10,17,17,37,37,10
Sydney-Launceston,Sydney,Launceston,Virgin Australia,November,30,30,0,14,13,16,17,46.7,43.3,0
Brisbane-Hamilton Island,Brisbane,Hamilton Island,Virgin Australia,November,31,31,0,20,21,11,10,64.5,67.7,0
Hamilton Island-Brisbane,Hamilton Island,Brisbane,Virgin Australia,November,31,31,0,16,18,15,13,51.6,58.1,0
Hobart-Melbourne,Hobart,Melbourne,Qantas,November,31,30,1,14,16,16,14,46.7,53.3,3.2
Adelaide-Gold Coast,Adelaide,Gold Coast,Virgin Australia,November,32,31,1,28,29,3,2,90.3,93.5,3.1
Brisbane-Proserpine,Brisbane,Proserpine,Virgin Australia,November,32,32,0,20,18,12,14,62.5,56.3,0
Gold Coast-Adelaide,Gold Coast,Adelaide,Virgin Australia,November,32,31,1,25,23,6,8,80.6,74.2,3.1
Hobart-Sydney,Hobart,Sydney,Qantas,November,32,27,5,10,11,17,16,37,40.7,15.6
Melbourne-Hobart,Melbourne,Hobart,Qantas,November,32,31,1,12,19,19,12,38.7,61.3,3.1
Proserpine-Brisbane,Proserpine,Brisbane,Virgin Australia,November,32,32,0,14,14,18,18,43.8,43.8,0
Sydney-Hobart,Sydney,Hobart,Qantas,November,32,27,5,10,13,17,14,37,48.1,15.6
Adelaide-Brisbane,Adelaide,Brisbane,Jetstar,November,34,34,0,31,28,3,6,91.2,82.4,0
Brisbane-Adelaide,Brisbane,Adelaide,Jetstar,November,34,34,0,24,26,10,8,70.6,76.5,0
Brisbane-Gladstone,Brisbane,Gladstone,Virgin Australia,November,35,34,1,22,21,12,13,64.7,61.8,2.9
Cairns-Sydney,Cairns,Sydney,Qantas,November,35,34,1,20,17,14,17,58.8,50,2.9
Gladstone-Brisbane,Gladstone,Brisbane,Virgin Australia,November,35,34,1,25,21,9,13,73.5,61.8,2.9
Melbourne-Gold Coast,Melbourne,Gold Coast,Qantas,November,35,35,0,24,25,11,10,68.6,71.4,0
Sydney-Cairns,Sydney,Cairns,Qantas,November,35,34,1,19,23,15,11,55.9,67.6,2.9
Gold Coast-Melbourne,Gold Coast,Melbourne,Qantas,November,36,36,0,18,23,18,13,50,63.9,0
Newman-Perth,Newman,Perth,Virgin Australia,November,38,38,0,25,17,13,21,65.8,44.7,0
Perth-Newman,Perth,Newman,Virgin Australia,November,38,38,0,29,27,9,11,76.3,71.1,0
Adelaide-Alice Springs,Adelaide,Alice Springs,Qantas,November,39,38,1,27,27,11,11,71.1,71.1,2.6
Alice Springs-Adelaide,Alice Springs,Adelaide,Qantas,November,39,38,1,25,25,13,13,65.8,65.8,2.6
Launceston-Sydney,Launceston,Sydney,Jetstar,November,40,39,1,32,32,7,7,82.1,82.1,2.5
Sydney-Launceston,Sydney,Launceston,Jetstar,November,40,39,1,34,34,5,5,87.2,87.2,2.5
Melbourne-Newcastle,Melbourne,Newcastle,Virgin Australia,November,43,43,0,29,30,14,13,67.4,69.8,0
Newcastle-Melbourne,Newcastle,Melbourne,Virgin Australia,November,43,43,0,29,28,14,15,67.4,65.1,0
Perth-Port Hedland,Perth,Port Hedland,Virgin Australia,November,44,43,1,31,34,12,9,72.1,79.1,2.3
Port Hedland-Perth,Port Hedland,Perth,Virgin Australia,November,44,43,1,28,27,15,16,65.1,62.8,2.3
Ballina-Sydney,Ballina,Sydney,Qantas,November,45,41,4,31,29,10,12,75.6,70.7,8.9
Sydney-Ballina,Sydney,Ballina,Qantas,November,45,44,1,30,32,14,12,68.2,72.7,2.2
Melbourne-Devonport,Melbourne,Devonport,Rex Airlines,November,49,49,0,42,42,7,7,85.7,85.7,0
Devonport-Melbourne,Devonport,Melbourne,Rex Airlines,November,50,49,1,41,38,8,11,83.7,77.6,2
Karratha-Perth,Karratha,Perth,Virgin Australia,November,51,49,2,42,39,7,10,85.7,79.6,3.9
Melbourne-Newcastle,Melbourne,Newcastle,Qantas,November,51,50,1,21,26,29,24,42,52,2
Newcastle-Melbourne,Newcastle,Melbourne,Qantas,November,51,50,1,41,35,9,15,82,70,2
Perth-Karratha,Perth,Karratha,Virgin Australia,November,51,50,1,43,42,7,8,86,84,2
Ballina-Sydney,Ballina,Sydney,Virgin Australia,November,52,51,1,34,36,17,15,66.7,70.6,1.9
Brisbane-Hobart,Brisbane,Hobart,Virgin Australia,November,52,52,0,28,32,24,20,53.8,61.5,0
Brisbane-Townsville,Brisbane,Townsville,Jetstar,November,52,52,0,37,38,15,14,71.2,73.1,0
Hobart-Brisbane,Hobart,Brisbane,Virgin Australia,November,52,52,0,31,31,21,21,59.6,59.6,0
Hobart-Sydney,Hobart,Sydney,Qantas,November,52,51,1,34,35,17,16,66.7,68.6,1.9
Sydney-Ballina,Sydney,Ballina,Virgin Australia,November,52,51,1,34,33,17,18,66.7,64.7,1.9
Canberra-Melbourne,Canberra,Melbourne,Qantas,November,53,52,1,28,35,24,17,53.8,67.3,1.9
Sydney-Hobart,Sydney,Hobart,Qantas,November,53,51,2,29,37,22,14,56.9,72.5,3.8
Townsville-Brisbane,Townsville,Brisbane,Jetstar,November,53,53,0,39,39,14,14,73.6,73.6,0
Brisbane-Newcastle,Brisbane,Newcastle,Jetstar,November,54,52,2,34,34,18,18,65.4,65.4,3.7
Newcastle-Brisbane,Newcastle,Brisbane,Jetstar,November,55,53,2,33,38,20,15,62.3,71.7,3.6
Sydney-Sunshine Coast,Sydney,Sunshine Coast,Qantas,November,55,54,1,27,26,27,28,50,48.1,1.8
Launceston-Melbourne,Launceston,Melbourne,Qantas,November,56,54,2,25,26,29,28,46.3,48.1,3.6
Melbourne-Newcastle,Melbourne,Newcastle,Jetstar,November,56,55,1,38,43,17,12,69.1,78.2,1.8
Perth-Sydney,Perth,Sydney,Jetstar,November,56,56,0,33,39,23,17,58.9,69.6,0
Sunshine Coast-Sydney,Sunshine Coast,Sydney,Qantas,November,56,56,0,32,37,24,19,57.1,66.1,0
Sydney-Perth,Sydney,Perth,Jetstar,November,56,56,0,41,37,15,19,73.2,66.1,0
Melbourne-Canberra,Melbourne,Canberra,Qantas,November,57,56,1,38,39,18,17,67.9,69.6,1.8
Melbourne-Launceston,Melbourne,Launceston,Qantas,November,57,54,3,23,21,31,33,42.6,38.9,5.3
Newcastle-Melbourne,Newcastle,Melbourne,Jetstar,November,57,55,2,39,44,16,11,70.9,80,3.5
Adelaide-Perth,Adelaide,Perth,Virgin Australia,November,59,59,0,28,25,31,34,47.5,42.4,0
Perth-Adelaide,Perth,Adelaide,Virgin Australia,November,59,59,0,44,38,15,21,74.6,64.4,0
Kalgoorlie-Perth,Kalgoorlie,Perth,Qantas,November,60,55,5,39,40,16,15,70.9,72.7,8.3
Perth-Kalgoorlie,Perth,Kalgoorlie,Qantas,November,60,55,5,40,41,15,14,72.7,74.5,8.3
Sydney-Sunshine Coast,Sydney,Sunshine Coast,Virgin Australia,November,60,60,0,41,35,19,25,68.3,58.3,0
Sunshine Coast-Sydney,Sunshine Coast,Sydney,Virgin Australia,November,61,61,0,35,30,26,31,57.4,49.2,0
Cairns-Melbourne,Cairns,Melbourne,Virgin Australia,November,63,63,0,49,48,14,15,77.8,76.2,0
Melbourne-Cairns,Melbourne,Cairns,Virgin Australia,November,63,63,0,58,61,5,2,92.1,96.8,0
Albury-Sydney,Albury,Sydney,Rex Airlines,November,69,68,1,50,47,18,21,73.5,69.1,1.4
Sydney-Albury,Sydney,Albury,Rex Airlines,November,69,68,1,48,48,20,20,70.6,70.6,1.4
Broome-Perth,Broome,Perth,Qantas,November,72,72,0,39,32,33,40,54.2,44.4,0
Perth-Broome,Perth,Broome,Qantas,November,72,72,0,47,43,25,29,65.3,59.7,0
Launceston-Melbourne,Launceston,Melbourne,Jetstar,November,73,73,0,35,37,38,36,47.9,50.7,0
Melbourne-Launceston,Melbourne,Launceston,Jetstar,November,73,73,0,37,42,36,31,50.7,57.5,0
Cairns-Sydney,Cairns,Sydney,Virgin Australia,November,75,75,0,53,54,22,21,70.7,72,0
Sydney-Cairns,Sydney,Cairns,Virgin Australia,November,75,75,0,57,58,18,17,76,77.3,0
Sydney-Coffs Harbour,Sydney,Coffs Harbour,Rex Airlines,November,75,75,0,47,49,28,26,62.7,65.3,0
Coffs Harbour-Sydney,Coffs Harbour,Sydney,Rex Airlines,November,76,76,0,44,41,32,35,57.9,53.9,0
Hobart-Sydney,Hobart,Sydney,Virgin Australia,November,76,75,1,56,54,19,21,74.7,72,1.3
Sydney-Hobart,Sydney,Hobart,Virgin Australia,November,76,75,1,57,59,18,16,76,78.7,1.3
Sydney-Port Macquarie,Sydney,Port Macquarie,Rex Airlines,November,77,75,2,57,55,18,20,76,73.3,2.6
Ballina-Sydney,Ballina,Sydney,Jetstar,November,78,77,1,57,57,20,20,74,74,1.3
Melbourne-Perth,Melbourne,Perth,Jetstar,November,78,75,3,48,53,27,22,64,70.7,3.8
Melbourne-Sunshine Coast,Melbourne,Sunshine Coast,Jetstar,November,78,77,1,47,45,30,32,61,58.4,1.3
Port Macquarie-Sydney,Port Macquarie,Sydney,Rex Airlines,November,78,76,2,55,55,21,21,72.4,72.4,2.6
Sunshine Coast-Melbourne,Sunshine Coast,Melbourne,Jetstar,November,78,77,1,36,47,41,30,46.8,61,1.3
Sydney-Ballina,Sydney,Ballina,Jetstar,November,78,77,1,62,66,15,11,80.5,85.7,1.3
Kalgoorlie-Perth,Kalgoorlie,Perth,Virgin Australia,November,79,79,0,57,51,22,28,72.2,64.6,0
Perth-Kalgoorlie,Perth,Kalgoorlie,Virgin Australia,November,79,79,0,63,58,16,21,79.7,73.4,0
Brisbane-Newcastle,Brisbane,Newcastle,Virgin Australia,November,80,78,2,31,31,47,47,39.7,39.7,2.5
Hobart-Sydney,Hobart,Sydney,Jetstar,November,80,79,1,46,47,33,32,58.2,59.5,1.3
Perth-Melbourne,Perth,Melbourne,Jetstar,November,80,74,6,43,49,31,25,58.1,66.2,7.5
Sydney-Hobart,Sydney,Hobart,Jetstar,November,80,79,1,61,60,18,19,77.2,75.9,1.3
Brisbane-Newcastle,Brisbane,Newcastle,Qantas,November,81,80,1,59,58,21,22,73.8,72.5,1.2
Melbourne-Sunshine Coast,Melbourne,Sunshine Coast,Virgin Australia,November,81,81,0,60,61,21,20,74.1,75.3,0
Newcastle-Brisbane,Newcastle,Brisbane,Qantas,November,81,80,1,62,54,18,26,77.5,67.5,1.2
Newcastle-Brisbane,Newcastle,Brisbane,Virgin Australia,November,81,79,2,43,44,36,35,54.4,55.7,2.5
Sunshine Coast-Melbourne,Sunshine Coast,Melbourne,Virgin Australia,November,81,81,0,55,56,26,25,67.9,69.1,0
Cairns-Sydney,Cairns,Sydney,Jetstar,November,82,80,2,55,61,25,19,68.8,76.3,2.4
Sydney-Cairns,Sydney,Cairns,Jetstar,November,82,81,1,66,65,15,16,81.5,80.2,1.2
Brisbane-Mount Isa,Brisbane,Mount Isa,Qantas,November,83,82,1,54,53,28,29,65.9,64.6,1.2
Melbourne-Hobart,Melbourne,Hobart,Qantas,November,83,76,7,30,31,46,45,39.5,40.8,8.4
Mount Isa-Brisbane,Mount Isa,Brisbane,Qantas,November,83,82,1,50,46,32,36,61,56.1,1.2
Hobart-Melbourne,Hobart,Melbourne,Qantas,November,84,77,7,39,38,38,39,50.6,49.4,8.3
Sydney-Wagga Wagga,Sydney,Wagga Wagga,Rex Airlines,November,85,84,1,68,69,16,15,81,82.1,1.2
Wagga Wagga-Sydney,Wagga Wagga,Sydney,Rex Airlines,November,85,84,1,69,62,15,22,82.1,73.8,1.2
Brisbane-Cairns,Brisbane,Cairns,Jetstar,November,86,86,0,65,68,21,18,75.6,79.1,0
Cairns-Brisbane,Cairns,Brisbane,Jetstar,November,86,86,0,70,70,16,16,81.4,81.4,0
Adelaide-Perth,Adelaide,Perth,Qantas,November,89,89,0,69,66,20,23,77.5,74.2,0
Perth-Adelaide,Perth,Adelaide,Qantas,November,89,89,0,70,68,19,21,78.7,76.4,0
Sydney-Gold Coast,Sydney,Gold Coast,Qantas,November,89,88,1,46,48,42,40,52.3,54.5,1.1
Adelaide-Melbourne,Adelaide,Melbourne,Jetstar,November,90,89,1,47,54,42,35,52.8,60.7,1.1
Canberra-Adelaide,Canberra,Adelaide,Qantas,November,90,90,0,72,76,18,14,80,84.4,0
Gold Coast-Sydney,Gold Coast,Sydney,Qantas,November,90,89,1,50,53,39,36,56.2,59.6,1.1
Melbourne-Adelaide,Melbourne,Adelaide,Jetstar,November,90,89,1,56,54,33,35,62.9,60.7,1.1
Adelaide-Canberra,Adelaide,Canberra,Qantas,November,91,91,0,74,69,17,22,81.3,75.8,0
Cairns-Melbourne,Cairns,Melbourne,Jetstar,November,91,90,1,49,52,41,38,54.4,57.8,1.1
Launceston-Melbourne,Launceston,Melbourne,Virgin Australia,November,91,89,2,63,66,26,23,70.8,74.2,2.2
Melbourne-Cairns,Melbourne,Cairns,Jetstar,November,91,89,2,57,56,32,33,64,62.9,2.2
Melbourne-Launceston,Melbourne,Launceston,Virgin Australia,November,91,89,2,60,61,29,28,67.4,68.5,2.2
Brisbane-Mackay,Brisbane,Mackay,Qantas,November,96,96,0,60,61,36,35,62.5,63.5,0
Mackay-Brisbane,Mackay,Brisbane,Qantas,November,97,96,1,70,70,26,26,72.9,72.9,1
Melbourne-Devonport,Melbourne,Devonport,Qantas,November,98,95,3,80,80,15,15,84.2,84.2,3.1
Melbourne-Mildura,Melbourne,Mildura,Qantas,November,98,96,2,85,82,11,14,88.5,85.4,2
Melbourne-Mildura,Melbourne,Mildura,Rex Airlines,November,98,98,0,81,77,17,21,82.7,78.6,0
Mildura-Melbourne,Mildura,Melbourne,Qantas,November,98,96,2,84,84,12,12,87.5,87.5,2
Albury-Sydney,Albury,Sydney,Qantas,November,99,97,2,64,69,33,28,66,71.1,2
Devonport-Melbourne,Devonport,Melbourne,Qantas,November,99,95,4,79,81,16,14,83.2,85.3,4
Mildura-Melbourne,Mildura,Melbourne,Rex Airlines,November,99,98,1,78,72,20,26,79.6,73.5,1
Sydney-Albury,Sydney,Albury,Qantas,November,99,97,2,69,71,28,26,71.1,73.2,2
Newman-Perth,Newman,Perth,Qantas,November,104,104,0,65,58,39,46,62.5,55.8,0
Perth-Newman,Perth,Newman,Qantas,November,104,104,0,80,75,24,29,76.9,72.1,0
Brisbane-Canberra,Brisbane,Canberra,Virgin Australia,November,109,109,0,67,64,42,45,61.5,58.7,0
Canberra-Brisbane,Canberra,Brisbane,Virgin Australia,November,109,109,0,75,75,34,34,68.8,68.8,0
Coffs Harbour-Sydney,Coffs Harbour,Sydney,Qantas,November,109,104,5,71,72,33,32,68.3,69.2,4.6
Sydney-Sunshine Coast,Sydney,Sunshine Coast,Jetstar,November,109,106,3,80,84,26,22,75.5,79.2,2.8
Sydney-Wagga Wagga,Sydney,Wagga Wagga,Qantas,November,109,104,5,84,75,20,29,80.8,72.1,4.6
Wagga Wagga-Sydney,Wagga Wagga,Sydney,Qantas,November,109,103,6,87,89,16,14,84.5,86.4,5.5
Sunshine Coast-Sydney,Sunshine Coast,Sydney,Jetstar,November,110,106,4,77,79,29,27,72.6,74.5,3.6
Port Macquarie-Sydney,Port Macquarie,Sydney,Qantas,November,111,104,7,83,79,21,25,79.8,76,6.3
Sydney-Coffs Harbour,Sydney,Coffs Harbour,Qantas,November,111,107,4,64,74,43,33,59.8,69.2,3.6
Sydney-Port Macquarie,Sydney,Port Macquarie,Qantas,November,111,106,5,73,79,33,27,68.9,74.5,4.5
Dubbo-Sydney,Dubbo,Sydney,Qantas,November,112,104,8,81,84,23,20,77.9,80.8,7.1
Emerald-Brisbane,Emerald,Brisbane,Qantas,November,112,107,5,89,88,18,19,83.2,82.2,4.5
Sydney-Dubbo,Sydney,Dubbo,Qantas,November,112,104,8,76,77,28,27,73.1,74,7.1
Brisbane-Emerald,Brisbane,Emerald,Qantas,November,113,108,5,82,86,26,22,75.9,79.6,4.4
Adelaide-Port Lincoln,Adelaide,Port Lincoln,Qantas,November,115,114,1,104,104,10,10,91.2,91.2,0.9
Port Lincoln-Adelaide,Port Lincoln,Adelaide,Qantas,November,115,115,0,106,105,9,10,92.2,91.3,0
Hobart-Melbourne,Hobart,Melbourne,Virgin Australia,November,117,117,0,93,93,24,24,79.5,79.5,0
Melbourne-Hobart,Melbourne,Hobart,Virgin Australia,November,119,117,2,84,86,33,31,71.8,73.5,1.7
Brisbane-Melbourne,Brisbane,Melbourne,Jetstar,November,120,117,3,82,84,35,33,70.1,71.8,2.5
Melbourne-Brisbane,Melbourne,Brisbane,Jetstar,November,120,117,3,64,64,53,53,54.7,54.7,2.5
Cairns-Townsville,Cairns,Townsville,Qantas,November,123,122,1,99,98,23,24,81.1,80.3,0.8
Townsville-Cairns,Townsville,Cairns,Qantas,November,124,120,4,108,108,12,12,90,90,3.2
Brisbane-Gladstone,Brisbane,Gladstone,Qantas,November,125,119,6,80,86,39,33,67.2,72.3,4.8
Canberra-Melbourne,Canberra,Melbourne,Virgin Australia,November,125,125,0,90,98,35,27,72,78.4,0
Melbourne-Canberra,Melbourne,Canberra,Virgin Australia,November,125,125,0,82,87,43,38,65.6,69.6,0
Sydney-Dubbo,Sydney,Dubbo,Rex Airlines,November,125,122,3,76,78,46,44,62.3,63.9,2.4
Dubbo-Sydney,Dubbo,Sydney,Rex Airlines,November,126,123,3,80,75,43,48,65,61,2.4
Gladstone-Brisbane,Gladstone,Brisbane,Qantas,November,126,120,6,97,92,23,28,80.8,76.7,4.8
Adelaide-Brisbane,Adelaide,Brisbane,Virgin Australia,November,127,126,1,80,90,46,36,63.5,71.4,0.8
Brisbane-Adelaide,Brisbane,Adelaide,Virgin Australia,November,127,126,1,72,75,54,51,57.1,59.5,0.8
Perth-Port Hedland,Perth,Port Hedland,Qantas,November,129,128,1,101,98,27,30,78.9,76.6,0.8
Port Hedland-Perth,Port Hedland,Perth,Qantas,November,130,127,3,83,82,44,45,65.4,64.6,2.3
Adelaide-Sydney,Adelaide,Sydney,Jetstar,November,131,123,8,84,86,39,37,68.3,69.9,6.1
Sydney-Adelaide,Sydney,Adelaide,Jetstar,November,131,122,9,82,81,40,41,67.2,66.4,6.9
Brisbane-Perth,Brisbane,Perth,Virgin Australia,November,133,131,2,55,36,76,95,42,27.5,1.5
Perth-Brisbane,Perth,Brisbane,Virgin Australia,November,133,132,1,69,65,63,67,52.3,49.2,0.8
Brisbane-Mackay,Brisbane,Mackay,Virgin Australia,November,134,133,1,86,101,47,32,64.7,75.9,0.7
Mackay-Brisbane,Mackay,Brisbane,Virgin Australia,November,134,133,1,104,102,29,31,78.2,76.7,0.7
Canberra-Melbourne,Canberra,Melbourne,Qantas,November,138,126,12,60,54,66,72,47.6,42.9,8.7
Melbourne-Canberra,Melbourne,Canberra,Qantas,November,139,128,11,56,49,72,79,43.8,38.3,7.9
Brisbane-Townsville,Brisbane,Townsville,Virgin Australia,November,140,136,4,74,76,62,60,54.4,55.9,2.9
Townsville-Brisbane,Townsville,Brisbane,Virgin Australia,November,140,136,4,90,91,46,45,66.2,66.9,2.9
Brisbane-Cairns,Brisbane,Cairns,Virgin Australia,November,142,142,0,76,81,66,61,53.5,57,0
Cairns-Brisbane,Cairns,Brisbane,Virgin Australia,November,142,142,0,80,81,62,61,56.3,57,0
Brisbane-Townsville,Brisbane,Townsville,Qantas,November,144,143,1,97,90,46,53,67.8,62.9,0.7
Melbourne-Hobart,Melbourne,Hobart,Jetstar,November,144,141,3,86,85,55,56,61,60.3,2.1
Townsville-Brisbane,Townsville,Brisbane,Qantas,November,144,142,2,112,109,30,33,78.9,76.8,1.4
Hobart-Melbourne,Hobart,Melbourne,Jetstar,November,145,141,4,67,65,74,76,47.5,46.1,2.8
Adelaide-Port Lincoln,Adelaide,Port Lincoln,Rex Airlines,November,146,139,7,110,106,29,33,79.1,76.3,4.8
Port Lincoln-Adelaide,Port Lincoln,Adelaide,Rex Airlines,November,147,139,8,110,108,29,31,79.1,77.7,5.4
Brisbane-Cairns,Brisbane,Cairns,Qantas,November,148,145,3,75,82,70,63,51.7,56.6,2
Cairns-Brisbane,Cairns,Brisbane,Qantas,November,148,145,3,82,73,63,72,56.6,50.3,2
Canberra-Brisbane,Canberra,Brisbane,Qantas,November,150,142,8,89,95,53,47,62.7,66.9,5.3
Brisbane-Canberra,Brisbane,Canberra,Qantas,November,151,145,6,96,97,49,48,66.2,66.9,4
Karratha-Perth,Karratha,Perth,Qantas,November,152,148,4,100,84,48,64,67.6,56.8,2.6
Brisbane-Rockhampton,Brisbane,Rockhampton,Virgin Australia,November,154,153,1,100,92,53,61,65.4,60.1,0.6
Perth-Karratha,Perth,Karratha,Qantas,November,154,152,2,117,106,35,46,77,69.7,1.3
Rockhampton-Brisbane,Rockhampton,Brisbane,Virgin Australia,November,155,154,1,103,88,51,66,66.9,57.1,0.6
Perth-Brisbane,Perth,Brisbane,Qantas,November,160,159,1,99,116,60,43,62.3,73,0.6
Perth-Sydney,Perth,Sydney,Virgin Australia,November,160,158,2,105,118,53,40,66.5,74.7,1.3
Brisbane-Perth,Brisbane,Perth,Qantas,November,162,161,1,107,84,54,77,66.5,52.2,0.6
Adelaide-Sydney,Adelaide,Sydney,Virgin Australia,November,167,164,3,99,105,65,59,60.4,64,1.8
Sydney-Adelaide,Sydney,Adelaide,Virgin Australia,November,167,165,2,101,99,64,66,61.2,60,1.2
Adelaide-Brisbane,Adelaide,Brisbane,Qantas,November,171,170,1,129,132,41,38,75.9,77.6,0.6
Brisbane-Adelaide,Brisbane,Adelaide,Qantas,November,171,168,3,107,112,61,56,63.7,66.7,1.8
Sydney-Perth,Sydney,Perth,Virgin Australia,November,172,170,2,100,90,70,80,58.8,52.9,1.2
Brisbane-Rockhampton,Brisbane,Rockhampton,Qantas,November,173,169,4,124,127,45,42,73.4,75.1,2.3
Rockhampton-Brisbane,Rockhampton,Brisbane,Qantas,November,175,169,6,120,109,49,60,71,64.5,3.4
Melbourne-Gold Coast,Melbourne,Gold Coast,Jetstar,November,189,185,4,110,110,75,75,59.5,59.5,2.1
Gold Coast-Melbourne,Gold Coast,Melbourne,Jetstar,November,190,186,4,125,132,61,54,67.2,71,2.1
Perth-Sydney,Perth,Sydney,Qantas,November,194,192,2,101,113,91,79,52.6,58.9,1
Sydney-Perth,Sydney,Perth,Qantas,November,196,193,3,92,66,101,127,47.7,34.2,1.5
Melbourne-Perth,Melbourne,Perth,Qantas,November,200,197,3,115,115,82,82,58.4,58.4,1.5
Perth-Melbourne,Perth,Melbourne,Qantas,November,200,196,4,115,129,81,67,58.7,65.8,2
Sydney-Brisbane,Sydney,Brisbane,Jetstar,November,205,196,9,113,116,83,80,57.7,59.2,4.4
Brisbane-Sydney,Brisbane,Sydney,Jetstar,November,209,196,13,117,118,79,78,59.7,60.2,6.2
Melbourne-Perth,Melbourne,Perth,Virgin Australia,November,220,219,1,135,124,84,95,61.6,56.6,0.5
Gold Coast-Sydney,Gold Coast,Sydney,Jetstar,November,227,219,8,144,148,75,71,65.8,67.6,3.5
Sydney-Gold Coast,Sydney,Gold Coast,Jetstar,November,229,220,9,160,166,60,54,72.7,75.5,3.9
Perth-Melbourne,Perth,Melbourne,Virgin Australia,November,234,232,2,157,155,75,77,67.7,66.8,0.9
Sydney-Adelaide,Sydney,Adelaide,Qantas,November,239,226,13,136,129,90,97,60.2,57.1,5.4
Adelaide-Sydney,Adelaide,Sydney,Qantas,November,240,229,11,143,146,86,83,62.4,63.8,4.6
Canberra-Sydney,Canberra,Sydney,Virgin Australia,November,246,239,7,196,194,43,45,82,81.2,2.8
Sydney-Canberra,Sydney,Canberra,Virgin Australia,November,246,239,7,192,195,47,44,80.3,81.6,2.8
Adelaide-Melbourne,Adelaide,Melbourne,Qantas,November,258,253,5,172,184,81,69,68,72.7,1.9
Melbourne-Adelaide,Melbourne,Adelaide,Qantas,November,259,256,3,154,168,102,88,60.2,65.6,1.2
Melbourne-Gold Coast,Melbourne,Gold Coast,Virgin Australia,November,259,257,2,161,166,96,91,62.6,64.6,0.8
Gold Coast-Melbourne,Gold Coast,Melbourne,Virgin Australia,November,261,257,4,150,165,107,92,58.4,64.2,1.5
Adelaide-Melbourne,Adelaide,Melbourne,Virgin Australia,November,281,276,5,177,182,99,94,64.1,65.9,1.8
Melbourne-Adelaide,Melbourne,Adelaide,Virgin Australia,November,281,277,4,180,147,97,130,65,53.1,1.4
Gold Coast-Sydney,Gold Coast,Sydney,Virgin Australia,November,304,295,9,166,178,129,117,56.3,60.3,3
Sydney-Gold Coast,Sydney,Gold Coast,Virgin Australia,November,305,297,8,184,169,113,128,62,56.9,2.6
Brisbane-Melbourne,Brisbane,Melbourne,Qantas,November,363,355,8,214,201,141,154,60.3,56.6,2.2
Melbourne-Brisbane,Melbourne,Brisbane,Qantas,November,366,357,9,209,225,148,132,58.5,63,2.5
Sydney-Melbourne,Sydney,Melbourne,Jetstar,November,391,373,18,241,251,132,122,64.6,67.3,4.6
Melbourne-Sydney,Melbourne,Sydney,Jetstar,November,392,372,20,240,246,132,126,64.5,66.1,5.1
Sydney-Canberra,Sydney,Canberra,Qantas,November,417,401,16,300,302,101,99,74.8,75.3,3.8
Canberra-Sydney,Canberra,Sydney,Qantas,November,418,401,17,285,285,116,116,71.1,71.1,4.1
Brisbane-Melbourne,Brisbane,Melbourne,Virgin Australia,November,433,424,9,248,221,176,203,58.5,52.1,2.1
Melbourne-Brisbane,Melbourne,Brisbane,Virgin Australia,November,442,430,12,286,238,144,192,66.5,55.3,2.7
Sydney-Brisbane,Sydney,Brisbane,Virgin Australia,November,470,458,12,293,294,165,164,64,64.2,2.6
Brisbane-Sydney,Brisbane,Sydney,Virgin Australia,November,478,467,11,251,231,216,236,53.7,49.5,2.3
Brisbane-Sydney,Brisbane,Sydney,Qantas,November,506,492,14,307,289,185,203,62.4,58.7,2.8
Sydney-Brisbane,Sydney,Brisbane,Qantas,November,509,496,13,270,252,226,244,54.4,50.8,2.6
Sydney-Melbourne,Sydney,Melbourne,Virgin Australia,November,775,746,29,461,461,285,285,61.8,61.8,3.7
Melbourne-Sydney,Melbourne,Sydney,Virgin Australia,November,780,751,29,492,437,259,314,65.5,58.2,3.7
Melbourne-Sydney,Melbourne,Sydney,Qantas,November,876,817,59,529,476,288,341,64.7,58.3,6.7
Sydney-Melbourne,Sydney,Melbourne,Qantas,November,884,824,60,447,448,377,376,54.2,54.4,6.8
Darwin-Perth,Darwin,Perth,Qantas,December,2,2,0,1,1,1,1,50,50,0
Perth-Darwin,Perth,Darwin,Qantas,December,2,2,0,1,1,1,1,50,50,0
Adelaide-Melbourne,Adelaide,Melbourne,Qantas,December,5,3,2,3,3,0,0,100,100,40
Melbourne-Adelaide,Melbourne,Adelaide,Qantas,December,5,3,2,3,3,0,0,100,100,40
Adelaide-Gold Coast,Adelaide,Gold Coast,Qantas,December,10,10,0,8,8,2,2,80,80,0
Brisbane-Launceston,Brisbane,Launceston,Qantas,December,10,10,0,6,6,4,4,60,60,0
Gold Coast-Adelaide,Gold Coast,Adelaide,Qantas,December,10,10,0,8,8,2,2,80,80,0
Launceston-Brisbane,Launceston,Brisbane,Qantas,December,10,10,0,5,7,5,3,50,70,0
Brisbane-Townsville,Brisbane,Townsville,Qantas,December,11,11,0,9,8,2,3,81.8,72.7,0
Newman-Perth,Newman,Perth,Qantas,December,11,11,0,10,11,1,0,90.9,100,0
Perth-Newman,Perth,Newman,Qantas,December,11,11,0,11,11,0,0,100,100,0
Townsville-Brisbane,Townsville,Brisbane,Qantas,December,11,11,0,9,9,2,2,81.8,81.8,0
Adelaide-Alice Springs,Adelaide,Alice Springs,Virgin Australia,December,13,13,0,7,9,6,4,53.8,69.2,0
Alice Springs-Adelaide,Alice Springs,Adelaide,Virgin Australia,December,13,13,0,3,3,10,10,23.1,23.1,0
Brisbane-Mount Isa,Brisbane,Mount Isa,Virgin Australia,December,13,13,0,7,8,6,5,53.8,61.5,0
Kalgoorlie-Perth,Kalgoorlie,Perth,Qantas,December,13,11,2,6,9,5,2,54.5,81.8,15.4
Mount Isa-Brisbane,Mount Isa,Brisbane,Virgin Australia,December,13,13,0,9,7,4,6,69.2,53.8,0
Perth-Kalgoorlie,Perth,Kalgoorlie,Qantas,December,13,11,2,9,9,2,2,81.8,81.8,15.4
Brisbane-Mackay,Brisbane,Mackay,Qantas,December,14,14,0,6,6,8,8,42.9,42.9,0
Cairns-Townsville,Cairns,Townsville,Rex Airlines,December,14,14,0,12,12,2,2,85.7,85.7,0
Brisbane-Cairns,Brisbane,Cairns,Qantas,December,15,15,0,12,13,3,2,80,86.7,0
Cairns-Brisbane,Cairns,Brisbane,Qantas,December,15,15,0,11,12,4,3,73.3,80,0
Perth-Port Hedland,Perth,Port Hedland,Virgin Australia,December,15,15,0,11,12,4,3,73.3,80,0
Port Hedland-Perth,Port Hedland,Perth,Virgin Australia,December,15,15,0,7,8,8,7,46.7,53.3,0
Townsville-Cairns,Townsville,Cairns,Rex Airlines,December,15,15,0,12,12,3,3,80,80,0
Canberra-Gold Coast,Canberra,Gold Coast,Jetstar,December,17,17,0,15,16,2,1,88.2,94.1,0
Gold Coast-Canberra,Gold Coast,Canberra,Jetstar,December,17,17,0,14,15,3,2,82.4,88.2,0
Brisbane-Melbourne,Brisbane,Melbourne,Qantas,December,18,13,5,4,4,9,9,30.8,30.8,27.8
Brisbane-Proserpine,Brisbane,Proserpine,Qantas,December,18,17,1,13,12,4,5,76.5,70.6,5.6
Canberra-Melbourne,Canberra,Melbourne,Qantas,December,18,17,1,9,12,8,5,52.9,70.6,5.6
Hamilton Island-Sydney,Hamilton Island,Sydney,Jetstar,December,18,18,0,16,13,2,5,88.9,72.2,0
Newman-Perth,Newman,Perth,Virgin Australia,December,18,18,0,12,12,6,6,66.7,66.7,0
Perth-Newman,Perth,Newman,Virgin Australia,December,18,18,0,16,15,2,3,88.9,83.3,0
Proserpine-Brisbane,Proserpine,Brisbane,Qantas,December,18,17,1,13,12,4,5,76.5,70.6,5.6
Sydney-Hamilton Island,Sydney,Hamilton Island,Jetstar,December,18,18,0,16,16,2,2,88.9,88.9,0
Adelaide-Canberra,Adelaide,Canberra,Virgin Australia,December,19,18,1,11,11,7,7,61.1,61.1,5.3
Adelaide-Perth,Adelaide,Perth,Virgin Australia,December,19,19,0,6,6,13,13,31.6,31.6,0
Canberra-Adelaide,Canberra,Adelaide,Virgin Australia,December,19,18,1,12,13,6,5,66.7,72.2,5.3
Melbourne-Brisbane,Melbourne,Brisbane,Qantas,December,19,14,5,8,8,6,6,57.1,57.1,26.3
Perth-Adelaide,Perth,Adelaide,Virgin Australia,December,19,19,0,11,12,8,7,57.9,63.2,0
Hobart-Melbourne,Hobart,Melbourne,Qantas,December,20,19,1,11,13,8,6,57.9,68.4,5
Melbourne-Canberra,Melbourne,Canberra,Qantas,December,20,18,2,10,9,8,9,55.6,50,10
Melbourne-Hobart,Melbourne,Hobart,Qantas,December,20,19,1,15,16,4,3,78.9,84.2,5
Mackay-Brisbane,Mackay,Brisbane,Qantas,December,21,19,2,11,9,8,10,57.9,47.4,9.5
Broome-Perth,Broome,Perth,Virgin Australia,December,22,22,0,13,11,9,11,59.1,50,0
Perth-Broome,Perth,Broome,Virgin Australia,December,22,22,0,18,16,4,6,81.8,72.7,0
Brisbane-Launceston,Brisbane,Launceston,Virgin Australia,December,23,23,0,12,15,11,8,52.2,65.2,0
Launceston-Brisbane,Launceston,Brisbane,Virgin Australia,December,23,23,0,13,16,10,7,56.5,69.6,0
Broome-Perth,Broome,Perth,Virgin Australia,December,24,24,0,3,11,21,13,12.5,45.8,0
Darwin-Perth,Darwin,Perth,Virgin Australia,December,24,24,0,19,20,5,4,79.2,83.3,0
Perth-Broome,Perth,Broome,Virgin Australia,December,24,24,0,15,20,9,4,62.5,83.3,0
Perth-Darwin,Perth,Darwin,Virgin Australia,December,24,24,0,14,16,10,8,58.3,66.7,0
Darwin-Brisbane,Darwin,Brisbane,Jetstar,December,26,26,0,13,13,13,13,50,50,0
Karratha-Perth,Karratha,Perth,Virgin Australia,December,26,25,1,17,18,8,7,68,72,3.8
Perth-Karratha,Perth,Karratha,Virgin Australia,December,26,26,0,18,20,8,6,69.2,76.9,0
Brisbane-Darwin,Brisbane,Darwin,Jetstar,December,27,27,0,15,18,12,9,55.6,66.7,0
Brisbane-Emerald,Brisbane,Emerald,Virgin Australia,December,27,27,0,17,19,10,8,63,70.4,0
Coffs Harbour-Sydney,Coffs Harbour,Sydney,Qantas,December,27,27,0,19,18,8,9,70.4,66.7,0
Darwin-Melbourne,Darwin,Melbourne,Virgin Australia,December,27,27,0,15,17,12,10,55.6,63,0
Emerald-Brisbane,Emerald,Brisbane,Virgin Australia,December,27,27,0,22,20,5,7,81.5,74.1,0
Melbourne-Darwin,Melbourne,Darwin,Virgin Australia,December,27,27,0,20,22,7,5,74.1,81.5,0
Sydney-Coffs Harbour,Sydney,Coffs Harbour,Qantas,December,27,27,0,20,19,7,8,74.1,70.4,0
Darwin-Melbourne,Darwin,Melbourne,Jetstar,December,28,27,1,15,17,12,10,55.6,63,3.6
Melbourne-Darwin,Melbourne,Darwin,Jetstar,December,28,27,1,23,18,4,9,85.2,66.7,3.6
Sydney-Hamilton Island,Sydney,Hamilton Island,Qantas,December,30,30,0,17,18,13,12,56.7,60,0
Adelaide-Gold Coast,Adelaide,Gold Coast,Jetstar,December,31,31,0,27,27,4,4,87.1,87.1,0
Adelaide-Perth,Adelaide,Perth,Jetstar,December,31,31,0,20,18,11,13,64.5,58.1,0
Brisbane-Canberra,Brisbane,Canberra,Jetstar,December,31,31,0,15,17,16,14,48.4,54.8,0
Brisbane-Darwin,Brisbane,Darwin,Virgin Australia,December,31,31,0,26,29,5,2,83.9,93.5,0
Brisbane-Launceston,Brisbane,Launceston,Jetstar,December,31,29,2,23,22,6,7,79.3,75.9,6.5
Brisbane-Mackay,Brisbane,Mackay,Jetstar,December,31,31,0,13,13,18,18,41.9,41.9,0
Cairns-Melbourne,Cairns,Melbourne,Qantas,December,31,31,0,29,28,2,3,93.5,90.3,0
Canberra-Brisbane,Canberra,Brisbane,Jetstar,December,31,31,0,13,16,18,15,41.9,51.6,0
Canberra-Gold Coast,Canberra,Gold Coast,Virgin Australia,December,31,31,0,29,30,2,1,93.5,96.8,0
Canberra-Melbourne,Canberra,Melbourne,Jetstar,December,31,31,0,27,27,4,4,87.1,87.1,0
Darwin-Brisbane,Darwin,Brisbane,Virgin Australia,December,31,31,0,21,21,10,10,67.7,67.7,0
Darwin-Melbourne,Darwin,Melbourne,Qantas,December,31,31,0,25,29,6,2,80.6,93.5,0
Darwin-Perth,Darwin,Perth,Qantas,December,31,31,0,26,27,5,4,83.9,87.1,0
Gold Coast-Adelaide,Gold Coast,Adelaide,Jetstar,December,31,31,0,28,28,3,3,90.3,90.3,0
Gold Coast-Canberra,Gold Coast,Canberra,Virgin Australia,December,31,31,0,28,28,3,3,90.3,90.3,0
Hamilton Island-Sydney,Hamilton Island,Sydney,Qantas,December,31,31,0,14,17,17,14,45.2,54.8,0
Launceston-Brisbane,Launceston,Brisbane,Jetstar,December,31,29,2,18,18,11,11,62.1,62.1,6.5
Launceston-Sydney,Launceston,Sydney,Virgin Australia,December,31,31,0,19,20,12,11,61.3,64.5,0
Mackay-Brisbane,Mackay,Brisbane,Jetstar,December,31,31,0,13,12,18,19,41.9,38.7,0
Melbourne-Cairns,Melbourne,Cairns,Qantas,December,31,31,0,29,29,2,2,93.5,93.5,0
Melbourne-Canberra,Melbourne,Canberra,Jetstar,December,31,31,0,24,28,7,3,77.4,90.3,0
Melbourne-Darwin,Melbourne,Darwin,Qantas,December,31,31,0,25,27,6,4,80.6,87.1,0
Perth-Adelaide,Perth,Adelaide,Jetstar,December,31,31,0,23,21,8,10,74.2,67.7,0
Perth-Darwin,Perth,Darwin,Qantas,December,31,31,0,27,27,4,4,87.1,87.1,0
Sydney-Hamilton Island,Sydney,Hamilton Island,Virgin Australia,December,31,31,0,24,19,7,12,77.4,61.3,0
Sydney-Launceston,Sydney,Launceston,Virgin Australia,December,31,31,0,27,23,4,8,87.1,74.2,0
Brisbane-Hobart,Brisbane,Hobart,Qantas,December,32,32,0,21,19,11,13,65.6,59.4,0
Hamilton Island-Sydney,Hamilton Island,Sydney,Virgin Australia,December,32,31,1,19,16,12,15,61.3,51.6,3.1
Hobart-Brisbane,Hobart,Brisbane,Qantas,December,32,31,1,10,11,21,20,32.3,35.5,3.1
Kalgoorlie-Perth,Kalgoorlie,Perth,Virgin Australia,December,32,31,1,18,21,13,10,58.1,67.7,3.1
Launceston-Sydney,Launceston,Sydney,Qantas,December,32,31,1,24,26,7,5,77.4,83.9,3.1
Perth-Kalgoorlie,Perth,Kalgoorlie,Virgin Australia,December,32,31,1,25,23,6,8,80.6,74.2,3.1
Sydney-Launceston,Sydney,Launceston,Qantas,December,32,31,1,8,8,23,23,25.8,25.8,3.1
Adelaide-Alice Springs,Adelaide,Alice Springs,Qantas,December,33,33,0,26,26,7,7,78.8,78.8,0
Alice Springs-Adelaide,Alice Springs,Adelaide,Qantas,December,33,33,0,26,26,7,7,78.8,78.8,0
Brisbane-Perth,Brisbane,Perth,Jetstar,December,33,31,2,13,17,18,14,41.9,54.8,6.1
Brisbane-Hamilton Island,Brisbane,Hamilton Island,Qantas,December,34,33,1,22,21,11,12,66.7,63.6,2.9
Perth-Brisbane,Perth,Brisbane,Jetstar,December,34,31,3,11,10,20,21,35.5,32.3,8.8
Brisbane-Darwin,Brisbane,Darwin,Qantas,December,35,35,0,31,32,4,3,88.6,91.4,0
Darwin-Brisbane,Darwin,Brisbane,Qantas,December,35,33,2,24,21,9,12,72.7,63.6,5.7
Hamilton Island-Brisbane,Hamilton Island,Brisbane,Qantas,December,35,33,2,23,23,10,10,69.7,69.7,5.7
Adelaide-Brisbane,Adelaide,Brisbane,Jetstar,December,36,36,0,24,27,12,9,66.7,75,0
Brisbane-Adelaide,Brisbane,Adelaide,Jetstar,December,36,36,0,20,24,16,12,55.6,66.7,0
Brisbane-Gladstone,Brisbane,Gladstone,Virgin Australia,December,36,36,0,24,27,12,9,66.7,75,0
Gladstone-Brisbane,Gladstone,Brisbane,Virgin Australia,December,36,36,0,31,29,5,7,86.1,80.6,0
Hobart-Brisbane,Hobart,Brisbane,Jetstar,December,37,37,0,22,26,15,11,59.5,70.3,0
Ballina-Sydney,Ballina,Sydney,Qantas,December,39,39,0,25,27,14,12,64.1,69.2,0
Brisbane-Hobart,Brisbane,Hobart,Jetstar,December,39,39,0,30,29,9,10,76.9,74.4,0
Newman-Perth,Newman,Perth,Virgin Australia,December,39,39,0,30,28,9,11,76.9,71.8,0
Perth-Newman,Perth,Newman,Virgin Australia,December,39,39,0,33,32,6,7,84.6,82.1,0
Perth-Port Hedland,Perth,Port Hedland,Virgin Australia,December,40,40,0,33,35,7,5,82.5,87.5,0
Port Hedland-Perth,Port Hedland,Perth,Virgin Australia,December,40,39,1,23,21,16,18,59,53.8,2.5
Sydney-Ballina,Sydney,Ballina,Qantas,December,40,40,0,31,27,9,13,77.5,67.5,0
Melbourne-Newcastle,Melbourne,Newcastle,Qantas,December,41,40,1,19,23,21,17,47.5,57.5,2.4
Melbourne-Newcastle,Melbourne,Newcastle,Virgin Australia,December,41,41,0,33,35,8,6,80.5,85.4,0
Newcastle-Melbourne,Newcastle,Melbourne,Qantas,December,41,40,1,33,29,7,11,82.5,72.5,2.4
Newcastle-Melbourne,Newcastle,Melbourne,Virgin Australia,December,41,41,0,35,35,6,6,85.4,85.4,0
Brisbane-Proserpine,Brisbane,Proserpine,Jetstar,December,42,39,3,21,22,18,17,53.8,56.4,7.1
Melbourne-Sunshine Coast,Melbourne,Sunshine Coast,Qantas,December,42,42,0,32,34,10,8,76.2,81,0
Proserpine-Brisbane,Proserpine,Brisbane,Jetstar,December,42,39,3,17,16,22,23,43.6,41,7.1
Sunshine Coast-Melbourne,Sunshine Coast,Melbourne,Qantas,December,42,42,0,29,32,13,10,69,76.2,0
Brisbane-Proserpine,Brisbane,Proserpine,Virgin Australia,December,43,40,3,33,31,7,9,82.5,77.5,7
Proserpine-Brisbane,Proserpine,Brisbane,Virgin Australia,December,43,40,3,26,30,14,10,65,75,7
Adelaide-Gold Coast,Adelaide,Gold Coast,Virgin Australia,December,45,45,0,44,44,1,1,97.8,97.8,0
Cairns-Sydney,Cairns,Sydney,Qantas,December,45,44,1,34,34,10,10,77.3,77.3,2.2
Gold Coast-Adelaide,Gold Coast,Adelaide,Virgin Australia,December,45,45,0,42,43,3,2,93.3,95.6,0
Sydney-Cairns,Sydney,Cairns,Qantas,December,45,44,1,32,35,12,9,72.7,79.5,2.2
Hamilton Island-Brisbane,Hamilton Island,Brisbane,Virgin Australia,December,47,47,0,37,39,10,8,78.7,83,0
Brisbane-Hamilton Island,Brisbane,Hamilton Island,Virgin Australia,December,49,49,0,44,42,5,7,89.8,85.7,0
Ballina-Sydney,Ballina,Sydney,Virgin Australia,December,50,50,0,37,38,13,12,74,76,0
Devonport-Melbourne,Devonport,Melbourne,Rex Airlines,December,50,46,4,42,42,4,4,91.3,91.3,8
Melbourne-Devonport,Melbourne,Devonport,Rex Airlines,December,50,47,3,43,43,4,4,91.5,91.5,6
Sydney-Ballina,Sydney,Ballina,Virgin Australia,December,50,50,0,40,38,10,12,80,76,0
Karratha-Perth,Karratha,Perth,Virgin Australia,December,51,51,0,44,43,7,8,86.3,84.3,0
Perth-Karratha,Perth,Karratha,Virgin Australia,December,51,51,0,41,41,10,10,80.4,80.4,0
Melbourne-Gold Coast,Melbourne,Gold Coast,Qantas,December,53,53,0,36,37,17,16,67.9,69.8,0
Gold Coast-Melbourne,Gold Coast,Melbourne,Qantas,December,54,54,0,31,36,23,18,57.4,66.7,0
Brisbane-Newcastle,Brisbane,Newcastle,Jetstar,December,56,56,0,32,31,24,25,57.1,55.4,0
Newcastle-Brisbane,Newcastle,Brisbane,Jetstar,December,56,56,0,30,36,26,20,53.6,64.3,0
Brisbane-Hobart,Brisbane,Hobart,Virgin Australia,December,57,57,0,37,35,20,22,64.9,61.4,0
Hobart-Brisbane,Hobart,Brisbane,Virgin Australia,December,57,57,0,28,34,29,23,49.1,59.6,0
Kalgoorlie-Perth,Kalgoorlie,Perth,Qantas,December,57,51,6,33,35,18,16,64.7,68.6,10.5
Perth-Kalgoorlie,Perth,Kalgoorlie,Qantas,December,57,51,6,35,34,16,17,68.6,66.7,10.5
Launceston-Sydney,Launceston,Sydney,Jetstar,December,58,57,1,47,49,10,8,82.5,86,1.7
Sunshine Coast-Sydney,Sunshine Coast,Sydney,Qantas,December,58,58,0,45,41,13,17,77.6,70.7,0
Sydney-Launceston,Sydney,Launceston,Jetstar,December,59,58,1,50,50,8,8,86.2,86.2,1.7
Brisbane-Townsville,Brisbane,Townsville,Jetstar,December,60,60,0,21,28,39,32,35,46.7,0
Sydney-Sunshine Coast,Sydney,Sunshine Coast,Qantas,December,60,60,0,40,38,20,22,66.7,63.3,0
Townsville-Brisbane,Townsville,Brisbane,Jetstar,December,60,60,0,29,30,31,30,48.3,50,0
Canberra-Sydney,Canberra,Sydney,Qantas,December,61,59,2,49,49,10,10,83.1,83.1,3.3
Melbourne-Newcastle,Melbourne,Newcastle,Jetstar,December,61,61,0,42,46,19,15,68.9,75.4,0
Newcastle-Melbourne,Newcastle,Melbourne,Jetstar,December,61,61,0,39,48,22,13,63.9,78.7,0
Sydney-Albury,Sydney,Albury,Rex Airlines,December,61,61,0,40,39,21,22,65.6,63.9,0
Albury-Sydney,Albury,Sydney,Rex Airlines,December,62,62,0,47,41,15,21,75.8,66.1,0
Sydney-Canberra,Sydney,Canberra,Qantas,December,62,60,2,50,48,10,12,83.3,80,3.2
Sydney-Perth,Sydney,Perth,Jetstar,December,62,62,0,40,36,22,26,64.5,58.1,0
Perth-Sydney,Perth,Sydney,Jetstar,December,63,62,1,30,47,32,15,48.4,75.8,1.6
Adelaide-Perth,Adelaide,Perth,Virgin Australia,December,64,64,0,34,37,30,27,53.1,57.8,0
Perth-Adelaide,Perth,Adelaide,Virgin Australia,December,64,64,0,53,47,11,17,82.8,73.4,0
Sunshine Coast-Sydney,Sunshine Coast,Sydney,Virgin Australia,December,65,65,0,44,43,21,22,67.7,66.2,0
Sydney-Sunshine Coast,Sydney,Sunshine Coast,Virgin Australia,December,65,65,0,46,45,19,20,70.8,69.2,0
Wagga Wagga-Sydney,Wagga Wagga,Sydney,Rex Airlines,December,65,65,0,52,50,13,15,80,76.9,0
Kalgoorlie-Perth,Kalgoorlie,Perth,Virgin Australia,December,66,66,0,51,44,15,22,77.3,66.7,0
Perth-Kalgoorlie,Perth,Kalgoorlie,Virgin Australia,December,66,66,0,54,50,12,16,81.8,75.8,0
Port Macquarie-Sydney,Port Macquarie,Sydney,Rex Airlines,December,66,64,2,45,40,19,24,70.3,62.5,3
Sydney-Wagga Wagga,Sydney,Wagga Wagga,Rex Airlines,December,66,65,1,53,54,12,11,81.5,83.1,1.5
Sydney-Port Macquarie,Sydney,Port Macquarie,Rex Airlines,December,67,65,2,41,41,24,24,63.1,63.1,3
Coffs Harbour-Sydney,Coffs Harbour,Sydney,Qantas,December,69,65,4,48,46,17,19,73.8,70.8,5.8
Launceston-Melbourne,Launceston,Melbourne,Qantas,December,69,64,5,30,32,34,32,46.9,50,7.2
Sydney-Coffs Harbour,Sydney,Coffs Harbour,Qantas,December,69,68,1,47,50,21,18,69.1,73.5,1.4
Melbourne-Launceston,Melbourne,Launceston,Qantas,December,70,65,5,39,34,26,31,60,52.3,7.1
Broome-Perth,Broome,Perth,Qantas,December,75,75,0,32,36,43,39,42.7,48,0
Perth-Broome,Perth,Broome,Qantas,December,76,76,0,53,45,23,31,69.7,59.2,0
Brisbane-Newcastle,Brisbane,Newcastle,Qantas,December,77,75,2,54,52,21,23,72,69.3,2.6
Newcastle-Brisbane,Newcastle,Brisbane,Qantas,December,77,75,2,59,55,16,20,78.7,73.3,2.6
Adelaide-Canberra,Adelaide,Canberra,Qantas,December,78,77,1,60,59,17,18,77.9,76.6,1.3
Brisbane-Mount Isa,Brisbane,Mount Isa,Qantas,December,78,76,2,48,45,28,31,63.2,59.2,2.6
Brisbane-Newcastle,Brisbane,Newcastle,Virgin Australia,December,78,78,0,39,40,39,38,50,51.3,0
Cairns-Melbourne,Cairns,Melbourne,Virgin Australia,December,78,78,0,61,64,17,14,78.2,82.1,0
Melbourne-Cairns,Melbourne,Cairns,Virgin Australia,December,78,78,0,65,70,13,8,83.3,89.7,0
Mount Isa-Brisbane,Mount Isa,Brisbane,Qantas,December,78,76,2,47,41,29,35,61.8,53.9,2.6
Newcastle-Brisbane,Newcastle,Brisbane,Virgin Australia,December,78,78,0,51,48,27,30,65.4,61.5,0
Canberra-Adelaide,Canberra,Adelaide,Qantas,December,79,78,1,63,63,15,15,80.8,80.8,1.3
Hobart-Sydney,Hobart,Sydney,Virgin Australia,December,80,80,0,59,60,21,20,73.8,75,0
Sydney-Hobart,Sydney,Hobart,Virgin Australia,December,80,80,0,65,63,15,17,81.3,78.8,0
Melbourne-Sunshine Coast,Melbourne,Sunshine Coast,Jetstar,December,83,83,0,59,60,24,23,71.1,72.3,0
Sydney-Coffs Harbour,Sydney,Coffs Harbour,Rex Airlines,December,83,83,0,57,62,26,21,68.7,74.7,0
Coffs Harbour-Sydney,Coffs Harbour,Sydney,Rex Airlines,December,84,84,0,56,56,28,28,66.7,66.7,0
Sunshine Coast-Melbourne,Sunshine Coast,Melbourne,Jetstar,December,84,83,1,53,57,30,26,63.9,68.7,1.2
Hobart-Sydney,Hobart,Sydney,Qantas,December,86,80,6,38,38,42,42,47.5,47.5,7
Sydney-Hobart,Sydney,Hobart,Qantas,December,86,80,6,35,40,45,40,43.8,50,7
Melbourne-Perth,Melbourne,Perth,Jetstar,December,87,86,1,64,53,22,33,74.4,61.6,1.1
Perth-Melbourne,Perth,Melbourne,Jetstar,December,87,86,1,49,69,37,17,57,80.2,1.1
Sydney-Dubbo,Sydney,Dubbo,Rex Airlines,December,87,85,2,52,61,33,24,61.2,71.8,2.3
Ballina-Sydney,Ballina,Sydney,Jetstar,December,88,88,0,75,75,13,13,85.2,85.2,0
Sydney-Ballina,Sydney,Ballina,Jetstar,December,88,88,0,74,71,14,17,84.1,80.7,0
Adelaide-Perth,Adelaide,Perth,Qantas,December,91,90,1,77,77,13,13,85.6,85.6,1.1
Perth-Adelaide,Perth,Adelaide,Qantas,December,91,91,0,71,74,20,17,78,81.3,0
Cairns-Melbourne,Cairns,Melbourne,Jetstar,December,92,92,0,62,66,30,26,67.4,71.7,0
Dubbo-Sydney,Dubbo,Sydney,Rex Airlines,December,92,89,3,67,64,22,25,75.3,71.9,3.3
Melbourne-Mildura,Melbourne,Mildura,Rex Airlines,December,92,92,0,85,82,7,10,92.4,89.1,0
Mildura-Melbourne,Mildura,Melbourne,Rex Airlines,December,92,92,0,86,87,6,5,93.5,94.6,0
Launceston-Melbourne,Launceston,Melbourne,Virgin Australia,December,93,93,0,82,84,11,9,88.2,90.3,0
Mackay-Brisbane,Mackay,Brisbane,Qantas,December,94,94,0,61,60,33,34,64.9,63.8,0
Melbourne-Launceston,Melbourne,Launceston,Virgin Australia,December,94,93,1,81,84,12,9,87.1,90.3,1.1
Brisbane-Mackay,Brisbane,Mackay,Qantas,December,95,95,0,68,66,27,29,71.6,69.5,0
Melbourne-Cairns,Melbourne,Cairns,Jetstar,December,95,95,0,71,69,24,26,74.7,72.6,0
Sydney-Albury,Sydney,Albury,Qantas,December,95,94,1,66,70,28,24,70.2,74.5,1.1
Albury-Sydney,Albury,Sydney,Qantas,December,96,95,1,67,66,28,29,70.5,69.5,1
Melbourne-Hobart,Melbourne,Hobart,Qantas,December,96,91,5,48,49,43,42,52.7,53.8,5.2
Hobart-Melbourne,Hobart,Melbourne,Qantas,December,97,91,6,56,54,35,37,61.5,59.3,6.2
Brisbane-Cairns,Brisbane,Cairns,Jetstar,December,98,98,0,65,68,33,30,66.3,69.4,0
Cairns-Brisbane,Cairns,Brisbane,Jetstar,December,98,98,0,72,73,26,25,73.5,74.5,0
Melbourne-Mildura,Melbourne,Mildura,Qantas,December,98,96,2,78,76,18,20,81.3,79.2,2
Mildura-Melbourne,Mildura,Melbourne,Qantas,December,98,96,2,84,88,12,8,87.5,91.7,2
Sydney-Cairns,Sydney,Cairns,Virgin Australia,December,98,97,1,85,82,12,15,87.6,84.5,1
Brisbane-Emerald,Brisbane,Emerald,Qantas,December,99,95,4,75,77,20,18,78.9,81.1,4
Cairns-Sydney,Cairns,Sydney,Virgin Australia,December,99,97,2,82,83,15,14,84.5,85.6,2
Emerald-Brisbane,Emerald,Brisbane,Qantas,December,99,95,4,79,78,16,17,83.2,82.1,4
Brisbane-Canberra,Brisbane,Canberra,Virgin Australia,December,101,101,0,77,71,24,30,76.2,70.3,0
Canberra-Brisbane,Canberra,Brisbane,Virgin Australia,December,101,101,0,73,85,28,16,72.3,84.2,0
Melbourne-Sunshine Coast,Melbourne,Sunshine Coast,Virgin Australia,December,102,102,0,93,95,9,7,91.2,93.1,0
Sunshine Coast-Melbourne,Sunshine Coast,Melbourne,Virgin Australia,December,102,102,0,94,93,8,9,92.2,91.2,0
Melbourne-Devonport,Melbourne,Devonport,Qantas,December,103,100,3,81,83,19,17,81,83,2.9
Devonport-Melbourne,Devonport,Melbourne,Qantas,December,104,100,4,86,84,14,16,86,84,3.8
Newman-Perth,Newman,Perth,Qantas,December,105,100,5,72,75,28,25,72,75,4.8
Perth-Newman,Perth,Newman,Qantas,December,105,101,4,81,80,20,21,80.2,79.2,3.8
Sydney-Cairns,Sydney,Cairns,Jetstar,December,105,105,0,75,76,30,29,71.4,72.4,0
Dubbo-Sydney,Dubbo,Sydney,Qantas,December,106,103,3,86,86,17,17,83.5,83.5,2.8
Gold Coast-Sydney,Gold Coast,Sydney,Qantas,December,106,105,1,83,78,22,27,79,74.3,0.9
Sydney-Dubbo,Sydney,Dubbo,Qantas,December,106,104,2,81,83,23,21,77.9,79.8,1.9
Sydney-Gold Coast,Sydney,Gold Coast,Qantas,December,106,105,1,73,83,32,22,69.5,79,0.9
Sydney-Wagga Wagga,Sydney,Wagga Wagga,Qantas,December,106,103,3,84,84,19,19,81.6,81.6,2.8
Wagga Wagga-Sydney,Wagga Wagga,Sydney,Qantas,December,106,102,4,90,87,12,15,88.2,85.3,3.8
Cairns-Sydney,Cairns,Sydney,Jetstar,December,107,106,1,80,83,26,23,75.5,78.3,0.9
Hobart-Sydney,Hobart,Sydney,Jetstar,December,108,108,0,57,60,51,48,52.8,55.6,0
Sydney-Hobart,Sydney,Hobart,Jetstar,December,108,108,0,71,75,37,33,65.7,69.4,0
Sydney-Port Macquarie,Sydney,Port Macquarie,Qantas,December,109,108,1,84,92,24,16,77.8,85.2,0.9
Melbourne-Launceston,Melbourne,Launceston,Jetstar,December,110,110,0,74,78,36,32,67.3,70.9,0
Port Macquarie-Sydney,Port Macquarie,Sydney,Qantas,December,110,109,1,93,91,16,18,85.3,83.5,0.9
Launceston-Melbourne,Launceston,Melbourne,Jetstar,December,111,111,0,71,83,40,28,64,74.8,0
Adelaide-Port Lincoln,Adelaide,Port Lincoln,Qantas,December,112,111,1,96,95,15,16,86.5,85.6,0.9
Port Lincoln-Adelaide,Port Lincoln,Adelaide,Qantas,December,113,111,2,97,98,14,13,87.4,88.3,1.8
Brisbane-Gladstone,Brisbane,Gladstone,Qantas,December,115,114,1,80,81,34,33,70.2,71.1,0.9
Gladstone-Brisbane,Gladstone,Brisbane,Qantas,December,115,114,1,88,79,26,35,77.2,69.3,0.9
Canberra-Melbourne,Canberra,Melbourne,Virgin Australia,December,117,117,0,102,104,15,13,87.2,88.9,0
Melbourne-Canberra,Melbourne,Canberra,Virgin Australia,December,117,117,0,99,101,18,16,84.6,86.3,0
Sunshine Coast-Sydney,Sunshine Coast,Sydney,Jetstar,December,118,116,2,84,90,32,26,72.4,77.6,1.7
Sydney-Sunshine Coast,Sydney,Sunshine Coast,Jetstar,December,118,117,1,94,89,23,28,80.3,76.1,0.8
Townsville-Cairns,Townsville,Cairns,Qantas,December,118,115,3,93,90,22,25,80.9,78.3,2.5
Cairns-Townsville,Cairns,Townsville,Qantas,December,119,116,3,94,95,22,21,81,81.9,2.5
Adelaide-Melbourne,Adelaide,Melbourne,Jetstar,December,124,124,0,71,80,53,44,57.3,64.5,0
Melbourne-Adelaide,Melbourne,Adelaide,Jetstar,December,124,124,0,81,79,43,45,65.3,63.7,0
Perth-Port Hedland,Perth,Port Hedland,Qantas,December,130,128,2,113,103,15,25,88.3,80.5,1.5
Port Hedland-Perth,Port Hedland,Perth,Qantas,December,130,126,4,91,86,35,40,72.2,68.3,3.1
Hobart-Melbourne,Hobart,Melbourne,Virgin Australia,December,131,131,0,105,112,26,19,80.2,85.5,0
Melbourne-Hobart,Melbourne,Hobart,Virgin Australia,December,132,131,1,96,105,35,26,73.3,80.2,0.8
Karratha-Perth,Karratha,Perth,Qantas,December,135,131,4,101,95,30,36,77.1,72.5,3
Adelaide-Brisbane,Adelaide,Brisbane,Virgin Australia,December,136,136,0,100,107,36,29,73.5,78.7,0
Brisbane-Adelaide,Brisbane,Adelaide,Virgin Australia,December,136,136,0,106,108,30,28,77.9,79.4,0
Perth-Karratha,Perth,Karratha,Qantas,December,136,132,4,105,101,27,31,79.5,76.5,2.9
Brisbane-Mackay,Brisbane,Mackay,Virgin Australia,December,137,137,0,89,102,48,35,65,74.5,0
Mackay-Brisbane,Mackay,Brisbane,Virgin Australia,December,137,136,1,101,99,35,37,74.3,72.8,0.7
Melbourne-Canberra,Melbourne,Canberra,Qantas,December,139,129,10,75,70,54,59,58.1,54.3,7.2
Brisbane-Canberra,Brisbane,Canberra,Qantas,December,141,140,1,96,96,44,44,68.6,68.6,0.7
Brisbane-Perth,Brisbane,Perth,Virgin Australia,December,141,141,0,78,78,63,63,55.3,55.3,0
Canberra-Brisbane,Canberra,Brisbane,Qantas,December,141,138,3,97,96,41,42,70.3,69.6,2.1
Perth-Brisbane,Perth,Brisbane,Virgin Australia,December,141,141,0,80,79,61,62,56.7,56,0
Townsville-Brisbane,Townsville,Brisbane,Qantas,December,143,143,0,88,81,55,62,61.5,56.6,0
Brisbane-Townsville,Brisbane,Townsville,Virgin Australia,December,144,144,0,95,91,49,53,66,63.2,0
Townsville-Brisbane,Townsville,Brisbane,Virgin Australia,December,144,143,1,96,94,47,49,67.1,65.7,0.7
Brisbane-Townsville,Brisbane,Townsville,Qantas,December,145,145,0,83,79,62,66,57.2,54.5,0
Canberra-Melbourne,Canberra,Melbourne,Qantas,December,145,134,11,83,84,51,50,61.9,62.7,7.6
Brisbane-Cairns,Brisbane,Cairns,Virgin Australia,December,146,146,0,99,99,47,47,67.8,67.8,0
Cairns-Brisbane,Cairns,Brisbane,Virgin Australia,December,146,146,0,91,110,55,36,62.3,75.3,0
Adelaide-Sydney,Adelaide,Sydney,Jetstar,December,148,141,7,96,95,45,46,68.1,67.4,4.7
Brisbane-Cairns,Brisbane,Cairns,Qantas,December,148,147,1,88,87,59,60,59.9,59.2,0.7
Rockhampton-Brisbane,Rockhampton,Brisbane,Virgin Australia,December,148,148,0,102,89,46,59,68.9,60.1,0
Brisbane-Rockhampton,Brisbane,Rockhampton,Virgin Australia,December,149,149,0,97,99,52,50,65.1,66.4,0
Port Lincoln-Adelaide,Port Lincoln,Adelaide,Rex Airlines,December,149,139,10,108,107,31,32,77.7,77,6.7
Sydney-Adelaide,Sydney,Adelaide,Jetstar,December,149,141,8,90,95,51,46,63.8,67.4,5.4
Adelaide-Port Lincoln,Adelaide,Port Lincoln,Rex Airlines,December,150,140,10,109,107,31,33,77.9,76.4,6.7
Cairns-Brisbane,Cairns,Brisbane,Qantas,December,150,145,5,80,82,65,63,55.2,56.6,3.3
Brisbane-Perth,Brisbane,Perth,Qantas,December,161,159,2,119,118,40,41,74.8,74.2,1.2
Perth-Brisbane,Perth,Brisbane,Qantas,December,161,160,1,126,136,34,24,78.8,85,0.6
Brisbane-Melbourne,Brisbane,Melbourne,Jetstar,December,163,158,5,104,113,54,45,65.8,71.5,3.1
Melbourne-Brisbane,Melbourne,Brisbane,Jetstar,December,164,159,5,95,107,64,52,59.7,67.3,3
Rockhampton-Brisbane,Rockhampton,Brisbane,Qantas,December,165,160,5,111,98,49,62,69.4,61.3,3
Adelaide-Brisbane,Adelaide,Brisbane,Qantas,December,166,165,1,119,127,46,38,72.1,77,0.6
Brisbane-Adelaide,Brisbane,Adelaide,Qantas,December,166,163,3,107,100,56,63,65.6,61.3,1.8
Brisbane-Rockhampton,Brisbane,Rockhampton,Qantas,December,168,166,2,110,110,56,56,66.3,66.3,1.2
Perth-Sydney,Perth,Sydney,Virgin Australia,December,173,173,0,126,145,47,28,72.8,83.8,0
Adelaide-Sydney,Adelaide,Sydney,Virgin Australia,December,174,173,1,120,135,53,38,69.4,78,0.6
Sydney-Adelaide,Sydney,Adelaide,Virgin Australia,December,174,172,2,124,121,48,51,72.1,70.3,1.1
Melbourne-Hobart,Melbourne,Hobart,Jetstar,December,189,189,0,136,140,53,49,72,74.1,0
Sydney-Perth,Sydney,Perth,Virgin Australia,December,190,190,0,135,136,55,54,71.1,71.6,0
Hobart-Melbourne,Hobart,Melbourne,Jetstar,December,191,191,0,115,121,76,70,60.2,63.4,0
Perth-Sydney,Perth,Sydney,Qantas,December,201,197,4,127,151,70,46,64.5,76.6,2
Canberra-Sydney,Canberra,Sydney,Virgin Australia,December,203,200,3,165,166,35,34,82.5,83,1.5
Sydney-Perth,Sydney,Perth,Qantas,December,203,200,3,113,100,87,100,56.5,50,1.5
Sydney-Canberra,Sydney,Canberra,Virgin Australia,December,204,201,3,170,175,31,26,84.6,87.1,1.5
Melbourne-Perth,Melbourne,Perth,Qantas,December,205,200,5,139,119,61,81,69.5,59.5,2.4
Perth-Melbourne,Perth,Melbourne,Qantas,December,205,199,6,119,149,80,50,59.8,74.9,2.9
Sydney-Brisbane,Sydney,Brisbane,Jetstar,December,232,228,4,142,153,86,75,62.3,67.1,1.7
Brisbane-Sydney,Brisbane,Sydney,Jetstar,December,234,228,6,140,140,88,88,61.4,61.4,2.6
Adelaide-Sydney,Adelaide,Sydney,Qantas,December,240,233,7,159,181,74,52,68.2,77.7,2.9
Sydney-Adelaide,Sydney,Adelaide,Qantas,December,240,236,4,178,169,58,67,75.4,71.6,1.7
Melbourne-Perth,Melbourne,Perth,Virgin Australia,December,243,243,0,188,167,55,76,77.4,68.7,0
Canberra-Sydney,Canberra,Sydney,Qantas,December,248,244,4,174,172,70,72,71.3,70.5,1.6
Melbourne-Gold Coast,Melbourne,Gold Coast,Jetstar,December,248,244,4,180,196,64,48,73.8,80.3,1.6
Sydney-Canberra,Sydney,Canberra,Qantas,December,248,244,4,180,185,64,59,73.8,75.8,1.6
Gold Coast-Melbourne,Gold Coast,Melbourne,Jetstar,December,249,245,4,200,209,45,36,81.6,85.3,1.6
Adelaide-Melbourne,Adelaide,Melbourne,Qantas,December,250,243,7,192,202,51,41,79,83.1,2.8
Melbourne-Adelaide,Melbourne,Adelaide,Qantas,December,251,244,7,176,186,68,58,72.1,76.2,2.8
Perth-Melbourne,Perth,Melbourne,Virgin Australia,December,252,252,0,174,208,78,44,69,82.5,0
Gold Coast-Sydney,Gold Coast,Sydney,Jetstar,December,258,251,7,200,205,51,46,79.7,81.7,2.7
Sydney-Gold Coast,Sydney,Gold Coast,Jetstar,December,258,252,6,200,204,52,48,79.4,81,2.3
Melbourne-Adelaide,Melbourne,Adelaide,Virgin Australia,December,259,259,0,203,171,56,88,78.4,66,0
Adelaide-Melbourne,Adelaide,Melbourne,Virgin Australia,December,260,259,1,191,203,68,56,73.7,78.4,0.4
Gold Coast-Melbourne,Gold Coast,Melbourne,Virgin Australia,December,335,333,2,247,267,86,66,74.2,80.2,0.6
Melbourne-Gold Coast,Melbourne,Gold Coast,Virgin Australia,December,335,333,2,263,284,70,49,79,85.3,0.6
Sydney-Gold Coast,Sydney,Gold Coast,Virgin Australia,December,338,336,2,254,245,82,91,75.6,72.9,0.6
Gold Coast-Sydney,Gold Coast,Sydney,Virgin Australia,December,341,336,5,247,254,89,82,73.5,75.6,1.5
Brisbane-Melbourne,Brisbane,Melbourne,Qantas,December,343,330,13,232,231,98,99,70.3,70,3.8
Melbourne-Brisbane,Melbourne,Brisbane,Qantas,December,345,332,13,227,246,105,86,68.4,74.1,3.8
Brisbane-Melbourne,Brisbane,Melbourne,Virgin Australia,December,426,423,3,296,283,127,140,70,66.9,0.7
Melbourne-Brisbane,Melbourne,Brisbane,Virgin Australia,December,431,427,4,357,344,70,83,83.6,80.6,0.9
Sydney-Brisbane,Sydney,Brisbane,Virgin Australia,December,441,436,5,332,334,104,102,76.1,76.6,1.1
Brisbane-Sydney,Brisbane,Sydney,Virgin Australia,December,451,446,5,318,309,128,137,71.3,69.3,1.1
Melbourne-Sydney,Melbourne,Sydney,Jetstar,December,473,463,10,338,358,125,105,73,77.3,2.1
Sydney-Melbourne,Sydney,Melbourne,Jetstar,December,473,464,9,335,349,129,115,72.2,75.2,1.9
Brisbane-Sydney,Brisbane,Sydney,Qantas,December,486,482,4,360,344,122,138,74.7,71.4,0.8
Sydney-Brisbane,Sydney,Brisbane,Qantas,December,490,481,9,309,315,172,166,64.2,65.5,1.8
Sydney-Melbourne,Sydney,Melbourne,Virgin Australia,December,723,713,10,528,542,185,171,74.1,76,1.4
Melbourne-Sydney,Melbourne,Sydney,Virgin Australia,December,729,720,9,566,522,154,198,78.6,72.5,1.2
Melbourne-Sydney,Melbourne,Sydney,Qantas,December,739,696,43,513,488,183,208,73.7,70.1,5.8
Sydney-Melbourne,Sydney,Melbourne,Qantas,December,739,698,41,481,505,217,193,68.9,72.3,5.5
